ticker,gvkeys,n_rdq,max_gap_days
AAPL,1,40,98.0
ABBV,1,40,104.0
ADBE,1,40,103.0
AMD,1,40,103.0
AMGN,1,40,99.0
AMT,1,40,124.0
AMZN,1,40,98.0
AVGO,1,40,104.0
AXP,1,40,105.0
BA,1,40,98.0
BAC,1,40,97.0
BLK,1,40,96.0
C,1,40,96.0
CAT,1,40,103.0
CMCSA,1,40,100.0
COP,1,40,98.0
COST,1,40,133.0
CRM,1,40,105.0
CSCO,1,40,99.0
CVX,1,40,98.0
DE,1,40,104.0
DIS,1,40,100.0
DUK,1,40,109.0
GE,1,40,102.0
GS,1,40,97.0
HD,1,40,105.0
HON,1,40,106.0
JNJ,1,40,105.0
JPM,1,40,96.0
KO,1,40,114.0
LLY,1,40,105.0
LMT,1,40,100.0
LOW,1,40,105.0
MA,1,40,97.0
MCD,1,40,104.0
META,1,40,100.0
MRK,1,40,100.0
MS,1,40,97.0
MSFT,1,40,98.0
NEE,1,40,98.0
NFLX,1,40,98.0
NKE,1,40,100.0
NVDA,1,40,98.0
ORCL,1,40,98.0
PEP,1,40,139.0
PFE,1,40,98.0
PG,1,40,104.0
SO,1,40,114.0
T,1,40,99.0
TMO,1,40,103.0
TSLA,1,40,119.0
UNH,1,40,103.0
V,1,40,101.0
WFC,1,40,96.0
WMT,1,40,98.0
XOM,1,40,98.0
