model,feature_set,scheme,horizon,universe,n_periods,sharpe,mean_period,ann_return_arith,ann_vol,final_dollars,share_flat,avg_turnover,long_leg_mean,short_leg_mean,skew,kurt,never_trades,sharpe_family,sr0_family,dsr,clears_sr0,dsr_sensitivity,clears_sr0_sensitivity
ElasticNet,A,expanding,1,stocks,1701,,0.0,0.0,0.0,1000.0,1.0,0.0,0.0,0.0,,,True,0.0,0.631421088381362,,False,,False
ElasticNet,A,expanding,1,all_names,1701,,0.0,0.0,0.0,1000.0,1.0,0.0,0.0,0.0,,,True,,,,,,
ElasticNet,A,rolling_9m_3m,1,stocks,2016,0.48768682494311927,0.00036499826388888953,0.09197956250000017,0.18860374690402615,1809.8734813598014,0.59375,0.3702050264550264,0.0008237015542328048,0.0004228773974867723,-0.1554508308448083,15.743271850167403,False,0.48768682494311927,0.631421088381362,0.34282185472177684,False,0.35038480286338947,False
ElasticNet,A,rolling_9m_3m,1,all_names,2016,0.5117024220200432,0.0003750491898148153,0.09451239583333346,0.18470187313209832,1857.7203980677546,0.59375,0.363260582010582,0.0008289847883597889,0.0004186305390211639,-0.1541196291206112,16.683465734937652,False,,,,,,
OLS,A,expanding,1,stocks,1701,0.20402591578614068,0.00025842475014697225,0.06512303703703701,0.31919002439522814,1100.6659314128128,0.0,1.0299823633156966,0.001339987458357829,0.0009844727611209097,0.07140271766352707,6.735531872850947,False,0.20402591578614068,0.631421088381362,0.13340110131365335,False,0.13751534833391105,False
OLS,A,expanding,1,all_names,1701,0.18054788642959932,0.00022753360768175586,0.057338469135802476,0.3175803952607352,1047.9061652951104,0.0,1.0388007054673722,0.00133845443856555,0.0010131695081324714,0.06662583593532323,6.8154744002319925,False,,,,,,
OLS,A,rolling_9m_3m,1,stocks,2016,-0.04242182208423211,-4.882506613756566e-05,-0.012303916666666546,0.29003743974589496,645.7088825473854,0.0,0.8599537037037036,0.001159831597222223,0.001124318865740741,-0.5015866296945399,9.348831294238144,False,-0.04242182208423211,0.631421088381362,0.028279276786471932,False,0.029639613668261157,False
OLS,A,rolling_9m_3m,1,all_names,2016,-0.026313537677350122,-3.023991402116351e-05,-0.007620458333333205,0.28960219742298887,671.050157985295,0.0,0.8665674603174603,0.0011686243386243393,0.0011140304232804235,-0.5033225833057897,9.35987595942984,False,,,,,,
XGBoost,A,expanding,1,stocks,1701,0.29407853011873464,0.0002571703101526151,0.064806918158459,0.22037283079554673,1313.950638647753,0.1422692533803645,1.8078946706000625,0.001006713608185072,0.0005969327305426181,-0.32649518003205386,8.27499331849385,False,0.29407853011873464,0.631421088381362,0.19125650167597874,False,0.19643110919124007,False
XGBoost,A,expanding,1,all_names,1701,0.3146918692483062,0.00026988501770641244,0.06801102446201593,0.21611942063985182,1351.1523280321096,0.14168136390358613,1.7915290795222387,0.0009992483935386126,0.0005779685631994527,-0.3255024375030089,8.615081622356318,False,,,,,,
XGBoost,A,rolling_9m_3m,1,stocks,2016,0.10415594660341522,8.474916233472205e-05,0.021356788908349956,0.2050462753669571,1002.8321424110147,0.12797619047619047,1.8705611388934262,0.0009133832021472418,0.0006710398946827386,0.10165352923506628,7.351624463435085,False,0.10415594660341522,0.631421088381362,0.06792726185211319,False,0.07066924116279813,False
XGBoost,A,rolling_9m_3m,1,all_names,2016,0.1360650871605905,0.00011029990960539636,0.02779557722055988,0.20428147881722386,1057.1506076981716,0.12351190476190477,1.8853831832334444,0.0009056747764316295,0.000636580491273445,0.09082005210209253,7.3867832293460784,False,,,,,,
ElasticNet,B,expanding,1,stocks,1701,0.18435185728734702,5.069380756417784e-05,0.012774839506172815,0.06929596313348137,1072.4783727490926,0.9629629629629629,0.09210268469527727,7.063198118753673e-06,-5.12731726435429e-05,-0.9539880966367531,99.26386820135106,False,0.18435185728734702,0.631421088381362,0.12447328058669233,False,0.12836654161219507,False
ElasticNet,B,expanding,1,all_names,1701,0.24093680309233503,6.494885361552023e-05,0.0163671111111111,0.06793113754746166,1099.5135426599004,0.9629629629629629,0.09190672153635115,7.063198118753697e-06,-6.55135214579658e-05,-0.662208272561462,96.64684833247397,False,,,,,,
ElasticNet,B,rolling_9m_3m,1,stocks,2016,0.4611464930928057,0.00025793965340765974,0.06500079265873025,0.14095475869887805,1553.49552393428,0.75,0.23426083396321495,0.00035810164517195817,7.763211175673977e-05,0.054513690144813554,20.62921038908446,False,0.4611464930928057,0.631421088381362,0.3153025697681675,False,0.32264147079193867,False
ElasticNet,B,rolling_9m_3m,1,all_names,2016,0.4675691392022958,0.00025010040804516277,0.06302530282738102,0.1347935471851423,1539.624043100662,0.75,0.23032997921390777,0.00035664769345238127,8.431221950585802e-05,0.14351587435477972,21.061155264884373,False,,,,,,
OLS,B,expanding,1,stocks,1701,0.44660304158595326,0.0005329166176758772,0.13429498765432105,0.3007032535591781,1823.512015878536,0.0,1.5855379188712522,0.0015205410542817955,0.0008488678228493046,-0.1395030993247449,5.0486757436905085,False,0.44660304158595326,0.631421088381362,0.3160049047310516,False,0.32274211370995204,False
OLS,B,expanding,1,all_names,1701,0.4275742951811073,0.0005052354497354499,0.12731933333333337,0.2977712523139513,1750.0806081544497,0.0,1.6137566137566135,0.0015205938663531264,0.0008744854007446604,-0.12934314423877458,5.071408450866363,False,,,,,,
OLS,B,rolling_9m_3m,1,stocks,2016,0.2758243152941316,0.00029270180224867616,0.07376085416666639,0.2674196946270303,1354.338352133588,0.0,1.6729497354497351,0.0013297960482804236,0.0008917817460317472,-0.17498704613782023,9.168309703483855,False,0.2758243152941316,0.631421088381362,0.15776245860997018,False,0.16276496072076302,False
OLS,B,rolling_9m_3m,1,all_names,2016,0.30041771833238246,0.00031541865079364975,0.07948549999999974,0.26458326240284175,1426.402839642272,0.0,1.7022156084656082,0.0013172690145502647,0.0008543429232804244,-0.18274358617658457,8.958827756161647,False,,,,,,
XGBoost,B,expanding,1,stocks,1701,0.14542188747206547,0.00013261287819088568,0.03341844530410319,0.22980340776090288,1048.5960421185853,0.03115814226925338,2.296194952821853,0.001237839350974809,0.0009137887985895312,0.048382509974577666,5.907147859138155,False,0.14542188747206547,0.631421088381362,0.10338328210674014,False,0.10682276773504129,False
XGBoost,B,expanding,1,all_names,1701,0.2076693135010809,0.00018604138282326754,0.04688242847146342,0.2257552051435823,1155.5224759211314,0.027630805408583186,2.3007895105616054,0.0012472889884970815,0.0008693953528064669,0.044472159859543156,5.964669713162864,False,,,,,,
XGBoost,B,rolling_9m_3m,1,stocks,2016,0.5543574272731292,0.000466144133298616,0.11746832159125123,0.2118999688866353,2138.102227844094,0.018353174603174604,2.4141449444836893,0.0013584637216862208,0.0006917815979998038,-0.10924367403612059,5.264578538482338,False,0.5543574272731292,0.631421088381362,0.4139640230373628,False,0.4219781003927444,False
XGBoost,B,rolling_9m_3m,1,all_names,2016,0.5470868239662015,0.00045884130242467393,0.11562800821101783,0.2113522079964427,2108.891809730027,0.004464285714285714,2.444179720716741,0.0013820019256348096,0.0007200944514126154,-0.09024876732987608,5.031980564137917,False,,,,,,
ElasticNet,C,expanding,1,stocks,1701,,0.0,0.0,0.0,1000.0,1.0,0.0,0.0,0.0,,,True,0.0,0.631421088381362,,False,,False
ElasticNet,C,expanding,1,all_names,1701,,0.0,0.0,0.0,1000.0,1.0,0.0,0.0,0.0,,,True,,,,,,
ElasticNet,C,rolling_9m_3m,1,stocks,2016,0.27788296164285425,0.00017975440917107638,0.04529811111111125,0.16301147376329647,1291.7323692712512,0.65625,0.3521274250440917,0.0003642326802248685,0.00015124827766754863,-0.0973206468494224,17.308432103750846,False,0.27788296164285425,0.631421088381362,0.15908246152572803,False,0.16411388092583656,False
ElasticNet,C,rolling_9m_3m,1,all_names,2016,0.2793073240733826,0.00017414726631393348,0.043885111111111236,0.15712123288102994,1286.9618379553717,0.65625,0.34391534391534395,0.00036254327876984196,0.00015578192515432114,-0.02302185948246559,17.7885588041111,False,,,,,,
OLS,C,expanding,1,stocks,1701,0.1975895532825696,0.00023658034489516014,0.05961824691358036,0.3017277276209096,1098.9451503220826,0.0,1.7291789143640994,0.0013347010582010592,0.0009485910248873217,-0.162644863254656,8.026335625582703,False,0.1975895532825696,0.631421088381362,0.1301876841177304,False,0.13422779673937985,False
OLS,C,expanding,1,all_names,1701,0.17770780653119939,0.00021246306094454263,0.05354069135802474,0.3012849711170389,1055.722172563038,0.0,1.747599451303155,0.0013213192239858915,0.0009579449343523424,-0.16256261967379793,8.070848370451712,False,,,,,,
OLS,C,rolling_9m_3m,1,stocks,2016,0.2183960353706677,0.00023451273148148092,0.05909720833333319,0.2705965254040981,1196.4379430106458,0.0,1.5783730158730158,0.0012821178075396828,0.0009093858300264555,-0.12774952296034073,7.831940393231257,False,0.2183960353706677,0.631421088381362,0.12166410014349865,False,0.12586589941820625,False
OLS,C,rolling_9m_3m,1,all_names,2016,0.23874198338495728,0.00025357977843915307,0.06390210416666657,0.2676617797198586,1251.30959129452,0.0,1.5983796296296295,0.001295555968915344,0.0009022564484126992,-0.10627325803510734,8.039420539677863,False,,,,,,
XGBoost,C,expanding,1,stocks,1701,0.09436989892362155,8.2830146765541e-05,0.020873196984916333,0.22118490348082384,975.5876349824003,0.09700176366843033,2.1675273304733813,0.001056587966632679,0.0007932766384083889,-0.33380122283783364,6.275162702417622,False,0.09436989892362155,0.631421088381362,0.08173804199764395,False,0.08462857059949042,False
XGBoost,C,expanding,1,all_names,1701,0.1641247556095715,0.00014206301466966305,0.03579987969675509,0.21812601983041308,1083.9791803782407,0.08700764256319812,2.19251461942171,0.0010783859199208748,0.0007537693810676624,-0.3124560469909356,6.194365075754634,False,,,,,,
XGBoost,C,rolling_9m_3m,1,stocks,2016,0.5507806152865747,0.0004734341067279093,0.11930539489543314,0.2166114630475108,2153.492196801391,0.11259920634920635,2.134751227037679,0.001297375174188701,0.0006462275668287834,0.2454697110926381,7.8019129583327995,False,0.5507806152865747,0.631421088381362,0.40952369872553607,False,0.4175649183496309,False
XGBoost,C,rolling_9m_3m,1,all_names,2016,0.5822073194462257,0.0004926641157529218,0.12415135716973628,0.21324252207585526,2251.638471557763,0.10863095238095238,2.1484117462808507,0.0013001241066252108,0.0006286432160992599,0.26742415921953616,7.656463687298483,False,,,,,,
ElasticNet,D,expanding,1,stocks,1701,,0.0,0.0,0.0,1000.0,1.0,0.0,0.0,0.0,,,True,0.0,0.631421088381362,,False,,False
ElasticNet,D,expanding,1,all_names,1701,,0.0,0.0,0.0,1000.0,1.0,0.0,0.0,0.0,,,True,,,,,,
ElasticNet,D,rolling_9m_3m,1,stocks,2016,0.023546312639249896,1.5915535717092983e-05,0.004010715000707432,0.17033303949349068,919.3820808320853,0.625,0.6010015781360883,0.000387486778741559,0.0003190556484737832,-0.05823334063368429,14.730903617966684,False,0.023546312639249896,0.631421088381362,0.04282336604058743,False,0.04473059993119251,False
ElasticNet,D,rolling_9m_3m,1,all_names,2016,-0.0018241060096043536,-1.1994126144747138e-06,-0.00030225197884762786,0.16569869144457564,893.7764000349159,0.625,0.5981924528454726,0.000383519348349096,0.0003324138508096841,-0.02957780332393886,14.866697687903164,False,,,,,,
OLS,D,expanding,1,stocks,1701,0.04193980235406667,4.795776993925121e-05,0.012085358024691305,0.2881596322906719,819.3707117117909,0.0,1.8769351361943951,0.0010262922790515389,0.000817723104056438,-0.14349400054381464,5.411085814647812,False,0.04193980235406667,0.631421088381362,0.06291299539934196,False,0.06528285615209901,False
OLS,D,expanding,1,all_names,1701,0.06930819982448339,7.837595532039977e-05,0.019750740740740742,0.2849697552491288,868.3672611366629,0.0,1.8935920047031158,0.00103168802665099,0.0007914514011365867,-0.10669437483611034,5.209610858435338,False,,,,,,
OLS,D,rolling_9m_3m,1,stocks,2016,-0.1810406521857014,-0.00018833821097883613,-0.0474612291666667,0.2621578556731205,519.0087182339183,0.0,1.7723214285714286,0.0011210741567460319,0.0011566469907407409,-0.31579446638411546,7.238649824516716,False,-0.1810406521857014,0.631421088381362,0.010686412885712803,False,0.011282473553370502,False
OLS,D,rolling_9m_3m,1,all_names,2016,-0.15225420378272342,-0.0001576891534391536,-0.03973766666666671,0.26099553036561757,553.6038677180311,0.0,1.7883597883597881,0.0011135477017195766,0.0011172686011904763,-0.23116871086294602,7.020921823850211,False,,,,,,
XGBoost,D,expanding,1,stocks,1701,-0.10171334079105782,-9.586541108538077e-05,-0.024158083593515955,0.23751145528827058,701.9383975067731,0.10993533215755438,1.5849442233744109,0.0009200837395224258,0.0008794183206038835,-0.19812792118890593,6.716075526367444,False,-0.10171334079105782,0.631421088381362,0.02836839965522509,False,0.029619077564018787,False
XGBoost,D,expanding,1,all_names,1701,-0.09536350410715397,-8.819348024192052e-05,-0.02222475702096397,0.2330530660449663,716.2246327525437,0.10993533215755438,1.5917209478931598,0.0009245428053191734,0.0008756972012182646,-0.206902620213132,6.659915343617872,False,,,,,,
XGBoost,D,rolling_9m_3m,1,stocks,2016,0.3577490555123665,0.0002970423309507764,0.07485466739959565,0.2092379176022957,1527.5810070751536,0.1423611111111111,1.8362929297882313,0.0011451965847232046,0.0006934156394174995,-0.015192392768706858,7.115757325633362,False,0.3577490555123665,0.631421088381362,0.2196319517257604,False,0.22576347648991296,False
XGBoost,D,rolling_9m_3m,1,all_names,2016,0.3095997844129399,0.0002556611272501358,0.06442660406703422,0.20809641127237644,1407.989248225472,0.1359126984126984,1.8509658230504855,0.001135037532629952,0.0007234093793338216,-0.023715447391826152,7.139029147623106,False,,,,,,
ElasticNet,candidate_6,expanding,1,stocks,1701,0.17432416156972605,0.00013902890456594184,0.03503528395061734,0.20097778549535122,1104.7236455327272,0.5925925925925926,0.4493435234175974,0.0004801664707035082,0.000299353321575544,-0.46729149480754417,12.075607746915324,False,0.17432416156972605,0.631421088381362,0.11820803092579169,False,0.12198035714595384,False
ElasticNet,candidate_6,expanding,1,all_names,1701,0.1989853672581872,0.0001565081324710957,0.039440049382716114,0.19820577726975233,1142.4219697975345,0.5925925925925926,0.45091122868900646,0.00048016647070350815,0.00028175651577503437,-0.4114138604097017,12.028493814043303,False,,,,,,
ElasticNet,candidate_6,rolling_9m_3m,1,stocks,2016,0.07338234983204478,4.969480268959485e-05,0.012523090277777902,0.17065534568517307,983.6528004843956,0.5625,0.4422398589065255,0.0005317570271164023,0.0004402136794532625,-0.19304727238466451,11.783176739757701,False,0.07338234983204478,0.631421088381362,0.057371146326095177,False,0.05977506464459127,False
ElasticNet,candidate_6,rolling_9m_3m,1,all_names,2016,0.12743283169516956,8.468634259259306e-05,0.02134095833333345,0.1674682893681817,1060.217094156347,0.5625,0.4446097883597883,0.0005478540839947093,0.0004211414517195764,-0.08359574096878057,11.644804025402768,False,,,,,,
OLS,candidate_6,expanding,1,stocks,1701,0.4429607117038366,0.0005715445816186548,0.144029234567901,0.3251512623182684,1847.9353361631468,0.0,0.7650401724475797,0.0013926932196747016,0.0007439293552812084,-0.25603183640295674,5.326627873026095,False,0.4429607117038366,0.631421088381362,0.3129352130947359,False,0.3196339661749772,False
OLS,candidate_6,expanding,1,all_names,1701,0.42577646044636486,0.000547827748383303,0.13805259259259237,0.32423725926009217,1778.5182032117114,0.0,0.7854203409758965,0.0013908989809915738,0.0007643234371938087,-0.24862274583348162,5.357587020983811,False,,,,,,
OLS,candidate_6,rolling_9m_3m,1,stocks,2016,0.20299708643754236,0.00023816848544973502,0.060018458333333226,0.2956616737048567,1137.0137266152485,0.0,0.8898809523809522,0.0013490722552910053,0.001024321428571429,-0.4289608666961503,7.841273289751971,False,0.20299708643754236,0.631421088381362,0.11352585578436158,False,0.1175209507495581,False
OLS,candidate_6,rolling_9m_3m,1,all_names,2016,0.21880693359066697,0.0002560998677248674,0.06453716666666659,0.29495028154546277,1180.8384931670919,0.0,0.9041005291005291,0.0013479791666666666,0.0010042304894179895,-0.43526772613679643,7.901293760021012,False,,,,,,
XGBoost,candidate_6,expanding,1,stocks,1701,0.035254681357608404,3.363508426145047e-05,0.008476041233885519,0.24042314119671604,870.9191833855242,0.0005878894767783657,1.9963672516369535,0.0011773899024950965,0.0009741976689933502,-0.17879297655715226,4.803537284341723,False,0.035254681357608404,0.631421088381362,0.0607967698496822,False,0.06310453912355476,False
XGBoost,candidate_6,expanding,1,all_names,1701,0.0977713069744715,9.200453623919835e-05,0.023185143132277982,0.23713647541125457,967.005654178812,0.0005878894767783657,2.0084019494742344,0.0011871611060083477,0.0009246968181910575,-0.15903626567498338,4.739872755662646,False,,,,,,
XGBoost,candidate_6,rolling_9m_3m,1,stocks,2016,0.5424196159345883,0.0004530144813489496,0.1141596492999353,0.21046371839491534,2087.130264485628,0.000992063492063492,2.2586330576125566,0.0013589803783790142,0.0007167468316672984,-0.16095353076574542,6.191546751353723,False,0.5424196159345883,0.631421088381362,0.40098683825138104,False,0.4089336467392688,False
XGBoost,candidate_6,rolling_9m_3m,1,all_names,2016,0.5316305780344887,0.00044094806922759873,0.11111891344535488,0.2090152787226363,2041.932753921098,0.000992063492063492,2.2641700606020434,0.001367165474552904,0.0007365830647383275,-0.16568791805990607,6.291173020116554,False,,,,,,
ElasticNet,repr_bkm,expanding,1,stocks,1701,,0.0,0.0,0.0,1000.0,1.0,0.0,0.0,0.0,,,True,0.0,0.631421088381362,,False,,False
ElasticNet,repr_bkm,expanding,1,all_names,1701,,0.0,0.0,0.0,1000.0,1.0,0.0,0.0,0.0,,,True,,,,,,
ElasticNet,repr_bkm,rolling_9m_3m,1,stocks,2016,0.4891831240015809,0.00036607630621693176,0.09225122916666681,0.18858219885436744,1813.8717559264799,0.59375,0.3723544973544973,0.0008158215939153444,0.0004137581845238094,-0.1542528209478106,15.751919091395628,False,0.4891831240015809,0.631421088381362,0.3443720838737796,False,0.35194754407696605,False
ElasticNet,repr_bkm,rolling_9m_3m,1,all_names,2016,0.5053605724800619,0.0003703110119047624,0.09331837500000012,0.18465701537031134,1840.185065209941,0.59375,0.3647486772486772,0.0008211048280423284,0.00041537714947089934,-0.1544628307067737,16.704469161524024,False,,,,,,
OLS,repr_bkm,expanding,1,stocks,1701,0.21626494662089862,0.0002730678032529881,0.068813086419753,0.31818881189460085,1130.9949613944548,0.0,1.0785812267293748,0.0013984866745051939,0.0010246840094062324,0.10154935543956092,7.046515306387461,False,0.21626494662089862,0.631421088381362,0.140319428954659,False,0.1445779851790916,False
OLS,repr_bkm,expanding,1,all_names,1701,0.20457122325173552,0.0002579367038996668,0.06500004938271603,0.31773799046374235,1103.3184812291486,0.0,1.0830883793846755,0.0013989064275916135,0.001039896825396826,0.10163600973857362,7.068521423089557,False,,,,,,
OLS,repr_bkm,rolling_9m_3m,1,stocks,2016,-0.05960134682204224,-6.870973875661312e-05,-0.017314854166666505,0.2905111224812623,619.7147496138741,0.0,0.9513888888888887,0.0011652067625661383,0.001142721064814815,-0.4713688781603403,9.305561701803832,False,-0.05960134682204224,0.631421088381362,0.02524880844778969,False,0.02648716950501829,False
OLS,repr_bkm,rolling_9m_3m,1,all_names,2016,-0.03745145672864216,-4.3082258597882865e-05,-0.010856729166666482,0.28988803413789416,653.5077555525279,0.0,0.9561838624338623,0.0011738630952380959,0.0011253902943121695,-0.4842470599595951,9.310742463451309,False,,,,,,
XGBoost,repr_bkm,expanding,1,stocks,1701,0.513016085001678,0.00043367276200049283,0.10928553602412419,0.21302555459594752,1794.5489736588609,0.11405055849500294,1.8693526149408264,0.0010572097906265104,0.00046575722057083256,0.1974722708799259,7.294159789478614,False,0.513016085001678,0.631421088381362,0.37893997388883427,False,0.38616780566999864,False
XGBoost,repr_bkm,expanding,1,all_names,1701,0.5470130545789721,0.0004555511062122348,0.11479887876548317,0.20986497087138475,1870.9868385820116,0.11405055849500294,1.871574588549641,0.0010689605532771256,0.00045546299098904447,0.20710161099304478,7.579611535263192,False,,,,,,
XGBoost,repr_bkm,rolling_9m_3m,1,stocks,2016,0.09892963005901624,8.189238769267753e-05,0.020636881698554738,0.20860162608759233,990.7421438934531,0.11259920634920635,1.9937648697306836,0.0009394651206745666,0.0006904332091479051,-0.20557729594080895,8.78070119911024,False,0.09892963005901624,0.631421088381362,0.0661981271767243,False,0.06888367174688818,False
XGBoost,repr_bkm,rolling_9m_3m,1,all_names,2016,0.1482051011132144,0.00012126009097752695,0.03055754292633679,0.2061841508612702,1076.9953150047775,0.11011904761904762,2.0063215207689504,0.0009462094218732058,0.0006568188487352108,-0.15467076410300215,8.45191414759696,False,,,,,,
ElasticNet,repr_grid,expanding,1,stocks,1701,0.22218864568026905,0.00010154595336076832,0.025589580246913615,0.11517051273509805,1136.2125062814623,0.8888888888888888,0.12522045855379185,0.00023950578091318857,0.00012636370762296692,-1.1181292506906115,39.39813347795537,False,0.22218864568026905,0.631421088381362,0.1460081802085822,False,0.15034094250874203,False
ElasticNet,repr_grid,expanding,1,all_names,1701,0.2295821746317973,9.957231040564397e-05,0.02509222222222228,0.10929516746003934,1137.531095433286,0.8888888888888888,0.12443660591808742,0.00023950578091318854,0.00012839613952576916,-0.985084449181714,38.736182481390244,False,,,,,,
ElasticNet,repr_grid,rolling_9m_3m,1,stocks,2016,0.354029799457473,0.00031133837632275224,0.07845727083333356,0.221612053430429,1538.343930692376,0.53125,0.4748677248677248,0.000784250909391535,0.0004279968584656082,-0.22409885768621202,11.239627152685484,False,0.354029799457473,0.631421088381362,0.21712536235267355,False,0.22320127722816552,False
ElasticNet,repr_grid,rolling_9m_3m,1,all_names,2016,0.3704585699908273,0.00031560648148148225,0.07953283333333352,0.21468752453291282,1570.5366631565366,0.53125,0.4824735449735449,0.0007877354497354503,0.00042664285714285704,-0.23382202279933223,11.859874761429401,False,,,,,,
OLS,repr_grid,expanding,1,stocks,1701,0.11348691535169976,0.00013305624142661215,0.03353017283950626,0.2954540859234312,933.889460621318,0.0,1.6339408191260043,0.0012551305114638456,0.0009796874387615132,-0.024827083678847225,5.047613201026372,False,0.11348691535169976,0.631421088381362,0.08929926257669213,False,0.09238921254876403,False
OLS,repr_grid,expanding,1,all_names,1701,0.1380588457913877,0.00016022173231432514,0.04037587654320993,0.29245410760726964,984.0469542332994,0.0,1.6531452087007643,0.0012531314912796404,0.0009490825984714877,0.012867447961869869,4.980212423898117,False,,,,,,
OLS,repr_grid,rolling_9m_3m,1,stocks,2016,0.08819987636127166,9.597552910052925e-05,0.02418583333333337,0.2742161818262288,897.151299927305,0.0,1.5590277777777777,0.0011887440476190483,0.0009560001653439156,-0.2987287540066983,8.601517157042165,False,0.08819987636127166,0.631421088381362,0.062421103659028775,False,0.0649871155975309,False
OLS,repr_grid,rolling_9m_3m,1,all_names,2016,0.1129140285461702,0.00012255026455026459,0.030882666666666676,0.2735060210347455,948.0334860484159,0.0,1.5763888888888886,0.0012073483796296303,0.0009467276785714288,-0.29486884940348457,8.59012518298588,False,,,,,,
XGBoost,repr_grid,expanding,1,stocks,1701,0.5558318427700762,0.000546419313908964,0.13769766710505893,0.2477325991595241,2059.7483920685227,0.03350970017636684,1.749889938990107,0.0013007379326754193,0.0006039004785044266,0.15172208479032276,6.73854163108757,False,0.5558318427700762,0.631421088381362,0.4220395084781795,False,0.4294615794099278,False
XGBoost,repr_grid,expanding,1,all_names,1701,0.549602654462926,0.0005261386191609544,0.1325869320285605,0.2412414331552402,2010.874677268252,0.03292181069958848,1.7514706030266725,0.0012997750451343919,0.0006230880714349207,0.03726315699899529,6.041524890287152,False,,,,,,
XGBoost,repr_grid,rolling_9m_3m,1,stocks,2016,0.0801951127862933,6.603484962862746e-05,0.01664078210641412,0.20750369353253548,962.2936117792933,0.2048611111111111,1.6049216715038408,0.0010201817796547104,0.0008180012394075628,0.49009060159381346,11.886113406989336,False,0.0801951127862933,0.631421088381362,0.0593097164200006,False,0.06178099586669109,False
XGBoost,repr_grid,rolling_9m_3m,1,all_names,2016,0.02043642391093825,1.6531001626315668e-05,0.0041658124098315485,0.20384253272422423,875.9822952170576,0.1939484126984127,1.612626006180224,0.000993906420656465,0.0008404353815169975,0.3729525831245264,11.017463324295893,False,,,,,,
ElasticNet,repr_grid_raw,expanding,1,stocks,1701,-0.1281177409117271,-4.163805604546325e-05,-0.01049279012345674,0.08189958743251848,910.5726578626326,0.9629629629629629,0.045071526553008036,7.83068783068791e-06,4.53535175387026e-05,-2.5108118017563883,103.4965459484751,False,-0.1281177409117271,0.631421088381362,0.023220604148775678,False,0.0242886566028214,False
ElasticNet,repr_grid_raw,expanding,1,all_names,1701,-0.12172380320574241,-3.752841465804418e-05,-0.009457160493827133,0.0776936001403297,919.1046588916392,0.9629629629629629,0.04428767391730355,7.830687830687895e-06,4.130266509896134e-05,-1.9990581573084834,94.41009412382489,False,,,,,,
ElasticNet,repr_grid_raw,rolling_9m_3m,1,stocks,2016,0.256812069659673,0.0002215467923280432,0.055829791666666885,0.21739551314956673,1293.2023523001878,0.53125,0.5672949735449735,0.0006654589947089953,0.0003920644841269837,-0.23234151889816623,11.2241590027825,False,0.256812069659673,0.631421088381362,0.1452662587875802,False,0.1500024175783134,False
ElasticNet,repr_grid_raw,rolling_9m_3m,1,all_names,2016,0.2697492655744225,0.0002278912037037047,0.05742858333333359,0.21289616196374528,1320.1249895357782,0.53125,0.5648148148148148,0.0006628345734126989,0.0003832816633597878,-0.20891521533367016,11.252840238182884,False,,,,,,
OLS,repr_grid_raw,expanding,1,stocks,1701,0.12691598748390892,0.00016067430922986483,0.040489925925925936,0.31902935736177024,931.217091757046,0.0,1.4912796394277874,0.0012091922398589075,0.0009168306878306884,-0.19724607476029363,6.32369738275685,False,0.12691598748390892,0.631421088381362,0.09522149166924787,False,0.09845840641450809,False
OLS,repr_grid_raw,expanding,1,all_names,1701,0.0970403473283728,0.00012191642171271824,0.030722938271604997,0.31659963218847814,876.266253556636,0.0,1.5104840290025474,0.0011910470311581429,0.0009360030374289639,-0.22143950521164574,6.477202880553529,False,,,,,,
OLS,repr_grid_raw,rolling_9m_3m,1,stocks,2016,-0.10622298733928963,-0.00011751372354497366,-0.029613458333333363,0.2787857795671312,577.1857852624506,0.0,1.3308531746031746,0.00106711507936508,0.0010649735449735458,-0.4000701552777865,8.212906120975093,False,-0.10622298733928963,0.631421088381362,0.018373312840399125,False,0.01932166929303364,False
OLS,repr_grid_raw,rolling_9m_3m,1,all_names,2016,-0.1349749840246724,-0.00014918072089947112,-0.03759354166666672,0.278522290173377,541.8065098905735,0.0,1.3439153439153437,0.001064403191137567,0.0010929489914021171,-0.3944732652443737,8.201791978669021,False,,,,,,
XGBoost,repr_grid_raw,expanding,1,stocks,1701,0.25694589752095176,0.00024107195010974238,0.060750131427655084,0.23643160686269152,1247.816809773422,0.07231040564373897,1.8884245917947782,0.001174444439196043,0.0007733341051311316,-0.026654553254688688,5.173889561343817,False,0.25694589752095176,0.631421088381362,0.16545402367719408,False,0.1701954265260872,False
XGBoost,repr_grid_raw,expanding,1,all_names,1701,0.26105592194033317,0.00024223664049254022,0.06104363340412013,0.23383355164060304,1255.5630925794785,0.07231040564373897,1.8840800039691603,0.001176406453410338,0.00077445727304955,0.022617087441234793,5.546480366987849,False,,,,,,
XGBoost,repr_grid_raw,rolling_9m_3m,1,stocks,2016,0.484987468878255,0.0004160476089113406,0.10484399744565782,0.21617877609942232,1918.2489308658646,0.047619047619047616,2.0089547364572167,0.00118661882416399,0.000601003162550482,-0.2005139842697908,7.968395695861564,False,0.484987468878255,0.631421088381362,0.3399944037803534,False,0.3475360618602552,False
XGBoost,repr_grid_raw,rolling_9m_3m,1,all_names,2016,0.5008483392997011,0.000424746877328675,0.10703621308682609,0.21370982927983123,1960.5549378567152,0.04563492063492063,2.0092609231538647,0.001207345681771747,0.0006129684201397645,-0.18385287160079386,8.185884272997,False,,,,,,
ElasticNet,repr_svi,expanding,1,stocks,1701,,0.0,0.0,0.0,1000.0,1.0,0.0,0.0,0.0,,,True,0.0,0.631421088381362,,False,,False
ElasticNet,repr_svi,expanding,1,all_names,1701,,0.0,0.0,0.0,1000.0,1.0,0.0,0.0,0.0,,,True,,,,,,
ElasticNet,repr_svi,rolling_9m_3m,1,stocks,2016,0.08641260670133423,5.544294594149928e-05,0.013971622377257818,0.1616850007261972,1007.391887546688,0.625,0.6141341740475661,0.0003746147549320354,0.0002656712697464924,0.2520164702199623,14.716876621752538,False,0.08641260670133423,0.631421088381362,0.061522929828012655,False,0.0640641294523941,False
ElasticNet,repr_svi,rolling_9m_3m,1,all_names,2016,0.05066950346477682,3.200504107340098e-05,0.008065270350497047,0.159174055378373,963.9754966886625,0.625,0.6125330316015224,0.00037017816117978396,0.0002847926665457926,0.22632735357448192,14.801804617935444,False,,,,,,
OLS,repr_svi,expanding,1,stocks,1701,-0.12290273239153976,-0.00014939770723104053,-0.037648222222222215,0.3063253476113425,564.6381309585853,0.0,1.6351165980795608,0.0009742886537330983,0.0009812113462669017,-0.113261537062169,6.08957838663791,False,-0.12290273239153976,0.631421088381362,0.024997931215795605,False,0.026123563362042235,False
OLS,repr_svi,expanding,1,all_names,1701,-0.11617279717902337,-0.00014016539290613345,-0.035321679012345626,0.30404431906649015,576.2951552155382,0.0,1.6580442876739172,0.0009792144816774448,0.0009751852831667646,-0.11106358556714337,6.164338365919453,False,,,,,,
OLS,repr_svi,rolling_9m_3m,1,stocks,2016,-0.2947182298376674,-0.00032442435515873025,-0.08175493750000003,0.27740034114968437,381.6611389880229,0.0,1.421626984126984,0.0010473150628306884,0.0012452761243386247,-0.24472014636881695,7.167348643543484,False,-0.2947182298376674,0.631421088381362,0.004343441719406716,False,0.004613606547648457,False
OLS,repr_svi,rolling_9m_3m,1,all_names,2016,-0.2789513084580928,-0.00030641608796296303,-0.07721685416666668,0.2768112277138398,396.2802046382075,0.0,1.4356812169312168,0.001041301008597884,0.001220199735449736,-0.25986765311117704,7.154010119711866,False,,,,,,
XGBoost,repr_svi,expanding,1,stocks,1701,0.38426025571995176,0.0003509511901427563,0.08843969991597458,0.23015573065258488,1519.7509693913162,0.19165196942974722,1.783720964548907,0.0009767796372282742,0.00047601072334414653,0.20537703997805115,6.559176326886584,False,0.38426025571995176,0.631421088381362,0.2600171967965911,False,0.2661978564471624,False
XGBoost,repr_svi,expanding,1,all_names,1701,0.45018049416436434,0.0004024217516434569,0.10141028141415115,0.22526582721535127,1671.4055218121275,0.19165196942974722,1.782910735857326,0.000989625890130456,0.00043744718189749613,0.25964615426768506,6.549654511509148,False,,,,,,
XGBoost,repr_svi,rolling_9m_3m,1,stocks,2016,0.39668259454951915,0.0003303136450861422,0.08323903856170783,0.20983788980264134,1631.8133716159764,0.04861111111111111,2.2473515368516477,0.0013329123140418961,0.0008151705400234497,-0.06507516939448674,5.570070413198924,False,0.39668259454951915,0.631421088381362,0.2536649822228321,False,0.2602910327655561,False
XGBoost,repr_svi,rolling_9m_3m,1,all_names,2016,0.4347650494859355,0.00035883515297508903,0.09042645854972244,0.20798925455632267,1733.7331131247984,0.04712301587301587,2.2533345475403803,0.0013239520459440038,0.0007772105125357874,-0.06165403710543825,5.651191753356846,False,,,,,,
ElasticNet,A,expanding,3,stocks,567,0.09034015424871267,0.0002911764275585214,0.024458819914915796,0.27074140085679926,919.6604500744091,0.37037037037037035,1.0457387344512565,0.0024233726812441466,0.002016287894457161,-0.14786200284086015,11.296806179063879,False,0.09034015424871267,0.631421088381362,0.08025897952156547,False,0.0831089737440115,False
ElasticNet,A,expanding,3,all_names,567,0.10634038241475062,0.0003387655458939554,0.028456305855092255,0.2675964220638823,950.2173238552281,0.37037037037037035,1.04809029235837,0.0024407805324694197,0.001985930260503966,-0.16016889672656595,11.630961641378457,False,,,,,,
ElasticNet,A,rolling_9m_3m,3,stocks,672,0.4054727344280001,0.0007612552444971795,0.06394544053776308,0.15770589513983185,1510.5762036349638,0.6875,0.3933531746031746,0.002196143256611905,0.001386785333543297,0.5218606272162921,19.44672756244171,False,0.4054727344280001,0.631421088381362,0.26006647528816695,False,0.2668302258678356,False
ElasticNet,A,rolling_9m_3m,3,all_names,672,0.3904490744874541,0.0007254378113923371,0.060936776156956314,0.1560684353957006,1477.6634224306708,0.6875,0.39186507936507936,0.002196143256611905,0.0014227143737909967,0.5171844809271472,20.010495669417868,False,,,,,,
OLS,A,expanding,3,stocks,567,0.08511538847330169,0.00033467413425380515,0.028112627277319634,0.3302884211841173,835.3975305266792,0.0,1.4074074074074074,0.003625914227346216,0.003126160728013045,-0.029522314659639226,8.3301583353963,False,0.08511538847330169,0.631421088381362,0.07812672832733394,False,0.08092139193056835,False
OLS,A,expanding,3,all_names,567,0.06551717986149198,0.0002575540445880529,0.02163453974539644,0.33021170616826623,799.7517167565529,0.0,1.417989417989418,0.0036259142273462153,0.0032024871668851463,-0.029806901067817484,8.352713156044892,False,,,,,,
OLS,A,rolling_9m_3m,3,stocks,672,0.1796072546967185,0.0006220997971569775,0.05225638296118611,0.2909480635925607,1080.3443789576393,0.0,1.069940476190476,0.0037643735723412288,0.0030025044299461564,-0.23817800461877534,7.15826573450912,False,0.1796072546967185,0.631421088381362,0.10139784509279626,False,0.10508203607061878,False
OLS,A,rolling_9m_3m,3,all_names,672,0.1719276258793486,0.0005948496655814687,0.04996737190884337,0.2906302675516983,1061.592801011116,0.0,1.07390873015873,0.003775172719120484,0.0030402560892533017,-0.22933700600820142,7.166155181854758,False,,,,,,
XGBoost,A,expanding,3,stocks,567,0.20089830854697424,0.0005442172391071688,0.04571424808500218,0.22754919349812855,1143.7924908519303,0.13227513227513227,1.5157371448350692,0.002601704231990133,0.0018921564172748062,0.16575384508161,6.802224218812963,False,0.20089830854697424,0.631421088381362,0.1315298522410669,False,0.135606810833933,False
XGBoost,A,expanding,3,all_names,567,0.21267174789124724,0.0005666395509232327,0.047597722277551546,0.22380839368420163,1165.0957080631795,0.13227513227513227,1.5025188263588625,0.0025951159953764035,0.0018641372427307286,0.1898175322483275,6.9797692427871585,False,,,,,,
XGBoost,A,rolling_9m_3m,3,stocks,672,0.39902973545979237,0.0010825911828853396,0.09093765936236853,0.22789694922756382,1685.6064132906706,0.11011904761904762,1.8055125626206057,0.0035406987004379348,0.0022697249710476593,0.7826116344318603,11.328497108927577,False,0.39902973545979237,0.631421088381362,0.25251059525756236,False,0.25922482982768447,False
XGBoost,A,rolling_9m_3m,3,all_names,672,0.41417247890355363,0.0011167331140128837,0.09380558157708223,0.2264891714326733,1729.2744117269417,0.10863095238095238,1.8059755046832355,0.00353089814377877,0.002225659185508748,0.8231493214966812,11.486281217039059,False,,,,,,
ElasticNet,B,expanding,3,stocks,567,0.7986542245223129,0.003247555916023943,0.2727946969460112,0.34156796341892987,4259.583663091009,0.0,0.7598144882095499,0.004960525838029406,0.001596460025865938,0.30166124315547566,6.312262235567499,False,0.7986542245223129,0.631421088381362,0.6691840331276069,True,0.6760583840790997,True
ElasticNet,B,expanding,3,all_names,567,0.7744549104014078,0.0030537393515623033,0.2565141055312335,0.33121890259341197,3909.011772739383,0.0,0.7545234829185445,0.004960525838029406,0.001790673415724402,0.373828964182578,6.662234381446221,False,,,,,,
ElasticNet,B,rolling_9m_3m,3,stocks,672,0.1256044567943553,0.00033219587915097476,0.02790445384868188,0.2221613353606407,1024.2643952401631,0.40625,0.7807539682539681,0.0023850316477832126,0.0019589369591084286,-0.4935341571980101,10.734841252895782,False,0.1256044567943553,0.631421088381362,0.07715566794755613,False,0.08016321733848913,False
ElasticNet,B,rolling_9m_3m,3,all_names,672,0.12111987025957462,0.0003159422485525695,0.02653914887841584,0.21911473998064243,1018.6684610458805,0.40625,0.7802579365079365,0.002447854424110008,0.002038050568414582,-0.4920494258750277,11.119031467746694,False,,,,,,
OLS,B,expanding,3,stocks,567,0.5638673076274093,0.002178644166080795,0.18300610995078678,0.32455527652564853,2408.363860023407,0.0,1.3686067019400352,0.00452472342381413,0.0021839099455640224,-0.03474429558897072,6.243905704728844,False,0.5638673076274093,0.631421088381362,0.4306436018126705,False,0.43805048942201735,False
OLS,B,expanding,3,all_names,567,0.550570024365013,0.002110227945582548,0.17725914742893403,0.32195568153818704,2330.3579648342475,0.0,1.3921222810111697,0.00444029947785953,0.0021661385516773355,-0.014790663722960415,6.339527920218792,False,,,,,,
OLS,B,rolling_9m_3m,3,stocks,672,0.18336899988975056,0.0006190784201181924,0.05200258728992816,0.2835953041200769,1096.4495079233452,0.0,1.505456349206349,0.003625793317647862,0.0028342818618153835,-0.25161031992016564,8.341441030223434,False,0.18336899988975056,0.631421088381362,0.10334804358966099,False,0.10708225024355461,False
OLS,B,rolling_9m_3m,3,all_names,672,0.20079401273172767,0.0006744400126035987,0.056652961058702295,0.28214467298083185,1141.7840806649715,0.0,1.5277777777777775,0.0036377299397771247,0.0027891827843163834,-0.25204329124967917,8.486268520539474,False,,,,,,
XGBoost,B,expanding,3,stocks,567,0.3454794979236357,0.0009962300743392052,0.08368332624449323,0.24222371152973735,1442.9499113405352,0.03350970017636684,2.090504243683875,0.003764389431937682,0.002553842354808875,-0.065077002559901,5.669641604334998,False,0.3454794979236357,0.631421088381362,0.22943120992093552,False,0.23518680475808906,False
XGBoost,B,expanding,3,all_names,567,0.33379665146799425,0.0009591891530426413,0.08057188885558188,0.2413801591514989,1414.909658214177,0.03350970017636684,2.1127349905620845,0.0037636007978902584,0.00258842733604215,-0.06612671668433809,5.721290124347755,False,,,,,,
XGBoost,B,rolling_9m_3m,3,stocks,672,0.5346416778615207,0.0015010162717578348,0.1260853668276581,0.2358315336207588,2198.195457343017,0.002976190476190476,2.322671645195816,0.004291985224835381,0.002557421924359062,0.4483987383474057,7.4010304446682476,False,0.5346416778615207,0.631421088381362,0.39111768566094957,False,0.399120403703915,False
XGBoost,B,rolling_9m_3m,3,all_names,672,0.5473729304372926,0.0015263273042042378,0.12821149355315598,0.23423060663728595,2242.7275241107095,0.002976190476190476,2.338100125487544,0.004250749830441299,0.0024897183614966977,0.47304535991152313,7.500889193721569,False,,,,,,
ElasticNet,C,expanding,3,stocks,567,0.507571139014635,0.002114664398646425,0.1776318094862997,0.34996436131325803,2196.786106546769,0.037037037037037035,1.011267881638252,0.004466797166216003,0.00221896845246082,0.15397290947976622,5.020175649559089,False,0.507571139014635,0.631421088381362,0.3735875247322179,False,0.3807825680527463,False
ElasticNet,C,expanding,3,all_names,567,0.555179970918526,0.0022558740472240174,0.18949341996681746,0.34131890538721554,2429.5455959250653,0.037037037037037035,1.0058788947677835,0.004486808437638811,0.0020981742493213196,0.2202112594474879,5.082183503317556,False,,,,,,
ElasticNet,C,rolling_9m_3m,3,stocks,672,0.09295798233500323,0.0002444069489179757,0.02053018370910996,0.2208544462069218,970.0028092573759,0.5,0.6671626984126984,0.002372469338992397,0.0020482632829315643,0.23626865547447995,12.291262700197812,False,0.09295798233500323,0.631421088381362,0.06381994349099997,False,0.06643408052994362,False
ElasticNet,C,rolling_9m_3m,3,all_names,672,0.11935407969581557,0.0003096478292336439,0.02601041765562609,0.21792650675968459,1018.6282200623016,0.5,0.673611111111111,0.0023802013293271825,0.0019902707619983,0.21378872070561028,12.43050445740074,False,,,,,,
OLS,C,expanding,3,stocks,567,0.1942577933645457,0.0007888269929237212,0.06626146740559258,0.3411006902628909,1058.3821081949238,0.0,1.6890064667842444,0.0039072646840319445,0.0029322383965755946,0.47921490738755884,13.993624595117106,False,0.1942577933645457,0.631421088381362,0.12719544172634067,False,0.13119127712104045,False
OLS,C,expanding,3,all_names,567,0.21305181320653324,0.0008622971565830464,0.0724329611529759,0.3399781492718821,1106.3691511968689,0.0,1.7095825984714872,0.0038511387916588544,0.0028010991306666364,0.49289429258571044,14.161522003079025,False,,,,,,
OLS,C,rolling_9m_3m,3,stocks,672,0.19077770847533582,0.0006155545911743216,0.05170658565864301,0.27103054162812606,1123.4335808925357,0.0,1.501984126984127,0.003680304814295399,0.002892577604073458,-0.5280176784915372,7.6804070965761735,False,0.19077770847533582,0.631421088381362,0.10782673945395638,False,0.11166483528292492,False
OLS,C,rolling_9m_3m,3,all_names,672,0.173212472602636,0.0005565755913800679,0.0467523496759257,0.26991329765945626,1082.4521445611895,0.0,1.5243055555555554,0.00355926560847665,0.002828843290906106,-0.5226814979842169,7.76303517306723,False,,,,,,
XGBoost,C,expanding,3,stocks,567,0.06263548913353564,0.00017311287160211476,0.01454148121457764,0.23216041601552673,919.6000297600419,0.08641975308641975,1.8382029862936975,0.0024411626964732022,0.0020758048242970617,-0.04154547910926939,5.361559193071091,False,0.06263548913353564,0.631421088381362,0.06994544058936887,False,0.07251515092064056,False
XGBoost,C,expanding,3,all_names,567,0.057938415138888776,0.00015644353735592826,0.013141257137897974,0.22681423208411933,918.4629099933286,0.08641975308641975,1.8260226776722968,0.002381952295114118,0.0020341772803307693,-0.06605685584196683,5.579562073855471,False,,,,,,
XGBoost,C,rolling_9m_3m,3,stocks,672,0.38237340046218926,0.001031216802857438,0.0866222114400248,0.22653827733655435,1629.9804755043444,0.06696428571428571,2.011566493371522,0.0029091277062920943,0.0016715055762957381,0.25832376753760333,6.097078456252716,False,0.38237340046218926,0.631421088381362,0.23980783991405824,False,0.24627271356172264,False
XGBoost,C,rolling_9m_3m,3,all_names,672,0.3847679363881618,0.00103198281820252,0.08668655672901167,0.22529568742848805,1634.351161900376,0.0625,2.020342407168831,0.002922338257110734,0.0016830261869419806,0.23424274849320084,5.885023178143177,False,,,,,,
ElasticNet,D,expanding,3,stocks,567,0.8109831331307203,0.003434636837806123,0.2885094943757143,0.3557527679545589,4571.143262698281,0.0,1.0520870076425632,0.005023219759236404,0.0014501525863332796,0.10487040432029895,6.645217757140456,False,0.8109831331307203,0.631421088381362,0.6792820890729283,True,0.6860072693640973,True
ElasticNet,D,expanding,3,all_names,567,0.8700302017665146,0.003427559016307435,0.28791495736982453,0.3309252446469563,4821.630821977061,0.0,1.061493239271017,0.005023219759236404,0.0014565249404598338,0.09622344111458038,6.145151385670314,False,,,,,,
ElasticNet,D,rolling_9m_3m,3,stocks,672,0.3303894046323878,0.000744979539565447,0.06257828132349755,0.1894076518377643,1428.8584507238616,0.5625,0.587797619047619,0.002763649138212459,0.0019485431105517735,-0.08496586739469905,10.369605385674836,False,0.3303894046323878,0.631421088381362,0.1981559517276611,False,0.20391381078494442,False
ElasticNet,D,rolling_9m_3m,3,all_names,672,0.3290548395376855,0.000731229727693488,0.06142329712625299,0.18666583725846825,1421.6220768230573,0.5625,0.5863095238095238,0.002760256732143949,0.0019590121234980802,-0.06842809092710884,10.682715073949474,False,,,,,,
OLS,D,expanding,3,stocks,567,-0.04561697056179789,-0.00016593101209764281,-0.013938205016201997,0.30554867726956414,662.7289761870974,0.0,1.7236919459141682,0.003917825587404724,0.003894955894034994,-0.23965912128228534,5.535264456455961,False,-0.04561697056179789,0.631421088381362,0.039333868094622346,False,0.04096733960254522,False
OLS,D,expanding,3,all_names,567,0.008664378263670563,3.155498391259472e-05,0.0026506186486579563,0.30592139077906005,740.543180800747,0.0,1.7366255144032923,0.003919731755599019,0.003698406048582368,-0.2786640518773974,5.71442744957675,False,,,,,,
OLS,D,rolling_9m_3m,3,stocks,672,0.09812632191542348,0.00030869661310581667,0.0259305155008886,0.2642564705853185,929.2158743523936,0.0,1.6855158730158728,0.003664744577862098,0.0031701104647562824,-0.24537250025507854,6.431039750231017,False,0.09812632191542348,0.631421088381362,0.06614020274260057,False,0.06882064939107023,False
OLS,D,rolling_9m_3m,3,all_names,672,0.07104845349389462,0.00022272530431547,0.01870892556249948,0.26332628850404444,878.854087641254,0.0,1.6964285714285714,0.003634196596109499,0.0032247153394130775,-0.22638356049398847,6.440701745402443,False,,,,,,
XGBoost,D,expanding,3,stocks,567,0.20886448094447027,0.000639026400057189,0.053678217604803874,0.25700022024843483,1151.905405896328,0.08994708994708994,1.6094958378199309,0.0034547238310160366,0.0026408154270477755,0.5216833707403219,8.865082445855839,False,0.20886448094447027,0.631421088381362,0.13504076140235094,False,0.1392084269125799,False
XGBoost,D,expanding,3,all_names,567,0.16484392958313226,0.0004930937085517203,0.04141987151834451,0.2512671932966515,1070.4329839543493,0.08994708994708994,1.5927833496050037,0.0034566376884766566,0.0027899154126299836,0.42486906441082717,8.000680664038985,False,,,,,,
XGBoost,D,rolling_9m_3m,3,stocks,672,0.7978096874872728,0.0021075506461883933,0.17703425427982503,0.22190035675976824,3383.559484980665,0.044642857142857144,1.9441481625081694,0.004583036929625247,0.0022728086746501026,0.10530503138613193,6.133880814550864,False,0.7978096874872728,0.631421088381362,0.6808712192997765,True,0.6881796073525936,True
XGBoost,D,rolling_9m_3m,3,all_names,672,0.7809993824479318,0.0020389614034835957,0.17127275789262203,0.21929947928485152,3245.9521792236787,0.041666666666666664,1.9535481932470316,0.004615309838226532,0.002372788669455759,0.0863475476080507,6.271915487810722,False,,,,,,
ElasticNet,candidate_6,expanding,3,stocks,567,0.6990470282348025,0.002748564474815585,0.23087941588450914,0.3302773727076902,3286.8314336685985,0.037037037037037035,0.6610140202732795,0.004447155436748453,0.001591695686426482,0.034937542977844196,5.098764196369971,False,0.6990470282348025,0.631421088381362,0.5695598670265845,True,0.5769556838787379,True
ElasticNet,candidate_6,expanding,3,all_names,567,0.6753891647631494,0.0025718578908023953,0.2160360628274012,0.3198690090078101,3043.537797793179,0.037037037037037035,0.6590069782423426,0.004448712461725668,0.0017701098235692063,0.08242603410678767,5.230518311925227,False,,,,,,
ElasticNet,candidate_6,rolling_9m_3m,3,stocks,672,0.5214109343963916,0.0015300321220739442,0.1285226982542113,0.2464902244579793,2189.814544413199,0.34375,0.570175727624965,0.002858969971244489,0.001247112169598673,-0.18566678338085305,9.355806508830426,False,0.5214109343963916,0.631421088381362,0.3789401868760778,False,0.38672122143699766,False
ElasticNet,candidate_6,rolling_9m_3m,3,all_names,672,0.46408907227997265,0.0013356284039435574,0.11219278593125882,0.24174838976509205,1939.997421578428,0.34375,0.5542442249951195,0.002868674869047564,0.0014524156482293728,-0.15653503891914267,9.749786066150932,False,,,,,,
OLS,candidate_6,expanding,3,stocks,567,0.46535717802525345,0.0018498964065002746,0.15539129814602307,0.333918343766453,1958.914942509532,0.0,0.7142857142857143,0.004139328261825965,0.002176336617230452,-0.018813105995921064,4.430934452248387,False,0.46535717802525345,0.631421088381362,0.3334577334907681,False,0.340343340767817,False
OLS,candidate_6,expanding,3,all_names,567,0.4711710164308654,0.0018604920403460512,0.1562813313890683,0.33168706465203246,1980.6145037800327,0.0,0.7660199882422103,0.004139328261825965,0.0021618609128379387,-0.0177592795399424,4.493899594901336,False,,,,,,
OLS,candidate_6,rolling_9m_3m,3,stocks,672,0.3146730513665362,0.0010911759173146303,0.09165877705442894,0.291282576173526,1480.0989326484164,0.0,0.7192460317460316,0.004071991983533514,0.002867348804314122,-0.23634487745962526,5.286509098688178,False,0.3146730513665362,0.631421088381362,0.18644754290417292,False,0.19198821322956072,False
OLS,candidate_6,rolling_9m_3m,3,all_names,672,0.3203198303538221,0.0011100910753591708,0.09324765033017035,0.29110795365734904,1499.6260320618605,0.0,0.7331349206349206,0.004079340811639504,0.0028547408077089047,-0.23801827174754928,5.2958597259053555,False,,,,,,
XGBoost,candidate_6,expanding,3,stocks,567,0.46461126474753106,0.001386045303003653,0.11642780545230685,0.2505918695612632,1777.0456599008673,0.019400352733686066,1.876409828046024,0.003723826229732038,0.002138681163001939,0.26382493957439446,5.542795626026706,False,0.46461126474753106,0.631421088381362,0.3316782020008402,False,0.338596866351827,False
XGBoost,candidate_6,expanding,3,all_names,567,0.4337663061320149,0.001286499165574382,0.10806592990824809,0.24913398846465196,1683.6181335440979,0.019400352733686066,1.8832485235240801,0.0037167201461378654,0.0022306083146761825,0.2537366099273331,5.540708066465518,False,,,,,,
XGBoost,candidate_6,rolling_9m_3m,3,stocks,672,0.6485493994906224,0.0018951607447313618,0.1591935025574344,0.2454608741947285,2822.8948980150185,0.04017857142857143,1.8620441035656272,0.004170876483176891,0.0020789302027869514,1.5475198004148902,19.721111069306996,False,0.6485493994906224,0.631421088381362,0.5201931630276942,True,0.5287592654327853,True
XGBoost,candidate_6,rolling_9m_3m,3,all_names,672,0.6183186852754559,0.001719647187617129,0.14445036375983883,0.233617982441348,2556.5114993348743,0.03125,1.8638972566273693,0.0040825979335097455,0.002165494761169375,0.4882223596462813,7.848425411421475,False,,,,,,
ElasticNet,repr_bkm,expanding,3,stocks,567,0.07892176464147016,0.00025219854018789813,0.02118467737578344,0.2684263013127276,902.9549261534142,0.37037037037037035,1.0478552083490356,0.0023845535294158573,0.002016287894457161,-0.25319860874307926,11.05257974537664,False,0.07892176464147016,0.631421088381362,0.07600398037737718,False,0.07873845035906435,False
ElasticNet,repr_bkm,expanding,3,all_names,567,0.09493587021641355,0.0002997876585233321,0.025182163315959894,0.2652544634452208,932.9567379155764,0.37037037037037035,1.050206766256149,0.0024019613806411304,0.001985930260503966,-0.26962036731550443,11.377736148021324,False,,,,,,
ElasticNet,repr_bkm,rolling_9m_3m,3,stocks,672,0.2336391329998345,0.0005151944982886023,0.04327633785624259,0.18522726608591397,1233.51922404312,0.625,0.4806973471436647,0.0019587993487140683,0.0013852311208182627,0.5688090476759878,14.782928675009222,False,0.2336391329998345,0.631421088381362,0.12898207090518854,False,0.13338695780984627,False
ElasticNet,repr_bkm,rolling_9m_3m,3,all_names,672,0.2524881227567499,0.0005506596520557668,0.04625541077268441,0.18319836302655482,1267.0291513597763,0.625,0.47482195810647354,0.0019587993487140683,0.0013502066212288876,0.5802019129958192,15.235689705340487,False,,,,,,
OLS,repr_bkm,expanding,3,stocks,567,0.10501469165841232,0.00041704368987880835,0.035031669949819905,0.3335882760458846,869.039045675595,0.0,1.430922986478542,0.0037930465053693154,0.0032091597819808074,-0.012088810173768037,8.174820741314797,False,0.10501469165841232,0.631421088381362,0.0859409362641732,False,0.08894234844177401,False
OLS,repr_bkm,expanding,3,all_names,567,0.08244021821890737,0.00032732210050552345,0.02749505644246397,0.3335150856764481,826.0049661269045,0.0,1.435626102292769,0.0037930465053693154,0.0032985286376680254,-0.015217760893380823,8.19211450813753,False,,,,,,
OLS,repr_bkm,rolling_9m_3m,3,stocks,672,0.17537313717922043,0.0005945956245710894,0.04994603246397151,0.284798648569135,1075.8474178591498,0.0,1.1552579365079363,0.003853987014324106,0.003113223234991111,-0.2523814374711318,6.636311573146928,False,0.17537313717922043,0.631421088381362,0.09930754491788835,False,0.10293643937161062,False
OLS,repr_bkm,rolling_9m_3m,3,all_names,672,0.16941021078778368,0.0005735103652952705,0.04817487068480272,0.2843681644735705,1061.8255161603715,0.0,1.159722222222222,0.0038539870143241054,0.003133973672838359,-0.24249076105071116,6.648544304365843,False,,,,,,
XGBoost,repr_bkm,expanding,3,stocks,567,0.5624427896066906,0.0015906141916439838,0.13361159209809464,0.23755588046835413,2040.880652778258,0.08112874779541446,1.732654878860907,0.0037300852350551513,0.0019548272101034703,0.6945876383567671,8.79928542933119,False,0.5624427896066906,0.631421088381362,0.42767460012114417,False,0.43523302981543677,False
XGBoost,repr_bkm,expanding,3,all_names,567,0.5468001923904486,0.0015042101494276133,0.12635365255191952,0.23107828839550829,1963.1710420098266,0.07936507936507936,1.7047831336089876,0.003691555514821526,0.0020046869327163992,0.7214650656180348,9.261012594143146,False,,,,,,
XGBoost,repr_bkm,rolling_9m_3m,3,stocks,672,0.34356761388451224,0.0008737174323242373,0.07339226431523593,0.2136181099418358,1499.9296977334325,0.05654761904761905,2.0439858344121413,0.0033253412657977995,0.002242167016074058,0.29678232782129116,7.531422639701656,False,0.34356761388451224,0.631421088381362,0.20691200403908638,False,0.21286347177803255,False
XGBoost,repr_bkm,rolling_9m_3m,3,all_names,672,0.40580959611091444,0.0010260194918644504,0.08618563731661383,0.21237949556288432,1665.0637988331864,0.049107142857142856,2.0636037850804367,0.0034887745869944748,0.0022513840459428692,0.31199674470145544,7.526457778804023,False,,,,,,
ElasticNet,repr_grid,expanding,3,stocks,567,0.6656676933323094,0.0028617669603054796,0.2403884246656603,0.36112376651822203,3260.695482235264,0.037037037037037035,0.9628976419099874,0.004229383918141422,0.0012380804107068025,0.10032246624005407,8.116004771243457,False,0.6656676933323094,0.631421088381362,0.5353810352253597,True,0.5428723187778542,True
ElasticNet,repr_grid,expanding,3,all_names,567,0.7057376138184781,0.0028396128457418407,0.2385274790423146,0.3379832311214547,3403.7061346156015,0.037037037037037035,0.9799464367365601,0.004229383918141422,0.0012589558656584485,0.18512924806299208,7.972649985511465,False,,,,,,
ElasticNet,repr_grid,rolling_9m_3m,3,stocks,672,0.5306844870770981,0.0011963510359018273,0.10049348701575349,0.18936578977322496,1935.720153444548,0.5625,0.5243055555555556,0.0028356894740171334,0.0015739738547819724,0.13919725230197325,12.442313632453377,False,0.5306844870770981,0.631421088381362,0.3880149996471266,False,0.3959108392928371,False
ElasticNet,repr_grid,rolling_9m_3m,3,all_names,672,0.49371666005585985,0.0010989770459318624,0.09231407185827643,0.1869778343064864,1819.7132457202313,0.5625,0.523313492063492,0.002835229362429877,0.0016709621379265866,0.1442417338746038,12.857695249097366,False,,,,,,
OLS,repr_grid,expanding,3,stocks,567,-0.004742723914178888,-1.7476306899646403e-05,-0.0014680097795702978,0.30952882903040657,716.1365773649601,0.0,1.687830687830688,0.0041096315599949,0.003940996755783435,-0.0319937686040446,5.153093563757392,False,-0.004742723914178888,0.631421088381362,0.049332812370359504,False,0.05129041874255885,False
OLS,repr_grid,expanding,3,all_names,567,0.03599894706465631,0.00013125044809989735,0.011025037640391377,0.30626000312147283,784.7892443903463,0.0,1.7007642563198118,0.0041096315599949,0.0037912999831472083,0.009737457687327858,5.149436251190644,False,,,,,,
OLS,repr_grid,rolling_9m_3m,3,stocks,672,0.0651455990348365,0.00022312635480216012,0.01874261380338145,0.2877034532042429,831.4105380249902,0.0,1.521825396825397,0.003645013578072729,0.0032482265089848546,-0.39764976744891467,7.907807698647906,False,0.0651455990348365,0.631421088381362,0.055004777465821414,False,0.05732718192893721,False
OLS,repr_grid,rolling_9m_3m,3,all_names,672,0.10109056505581478,0.00034400090346239313,0.028896075890841023,0.2858434501269899,906.5515948839216,0.0,1.53125,0.003624975375211762,0.0031066069122255603,-0.2788686652707329,7.491375466473052,False,,,,,,
XGBoost,repr_grid,expanding,3,stocks,567,0.1815534074889357,0.0005364158661724375,0.04505893275848475,0.24818555256932176,1102.257352015998,0.08465608465608465,1.6869223789928958,0.0030832106591958276,0.002365790857733214,0.2676184153028879,5.5232505487076535,False,0.1815534074889357,0.631421088381362,0.12087859534259443,False,0.12472810829007025,False
XGBoost,repr_grid,expanding,3,all_names,567,0.18872186413190242,0.0005446138293837202,0.045747561668232496,0.24240732190022446,1117.9733857820365,0.08289241622574955,1.6538235980542018,0.003050558026498335,0.002327317690131131,0.27123087861672074,5.721120521532497,False,,,,,,
XGBoost,repr_grid,rolling_9m_3m,3,stocks,672,0.8036895375436699,0.00223486497160199,0.18772865761456714,0.23358355290816085,3606.9154627738208,0.008928571428571428,1.9848880226441876,0.004581425782045567,0.002138701861806489,0.024202518239625038,6.308440539378253,False,0.8036895375436699,0.631421088381362,0.6861371081929815,True,0.6933659566540151,True
XGBoost,repr_grid,rolling_9m_3m,3,all_names,672,0.7901114035565434,0.0021661941888219,0.18196031186103961,0.23029703285128936,3465.4602621841914,0.008928571428571428,1.9874749164683112,0.004547763078667803,0.002173515924172004,0.022722457221097465,6.467995592154042,False,,,,,,
ElasticNet,repr_grid_raw,expanding,3,stocks,567,0.5659978328252425,0.0024150203669671038,0.2028617108252367,0.3584142889958242,2548.275075568017,0.037037037037037035,1.1989026063100139,0.004158966872071797,0.0015967095856455526,0.12028851130480996,8.946170604219123,False,0.5659978328252425,0.631421088381362,0.43257895127678164,False,0.44001753756862183,False
ElasticNet,repr_grid_raw,expanding,3,all_names,567,0.6305835486822383,0.002578087395116369,0.216559341189775,0.34342688077151673,2901.0421733552125,0.037037037037037035,1.2047815010777974,0.004158966872071797,0.0014332016403887037,0.29574798011219455,9.189415103712712,False,,,,,,
ElasticNet,repr_grid_raw,rolling_9m_3m,3,stocks,672,0.1416996000378238,0.0003434176904881413,0.02884708600100387,0.20357916319667613,1066.3151036631023,0.5625,0.5481150793650793,0.0021464972924031592,0.00173592930429597,-0.2519833787218622,11.931569473777284,False,0.1416996000378238,0.631421088381362,0.0836436273613706,False,0.08684325485297933,False
ElasticNet,repr_grid_raw,rolling_9m_3m,3,all_names,672,0.1563067915764756,0.0003724401527587943,0.03128497283173872,0.20015107799351153,1093.471767081209,0.5625,0.5500992063492063,0.0021524890345978607,0.0017127497746962088,-0.2235565516734498,12.192159633317965,False,,,,,,
OLS,repr_grid_raw,expanding,3,stocks,567,0.17828533832573717,0.0006922390666241012,0.0581480815964245,0.32615178647043164,1036.554325328128,0.0,1.6549088771310991,0.004303638262644008,0.0034277572207112657,0.33406941891618075,6.485230916331571,False,0.17828533832573717,0.631421088381362,0.11904482530766858,False,0.12285558500262722,False
OLS,repr_grid_raw,expanding,3,all_names,567,0.1670407585385277,0.0006473061603148809,0.05437371746644999,0.32551167716296486,1011.8813055001561,0.0,1.6672545561434449,0.004264834532085799,0.003432960470536351,0.33538088464029897,6.522523405219932,False,,,,,,
OLS,repr_grid_raw,rolling_9m_3m,3,stocks,672,0.11483056106079853,0.0003874536032084239,0.03254610266950761,0.28342718496581804,939.1457086860435,0.0,1.3412698412698412,0.003579703673008105,0.0030321310221806336,-0.22104875323680773,6.599063555621355,False,0.11483056106079853,0.631421088381362,0.07243767366550438,False,0.07531097330619763,False
OLS,repr_grid_raw,rolling_9m_3m,3,all_names,672,0.11221218151506353,0.0003785850816664579,0.03180114685998246,0.28340191261421493,933.6377602798359,0.0,1.349702380952381,0.003592004922060143,0.0030526683522984466,-0.21781800454183334,6.58890683992387,False,,,,,,
XGBoost,repr_grid_raw,expanding,3,stocks,567,0.029817615470526544,8.498341985222659e-05,0.007138607267587033,0.23940905920673788,864.2355799377576,0.09523809523809523,1.8533675261371492,0.002930422498204908,0.002652581638608949,-0.19104534080024488,5.673877634100552,False,0.029817615470526544,0.631421088381362,0.059245595101839015,False,0.06150578986885004,False
XGBoost,repr_grid_raw,expanding,3,all_names,567,-0.012360023070209718,-3.4046386786551835e-05,-0.0028598964900703543,0.2313827792897339,818.1786073185538,0.08994708994708994,1.832405569986381,0.002969887225741958,0.002812333378704954,-0.20999803890672367,5.931024775240276,False,,,,,,
XGBoost,repr_grid_raw,rolling_9m_3m,3,stocks,672,0.566257691591835,0.0015438907249404356,0.12968682089499659,0.2290243873428501,2288.80114564476,0.03571428571428571,2.057214676054023,0.003939800549319201,0.00218422076449104,0.1611194116019789,5.860604755116951,False,0.566257691591835,0.631421088381362,0.4267462024909321,False,0.4348486324859553,False
XGBoost,repr_grid_raw,rolling_9m_3m,3,all_names,672,0.5763591999277472,0.0015556880554599933,0.13067779665863943,0.2267297835707685,2316.641328232021,0.03571428571428571,2.061828074835015,0.003966505504156766,0.0021987823839004737,0.16417496390026506,5.899278057159246,False,,,,,,
ElasticNet,repr_svi,expanding,3,stocks,567,0.4799056586109222,0.0017909852200989288,0.15044275848831,0.3134840270976669,1980.4962976844586,0.037037037037037035,1.4749826769492038,0.004289566850555673,0.0023306387056996622,-0.06394271661910798,4.394076032743427,False,0.4799056586109222,0.631421088381362,0.34745885824834266,False,0.35444220906027024,False
ElasticNet,repr_svi,expanding,3,all_names,567,0.5151934330286759,0.0018993619916597545,0.15954640729941938,0.3096825329497919,2124.3555313555025,0.037037037037037035,1.4859957154094539,0.004289566850555673,0.0022214359562543174,0.03519789755510316,4.529596306766508,False,,,,,,
ElasticNet,repr_svi,rolling_9m_3m,3,stocks,672,0.25355233302666863,0.0005752290301066154,0.04831923852895569,0.1905690945619241,1272.818471994131,0.65625,0.5158730158730158,0.0017859844818483791,0.0011516036660274781,0.052125807514747526,13.708239359529278,False,0.25355233302666863,0.631421088381362,0.1428841736880454,False,0.14757409695904566,False
ElasticNet,repr_svi,rolling_9m_3m,3,all_names,672,0.2672074409051486,0.000599592063788913,0.05036573335826869,0.18848926207914682,1297.8865769217139,0.65625,0.5178571428571428,0.0017859844818483791,0.0011270918228213711,0.034928746670199254,13.413576258544353,False,,,,,,
OLS,repr_svi,expanding,3,stocks,567,-0.00949158995153519,-3.833874786551819e-05,-0.003220454820703528,0.3392956119203869,662.7915776654876,0.0,1.5155790711346266,0.0034157703294989436,0.0032809168375055554,0.09181774310502903,9.652875393129488,False,-0.00949158995153519,0.631421088381362,0.048097202214508694,False,0.05001562949377571,False
OLS,repr_svi,expanding,3,all_names,567,0.022348136778036543,8.979472717009064e-05,0.007542757082287613,0.33751167523283354,716.2531469094323,0.0,1.5267489711934155,0.0034157703294989445,0.0031519456199655374,0.15576600688165537,9.34467259826559,False,,,,,,
OLS,repr_svi,rolling_9m_3m,3,stocks,672,0.03909207389713915,0.0001275452836765407,0.01071380382882942,0.2740658849929546,804.9568056289099,0.0,1.3268849206349205,0.0033935182696571303,0.003106932807409161,-0.30621508425316596,6.559424280286312,False,0.03909207389713915,0.631421088381362,0.04716373569677931,False,0.04922178365417606,False
OLS,repr_svi,rolling_9m_3m,3,all_names,672,0.03751881246254959,0.00012241090204667955,0.010282515771921083,0.27406293262039816,802.1756831406931,0.0,1.3348214285714284,0.00340614717315725,0.0031241008544439044,-0.3086194304377016,6.559992644462354,False,,,,,,
XGBoost,repr_svi,expanding,3,stocks,567,0.25590286637035076,0.000732550420011082,0.06153423528093089,0.2404593436318786,1248.1346999174837,0.09700176366843033,2.0122148981585473,0.003001368828884078,0.002064152396491369,0.42314774287114726,7.406158530296782,False,0.25590286637035076,0.631421088381362,0.1635541100458212,False,0.1682846609861134,False
XGBoost,repr_svi,expanding,3,all_names,567,0.22667008206135505,0.0006211834369800411,0.052179408706323455,0.2301998050726409,1189.5883066045392,0.09700176366843033,1.9770411741013296,0.0029886203761625542,0.002165408956105177,0.05785697935198391,6.339608285606511,False,,,,,,
XGBoost,repr_svi,rolling_9m_3m,3,stocks,672,0.5825757252622981,0.001665191009402775,0.1398760447898331,0.24009933597362898,2434.9650615131527,0.041666666666666664,2.1220366220535984,0.004660454737799409,0.0027790673309489623,0.49008070398628556,8.245631519764459,False,0.5825757252622981,0.631421088381362,0.44443752705104755,False,0.4526725552598679,False
XGBoost,repr_svi,rolling_9m_3m,3,all_names,672,0.5948919106796319,0.0016914847626432108,0.1420847200620297,0.23884123739337046,2484.8359143690554,0.023809523809523808,2.1419155100694858,0.004617221415772378,0.002706986413910236,0.5592423122159773,8.719076251664456,False,,,,,,
ElasticNet,A,expanding,5,stocks,341,0.12652200552751688,0.0005585272186192724,0.02814977181841133,0.2224891369769595,1026.6088452714955,0.44281524926686217,1.104594330400782,0.002563174038567737,0.0018665259802147214,0.992856949539869,10.69522288961282,False,0.12652200552751688,0.631421088381362,0.09298074878413437,False,0.09619199751850499,False
ElasticNet,A,expanding,5,all_names,341,0.12120859664599448,0.0005326641871356611,0.026846275031637317,0.22148820937218974,1018.9761769819654,0.44281524926686217,1.0987292277614857,0.0025731729462947412,0.0019028278021232848,0.9603322409399602,10.594326094454434,False,,,,,,
ElasticNet,A,rolling_9m_3m,5,stocks,404,0.41310135150045857,0.0005568234101319854,0.02806389987065206,0.06793466002645336,1230.1062546944584,0.9356435643564357,0.0924092409240924,0.0008167275542834833,0.00024658888405405956,5.940552994516356,76.48198068378152,False,0.41310135150045857,0.631421088381362,0.2331681287765252,False,0.240662391791038,False
ElasticNet,A,rolling_9m_3m,5,all_names,404,0.41284948322116527,0.0005501152339734384,0.027725807792261293,0.0671571817795118,1227.2656215292163,0.9356435643564357,0.09158415841584158,0.0008167275542834834,0.00025335894140072546,5.935997116077973,77.91524605868393,False,,,,,,
OLS,A,expanding,5,stocks,341,0.075260249611221,0.00044234964125920587,0.022294421919463975,0.29623103875727735,863.2680568030364,0.0,1.4897360703812317,0.0056501872061272985,0.004996901010383152,-0.07236191951546891,5.830774672258589,False,0.075260249611221,0.631421088381362,0.07438751985423457,False,0.07708142556808752,False
OLS,A,expanding,5,all_names,341,0.07897076729402391,0.00046245449732162887,0.023307706665010093,0.2951434747775827,871.0660428958021,0.0,1.5024437927663732,0.005650187206127298,0.004975843075141842,-0.07844166546338402,5.903290964037654,False,,,,,,
OLS,A,rolling_9m_3m,5,stocks,404,0.044296863521682536,0.00023207685456162627,0.011696673469905964,0.2640519562785895,830.1728590127693,0.0,1.2046204620462044,0.005693509600974054,0.005271879862552613,-0.049724610494070676,4.644079921823526,False,0.044296863521682536,0.631421088381362,0.048463337584463514,False,0.05056849995710408,False
OLS,A,rolling_9m_3m,5,all_names,404,0.03677109503786479,0.00019244989579709045,0.009699474748173358,0.2637798721573396,817.4979913380424,0.0,1.2112211221122113,0.005684988314169263,0.0053024904850074075,-0.040700025758655174,4.6377828494080084,False,,,,,,
XGBoost,A,expanding,5,stocks,341,0.4657274285322068,0.0018445485767560647,0.09296524826850566,0.19961299801795285,1639.5860127983683,0.11436950146627566,1.5275284202613797,0.005287895975828678,0.0032409225990476806,0.08825662779578011,5.423420362500231,False,0.4657274285322068,0.631421088381362,0.333386841762449,False,0.3402904677680718,False
XGBoost,A,expanding,5,all_names,341,0.46832192200625433,0.00183847707297189,0.09265924447778326,0.19785374146236492,1640.075083741393,0.11436950146627566,1.5242078471568237,0.005270212791874349,0.0032295599618603686,0.09482984243476876,5.497756270411049,False,,,,,,
XGBoost,A,rolling_9m_3m,5,stocks,404,0.40697257332531067,0.001626185784167291,0.08195976352203146,0.20138891142553117,1639.226173457777,0.10643564356435643,1.7433511514622082,0.00533311858873186,0.0034875342106220016,-0.09011862799558419,4.903634290905807,False,0.40697257332531067,0.631421088381362,0.26368094950455,False,0.2704186532701185,False
XGBoost,A,rolling_9m_3m,5,all_names,404,0.4273840724785982,0.0016874983293194256,0.08504991579769905,0.1990011356868196,1686.7842949791059,0.10148514851485149,1.7621040356099662,0.005255183139406468,0.0033463886292927694,-0.0842479849153446,4.918588324790914,False,,,,,,
ElasticNet,B,expanding,5,stocks,341,0.399167387661695,0.002252702952350916,0.11353622879848617,0.28443262728344715,1641.1187250436622,0.11143695014662756,0.9880920643383987,0.005105150175706042,0.0026901892223141354,0.08006491329860911,3.940964311564784,False,0.399167387661695,0.631421088381362,0.2729573167219924,False,0.2792830228311136,False
ElasticNet,B,expanding,5,all_names,341,0.48813031269297463,0.00262104402919228,0.13210061907129092,0.27062572357472064,1909.6096395699376,0.11143695014662756,0.9744068248467075,0.005105150175706042,0.0023228745384346475,0.11935140528824284,4.009257482676737,False,,,,,,
ElasticNet,B,rolling_9m_3m,5,stocks,404,0.1096320820133184,0.0003620649021198038,0.018248071066838113,0.166448276195478,1035.4663222144843,0.5965346534653465,0.4735973597359736,0.0024908633811563407,0.0020532523529953614,-0.26425877921928886,8.298301438492874,False,0.1096320820133184,0.631421088381362,0.07048941398032606,False,0.0733028799479427,False
ElasticNet,B,rolling_9m_3m,5,all_names,404,0.11430463955720792,0.0003789753989589399,0.01910036010753057,0.16710047974886533,1041.5819596892086,0.5965346534653465,0.4768976897689768,0.002478009378834299,0.0020232403290817084,-0.297968535016803,8.484285962116001,False,,,,,,
OLS,B,expanding,5,stocks,341,0.4285240673533362,0.0025393807167815967,0.12798478812579248,0.29866417752509483,1756.3261675180856,0.0,1.3323558162267837,0.006654100896476415,0.003915587144271463,-0.13285055587941855,4.186654129042809,False,0.4285240673533362,0.631421088381362,0.3000931885152597,False,0.3066617787620259,False
OLS,B,expanding,5,all_names,341,0.45689303918728985,0.002669365709990918,0.13453603178354226,0.2944584842501687,1851.24916955008,0.0,1.3841642228739004,0.0066811157989481685,0.003808731423035361,-0.14630865378058203,4.256568684570756,False,,,,,,
OLS,B,rolling_9m_3m,5,stocks,404,0.2661116869984365,0.0013702918772246012,0.0690627106121199,0.2595252820013338,1327.1475131677576,0.0,1.5181518151815179,0.005977172474202207,0.004393812861632643,-0.12387568454844963,4.536632097358931,False,0.2661116869984365,0.631421088381362,0.15151248164718484,False,0.15637897885363639,False
OLS,B,rolling_9m_3m,5,all_names,404,0.2675893001248093,0.0013776502378353534,0.06943357198690181,0.25947813292428556,1330.880808838224,0.0,1.5420792079207921,0.005986435740154089,0.004393923212518327,-0.16093409774922668,4.630342033316051,False,,,,,,
XGBoost,B,expanding,5,stocks,341,0.8193433134329221,0.00408074429653234,0.20566951254522994,0.25101750288716757,3250.0144899782426,0.008797653958944282,2.0083106906198998,0.006972647953388584,0.0026429467889842483,0.28146329135468207,4.902759184109039,False,0.8193433134329221,0.631421088381362,0.6889652282754342,True,0.6956766527216256,True
XGBoost,B,expanding,5,all_names,341,0.7748362253013183,0.00375070998355189,0.18903578317101527,0.2439686955749946,2938.072697316807,0.008797653958944282,2.0166857162994773,0.006942732916480757,0.0029424379381309033,0.2032439549400786,4.385421798429133,False,,,,,,
XGBoost,B,rolling_9m_3m,5,stocks,404,0.22427035307679843,0.0009911227933486967,0.049952588784774314,0.2227338036413075,1223.7507965620941,0.0,2.2765552828318043,0.00560238631129619,0.00434131552252876,0.014625696368018984,4.104272266830162,False,0.22427035307679843,0.631421088381362,0.12483923247948664,False,0.1291207124369083,False
XGBoost,B,rolling_9m_3m,5,all_names,404,0.25123850929058933,0.0010991031251455768,0.05539479750733707,0.22048688978354802,1283.4217676193286,0.0,2.288855557631176,0.0057113828343334574,0.004341409193159193,0.016234144985101995,4.160784584738919,False,,,,,,
ElasticNet,C,expanding,5,stocks,341,0.5168506110212333,0.002959347172028861,0.1491510974702546,0.2885768039928411,2073.964849572766,0.11143695014662756,1.4173998044965785,0.006447300486461615,0.003293497232879899,0.2774869385353363,4.605410922246369,False,0.5168506110212333,0.631421088381362,0.38212778929978586,False,0.389412784863349,False
ElasticNet,C,expanding,5,all_names,341,0.5929883748511733,0.0032854588268394964,0.1655871248727106,0.27924177251243626,2359.5719095636296,0.11143695014662756,1.3910068426197457,0.006447300486461615,0.002969365050210025,0.3202607642501438,4.654485397463438,False,,,,,,
ElasticNet,C,rolling_9m_3m,5,stocks,404,-0.08409838211950373,-0.00026193819623535855,-0.013201685090262072,0.1569790613986187,814.6693075885312,0.6905940594059405,0.438943894389439,0.002003828824974352,0.0022021511953414096,-0.20161805501681218,11.034388215435753,False,-0.08409838211950373,0.631421088381362,0.0214154164242354,False,0.022494441434598694,False
ElasticNet,C,rolling_9m_3m,5,all_names,404,-0.09044980175588267,-0.0002843244999280309,-0.014329954796372757,0.15842991933855474,805.7052337496909,0.6905940594059405,0.4447194719471947,0.001984214656584364,0.0022044901623272622,-0.3010652824736497,11.572486601061994,False,,,,,,
OLS,C,expanding,5,stocks,341,0.21728475225136804,0.0012855131403487717,0.0647898622735781,0.29817951606022175,1148.5683993278299,0.0,1.7165200391006843,0.006483552862967108,0.004970094370479437,0.10611090829264273,5.110863415144164,False,0.21728475225136804,0.631421088381362,0.14076862510474042,False,0.14503890222113736,False
OLS,C,expanding,5,all_names,341,0.3005831742593893,0.0017571880330888026,0.08856227686767565,0.29463484470108936,1358.6504519278449,0.0,1.7360703812316716,0.0064696799865895625,0.004483080325702035,0.10993702532909203,5.223610735708054,False,,,,,,
OLS,C,rolling_9m_3m,5,stocks,404,0.40347730918748015,0.002050100057689965,0.10332504290757422,0.2560863784772668,1762.0472516964915,0.0,1.6014851485148516,0.006654625984308457,0.004385208191273529,0.13873487807643273,3.9981952331203687,False,0.40347730918748015,0.631421088381362,0.25903265497413575,False,0.2657566604980915,False
OLS,C,rolling_9m_3m,5,all_names,404,0.41559185214711936,0.00210450621500151,0.10606711323607611,0.25521942426948346,1804.499193738831,0.0,1.6245874587458744,0.006673587870991281,0.004348031247377482,0.15213194629476995,4.02452791072009,False,,,,,,
XGBoost,C,expanding,5,stocks,341,0.1794780846810921,0.0008399306260047213,0.04233250355063795,0.2358644712854887,1101.366242021942,0.017595307917888565,2.0107922155104316,0.0059493098870576945,0.004861109061945039,-0.445294467469035,5.126934672804434,False,0.1794780846810921,0.631421088381362,0.12162441123521084,False,0.12546023038057746,False
XGBoost,C,expanding,5,all_names,341,0.19488763444860763,0.0009016453126998354,0.0454429237600717,0.23317499793479776,1129.8310912943416,0.017595307917888565,1.9899757387044736,0.005919362314996373,0.004771008038949048,-0.40790020976176755,5.301143103418316,False,,,,,,
XGBoost,C,rolling_9m_3m,5,stocks,404,0.10453673678719416,0.0004540180533457943,0.02288250988862803,0.2188944345489763,992.2498680750322,0.007425742574257425,2.166646384919687,0.005598611716376561,0.00488362551576638,0.18858821074953563,5.575576879205288,False,0.10453673678719416,0.631421088381362,0.06787948632042323,False,0.07062267756454248,False
XGBoost,C,rolling_9m_3m,5,all_names,404,0.17792085859457762,0.0007648494780532986,0.03854841369388625,0.21666045228415431,1129.5637571548657,0.007425742574257425,2.167178817324353,0.005820212966192753,0.0047943554084447166,0.2194998564526337,5.649430941083477,False,,,,,,
ElasticNet,D,expanding,5,stocks,341,0.5484462528936573,0.0032891176089799986,0.1657715274925919,0.302256650707275,2256.8208885733793,0.07624633431085044,1.300097751710655,0.0068087147328045146,0.0033304475637072127,0.17702445605413827,4.375382631721973,False,0.5484462528936573,0.631421088381362,0.4143190380867136,False,0.4217312226450157,False
ElasticNet,D,expanding,5,all_names,341,0.6289615598953501,0.003549730334098627,0.17890640883857079,0.28444728620352916,2554.8864293677707,0.07624633431085044,1.3118279569892473,0.0068087147328045146,0.0030689550731926897,0.21227051146239875,4.017368131485092,False,,,,,,
ElasticNet,D,rolling_9m_3m,5,stocks,404,0.40343360877377765,0.0010735276616251725,0.054105794145908694,0.13411325424860204,1437.4420996029899,0.7821782178217822,0.30280528052805283,0.0023210603295836627,0.0012032129681313647,1.5132031386507665,17.864690213470823,False,0.40343360877377765,0.631421088381362,0.2516317259414821,False,0.25849260046120426,False
ElasticNet,D,rolling_9m_3m,5,all_names,404,0.3679021019586692,0.0009708701590500271,0.048931856016121364,0.13300238230663455,1380.5778147914696,0.7821782178217822,0.2962046204620462,0.0023210603295836627,0.0013063655202114604,1.4298548322405182,17.984841334697418,False,,,,,,
OLS,D,expanding,5,stocks,341,0.12545369859180588,0.0007227770803396279,0.03642796484911725,0.2903697958530859,960.5955377301883,0.0,1.7331378299120235,0.0059004106925015275,0.00494844192571215,-0.1786993464747189,4.90898367835041,False,0.12545369859180588,0.631421088381362,0.09477933439676717,False,0.0980023185701076,False
OLS,D,expanding,5,all_names,341,0.12080133555057551,0.0006868860767680244,0.03461905826910843,0.28657843981049846,956.1382342427661,0.0,1.7341153470185726,0.005927050715234665,0.005010899638233898,-0.1672301416868059,4.80638895274373,False,,,,,,
OLS,D,rolling_9m_3m,5,stocks,404,0.35549705641634394,0.0018368756393687875,0.09257853222418688,0.26041996847299526,1600.564676597505,0.0,1.663366336633663,0.007372347428174747,0.005311512964352085,-0.010471136964444896,4.623662442240375,False,0.35549705641634394,0.631421088381362,0.21794598278585042,False,0.2240455911317532,False
OLS,D,rolling_9m_3m,5,all_names,404,0.3460795640674886,0.0017833542394890553,0.08988105367024839,0.2597121095908477,1568.6005847863732,0.0,1.674092409240924,0.007358501701347211,0.005350384181958737,-0.015228558696147285,4.6529351972540445,False,,,,,,
XGBoost,D,expanding,5,stocks,341,0.2941041308214409,0.0014135523173622853,0.07124303679505918,0.24223745717571338,1329.1100486863568,0.03225806451612903,1.8252097570765267,0.005566620595727001,0.003920171402190736,0.14760954601949614,4.1253771758332265,False,0.2941041308214409,0.631421088381362,0.1899131540385972,False,0.19509544864433398,False
XGBoost,D,expanding,5,all_names,341,0.3014688514598813,0.0013914926986151259,0.07013123201020234,0.2326317683256084,1339.6193499354338,0.03225806451612903,1.8072391395681464,0.005585540922152502,0.003962499143676525,0.15992087677500344,4.013606736032477,False,,,,,,
XGBoost,D,rolling_9m_3m,5,stocks,404,0.9085992018400608,0.003794614583645265,0.19124857501572134,0.21048728045150375,3873.5948732176066,0.1188118811881188,1.837484594542243,0.006575408779823454,0.002555563395356184,0.06865912856357667,4.900160414970229,False,0.9085992018400608,0.631421088381362,0.7825938740282723,True,0.7885749483916078,True
XGBoost,D,rolling_9m_3m,5,all_names,404,0.9098506309419249,0.0037431363122702194,0.18865407013841906,0.20734619917020286,3814.3530616406633,0.10891089108910891,1.8531489628220077,0.006706058247182525,0.0027355340653880665,0.09881121449834829,4.838983639502497,False,,,,,,
ElasticNet,candidate_6,expanding,5,stocks,341,0.9025741546451753,0.005467820409221626,0.2755781486247699,0.30532466192000224,4696.402838485677,0.0,0.8321965994253384,0.00803847883197509,0.0024090373285902142,-0.06068624357393804,3.7485791727179762,False,0.9025741546451753,0.631421088381362,0.757328046602443,True,0.7631456809778616,True
ElasticNet,candidate_6,expanding,5,all_names,341,0.8820888465212093,0.0051020698795462525,0.2571443219291311,0.29151748482396017,4265.9930725651175,0.0,0.8056962587754377,0.008040183528681074,0.002778480080520314,-0.008135289166418187,3.780172691878642,False,,,,,,
ElasticNet,candidate_6,rolling_9m_3m,5,stocks,404,0.40837112054470975,0.001682920770425669,0.08481920682945372,0.2077012858213794,1659.6329854701546,0.37623762376237624,0.4438943894389438,0.003484941997506874,0.0017068479597544721,-0.11657121208943337,5.94354499354092,False,0.40837112054470975,0.631421088381362,0.2652158642120266,False,0.2719650243441438,False
ElasticNet,candidate_6,rolling_9m_3m,5,all_names,404,0.39464049834659415,0.0016187714963138517,0.08158608341421812,0.20673520268709203,1619.7305189036294,0.37623762376237624,0.4298679867986798,0.003484941997506874,0.0017720492140643092,-0.13047425795076315,5.997343025779914,False,,,,,,
OLS,candidate_6,expanding,5,stocks,341,0.5480319952296939,0.0032827063299104204,0.16544839902748518,0.3018955106045253,2247.5913779582047,0.0,0.7771260997067448,0.006750077923502716,0.0033098807869079436,-0.1398252968352034,3.8882784907139096,False,0.5480319952296939,0.631421088381362,0.4148949937051734,False,0.4222220716172606,False
OLS,candidate_6,expanding,5,all_names,341,0.5871143131853312,0.0034874187017143927,0.1757659025664054,0.29937253890610277,2422.334819864621,0.0,0.8455522971652005,0.006750077923502718,0.0031000364502945864,-0.13475413198235087,3.943076823795881,False,,,,,,
OLS,candidate_6,rolling_9m_3m,5,stocks,404,0.33905130954701634,0.001814060614186364,0.09142865495499275,0.2696602324796929,1553.5289980061336,0.0,0.778052805280528,0.006812703973927131,0.004841083050138377,-0.1518129904243282,4.274252998778117,False,0.33905130954701634,0.631421088381362,0.20525450632521297,False,0.21112760067078185,False
OLS,candidate_6,rolling_9m_3m,5,all_names,404,0.3353554014243361,0.0017923246243871816,0.09033316106911395,0.26936545731915157,1540.9625106145081,0.0,0.7920792079207921,0.006802976444400394,0.004852039530212807,-0.14927676389875824,4.287591752888771,False,,,,,,
XGBoost,candidate_6,expanding,5,stocks,341,0.2998122132663178,0.00141678948132844,0.07140618985895338,0.23816971657363586,1338.6792758401898,0.011730205278592375,1.866175694663011,0.0052626591870959145,0.003607863890302529,0.02021638669508785,3.693330552331794,False,0.2998122132663178,0.631421088381362,0.1945798088811903,False,0.19982518889481155,False
XGBoost,candidate_6,expanding,5,all_names,341,0.3097540802680136,0.0014565939503221983,0.07341233509623879,0.2370019953658691,1359.470760996635,0.011730205278592375,1.8708382457819375,0.005282082077497047,0.0035871326203759848,0.013657251799885672,3.7115746246372723,False,,,,,,
XGBoost,candidate_6,rolling_9m_3m,5,stocks,404,0.5906701972310894,0.0025940422248509542,0.13073972813248808,0.22134133183858345,2340.852524589553,0.0,1.9250361248071939,0.007077798327645172,0.004240172044227329,-0.1967735215266827,4.746970131435778,False,0.5906701972310894,0.631421088381362,0.4546436321488707,False,0.4627165261456813,False
XGBoost,candidate_6,rolling_9m_3m,5,all_names,404,0.6030277252127226,0.0026186513286522053,0.13198002696407116,0.21886228683351863,2374.3602666163133,0.0,1.9342468202216174,0.007084443799389764,0.0042215176100145885,-0.2202905068172352,4.830285509301907,False,,,,,,
ElasticNet,repr_bkm,expanding,5,stocks,341,0.1926107588480852,0.0008786914711347543,0.044286050145191616,0.22992511119340245,1131.5094690949252,0.36950146627565983,1.3098729227761485,0.003619877191962072,0.0025803957939083584,0.7577437775160766,9.751350771690012,False,0.1926107588480852,0.631421088381362,0.1249317209209223,False,0.12890140089638386,False
ElasticNet,repr_bkm,expanding,5,all_names,341,0.18265741204747576,0.0008172748685732815,0.041190653376093386,0.22550770272266446,1115.2271316984259,0.36950146627565983,1.295210166177908,0.0036404727656968944,0.0026635076769495215,0.7004770105228079,9.90333339947546,False,,,,,,
ElasticNet,repr_bkm,rolling_9m_3m,5,stocks,404,-0.01769856639848298,-3.454425807258517e-05,-0.0017410306068582927,0.09837127864816916,949.2006333817865,0.8712871287128713,0.18151815181518155,0.0011923581258409827,0.0012005193884711666,1.7159118860556424,28.552219777372592,False,-0.01769856639848298,0.631421088381362,0.03350702829916384,False,0.03506674714338698,False
ElasticNet,repr_bkm,rolling_9m_3m,5,all_names,404,-0.03905316287757721,-7.539978331717404e-05,-0.0038001490791855714,0.09730707576997479,934.4094673963604,0.8712871287128713,0.1806930693069307,0.0011923581258409827,0.0012414367949038741,1.6844368186744625,29.2195794688862,False,,,,,,
OLS,repr_bkm,expanding,5,stocks,341,0.022372419076607607,0.000131969050484558,0.006651240144421723,0.2972964220653367,774.9889832755691,0.0,1.5434995112414465,0.005581679609291728,0.005234741746257714,-0.04650582253635452,5.629248056161357,False,0.022372419076607607,0.631421088381362,0.05685165134319504,False,0.05904202386187807,False
OLS,repr_bkm,expanding,5,all_names,341,0.016356072498810294,9.649776953798902e-05,0.004863487584714646,0.297350576372684,765.5856869926077,0.0,1.546432062561095,0.005581679609291729,0.00526999308585531,-0.04450053313203403,5.625215589131798,False,,,,,,
OLS,repr_bkm,rolling_9m_3m,5,stocks,404,0.09261136362570159,0.0004835291252599871,0.024369867913103346,0.26314122758840586,920.8785969586021,0.0,1.2879537953795377,0.006059164236116807,0.005379832226997006,-0.04400169930967464,4.459119876043206,False,0.09261136362570159,0.631421088381362,0.06387223196652475,False,0.06648558564413161,False
OLS,repr_bkm,rolling_9m_3m,5,all_names,404,0.09252105949928964,0.00048263985020482466,0.024325048450323163,0.2629136391429881,921.0311970875171,0.0,1.2953795379537951,0.0060622170981598986,0.005383217433402191,-0.037910238290226425,4.451203498676524,False,,,,,,
XGBoost,repr_bkm,expanding,5,stocks,341,0.46212097340476427,0.0020221693471913762,0.10191733509844536,0.22054254397403777,1689.1273591029656,0.005865102639296188,1.846548930101783,0.005736338907418441,0.0034770538966836465,-0.252428323611523,4.931037557922262,False,0.46212097340476427,0.631421088381362,0.3316847427463305,False,0.3385010041821754,False
XGBoost,repr_bkm,expanding,5,all_names,341,0.47927321584615157,0.002079394220205535,0.10480146869835895,0.21866748491950072,1727.25247739449,0.005865102639296188,1.8407716476230445,0.005737391126038437,0.0034213145384753914,-0.2414248758361478,5.061292704490131,False,,,,,,
XGBoost,repr_bkm,rolling_9m_3m,5,stocks,404,0.3288131820245598,0.001374556091009996,0.0692776269869038,0.21068993207738643,1459.1779167709803,0.03217821782178218,2.0970437680068996,0.006535328357010699,0.004907479917707902,0.10582557208843216,5.731596890792667,False,0.3288131820245598,0.631421088381362,0.1958038907318596,False,0.20154808672399166,False
XGBoost,repr_bkm,rolling_9m_3m,5,all_names,404,0.3347102971384075,0.0013951652845333217,0.0703163303404794,0.2100811685258748,1472.832759344547,0.03217821782178218,2.0980195233644805,0.00654976823391124,0.004901237419433298,0.09805194061031736,5.779328832495651,False,,,,,,
ElasticNet,repr_grid,expanding,5,stocks,341,0.6025703109028195,0.0037290393348677568,0.18794358247733495,0.3119031573190898,2567.910968140165,0.03812316715542522,1.3284457478005864,0.0066070729853775975,0.00268297593045212,0.09386139816415572,4.2815664908984346,False,0.6025703109028195,0.631421088381362,0.4701027207539556,False,0.4776341334835878,False
ElasticNet,repr_grid,expanding,5,all_names,341,0.6236045870614244,0.003665202436095195,0.18472620277919782,0.2962232905464541,2596.6415837262625,0.03812316715542522,1.3284457478005864,0.0066070729853775975,0.002746812829224681,0.1903872996154727,4.247295420470617,False,,,,,,
ElasticNet,repr_grid,rolling_9m_3m,5,stocks,404,0.2806314947390996,0.000799522320998904,0.04029592497834476,0.14359017335458907,1272.9138951597256,0.7202970297029703,0.3597359735973597,0.0028467698765657855,0.0019925190470017396,0.854291369911793,13.333834759241356,False,0.2806314947390996,0.631421088381362,0.1570598516084279,False,0.16213177166764026,False
ElasticNet,repr_grid,rolling_9m_3m,5,all_names,404,0.259962999083958,0.0007344519463008866,0.037016378093564686,0.1423909488042559,1241.5430756374442,0.7202970297029703,0.3572607260726072,0.0028467698765657855,0.002057775065264113,0.8306411092836856,13.467006675972577,False,,,,,,
OLS,repr_grid,expanding,5,stocks,341,0.08367634076368267,0.0004911859768708187,0.024755773234289263,0.2958515275447346,878.0432537530471,0.0,1.7047898338220917,0.005752403742728542,0.005034152179114718,-0.15527580397152804,4.914723583899352,False,0.08367634076368267,0.631421088381362,0.07761947248953831,False,0.08039994689788882,False
OLS,repr_grid,expanding,5,all_names,341,0.13359006430176804,0.0007777495933023619,0.03919857950243904,0.2934243628619936,973.3246585645309,0.0,1.7292277614858258,0.005761542901669369,0.004754894877049223,-0.11975388855147992,4.856093305389253,False,,,,,,
OLS,repr_grid,rolling_9m_3m,5,stocks,404,0.3218857072003314,0.00164207228498911,0.08276044316345114,0.25711127059128386,1490.392598280706,0.0,1.6163366336633664,0.006477579433884284,0.004615075552164072,0.05810918067327119,4.410385112893792,False,0.3218857072003314,0.631421088381362,0.19060545188312422,False,0.1962529486341264,False
OLS,repr_grid,rolling_9m_3m,5,all_names,404,0.32637484097506064,0.0016582980822264918,0.08357822334421518,0.25608047205636686,1503.3996561976935,0.0,1.6254125412541254,0.006516861159898979,0.004637450787872079,0.06280222761975017,4.461995463368406,False,,,,,,
XGBoost,repr_grid,expanding,5,stocks,341,0.3545900891666251,0.00180185511345908,0.09081349771833763,0.25610839245894307,1485.0262996033473,0.03519061583577713,1.8324702236518073,0.00536697529075723,0.003331969693841307,0.5436382395815383,6.505010022490316,False,0.3545900891666251,0.631421088381362,0.2333989813976144,False,0.23929544866302876,False
XGBoost,repr_grid,expanding,5,all_names,341,0.3583436447973363,0.0017905284217258365,0.09024263245498215,0.2518326577439918,1490.3759078512217,0.03519061583577713,1.8316682315550454,0.005376210236496069,0.0033525914807206467,0.5996740393705812,6.840881956403616,False,,,,,,
XGBoost,repr_grid,rolling_9m_3m,5,stocks,404,0.48762958561573266,0.002015986030116218,0.10160569591785738,0.20836655304570847,1898.0218513698378,0.04702970297029703,1.9657292848421692,0.006629531053067248,0.004371574622517458,0.1191123496094439,4.5769211446947144,False,0.48762958561573266,0.631421088381362,0.3418531094731807,False,0.34945454738077397,False
XGBoost,repr_grid,rolling_9m_3m,5,all_names,404,0.47137962086714774,0.0019323182005567747,0.09738883730806144,0.20660383477950403,1840.2704438592723,0.04702970297029703,1.9728835309876784,0.006612114556613562,0.004437289387162305,0.10446415920033601,4.597521751824368,False,,,,,,
ElasticNet,repr_grid_raw,expanding,5,stocks,341,0.6843542205050032,0.004103300087766283,0.20680632442342065,0.3021919325211625,2975.573828806729,0.03812316715542522,1.4450961225154773,0.006922499726799852,0.0026153931408722324,0.08443364587284796,4.149069551078059,False,0.6843542205050032,0.631421088381362,0.5546982193326372,True,0.562160121899796,True
ElasticNet,repr_grid_raw,expanding,5,all_names,341,0.6913352553977636,0.003955697445716577,0.19936715126411547,0.2883798413396529,2909.140458621137,0.03812316715542522,1.4167481264255457,0.006922499726799852,0.0027651218826286825,0.12101152687796582,4.312367561445062,False,,,,,,
ElasticNet,repr_grid_raw,rolling_9m_3m,5,stocks,404,0.3161895287635652,0.0007252008499794994,0.03655012283896677,0.11559561438322519,1271.233974986271,0.8143564356435643,0.2442244224422442,0.0014291101953672139,0.00066717549343109,1.0044008948072671,17.73079182865096,False,0.3161895287635652,0.631421088381362,0.18191642368132954,False,0.18750609311563848,False
ElasticNet,repr_grid_raw,rolling_9m_3m,5,all_names,404,0.2854459449210211,0.0006428432732214465,0.0323993009703609,0.11350415567937157,1231.9684132527223,0.8143564356435643,0.2442244224422442,0.001439657507896925,0.0007600803827188543,1.0012971195024862,18.61450013632885,False,,,,,,
OLS,repr_grid_raw,expanding,5,stocks,341,-0.032294724870971646,-0.00018976958941329753,-0.009564387306430194,0.29615942989584704,694.8752884729058,0.0,1.7086999022482892,0.005066022694671995,0.005028433442210321,-0.27065147041023574,4.173790491184915,False,-0.032294724870971646,0.631421088381362,0.04227046464790058,False,0.044002739298544216,False
OLS,repr_grid_raw,expanding,5,all_names,341,-0.007096942660576928,-4.130417921861249e-05,-0.0020817306326180694,0.2933278077871409,735.1139853881973,0.0,1.7194525904203322,0.005081167487202572,0.004894306372933309,-0.2894793549606632,4.222428276256339,False,,,,,,
OLS,repr_grid_raw,rolling_9m_3m,5,stocks,404,0.26792196739786744,0.0013864371440319297,0.06987643205920925,0.2608088942383806,1333.7682027221997,0.0,1.381188118811881,0.006542159746347626,0.004952927144198456,0.04923417639824561,4.707916654625921,False,0.26792196739786744,0.631421088381362,0.15193910507391112,False,0.15683041951235205,False
OLS,repr_grid_raw,rolling_9m_3m,5,all_names,404,0.2591326460169789,0.0013396871393941885,0.0675202318254671,0.26056242956374953,1309.579190659934,0.0,1.3952145214521452,0.006563824450559206,0.005020289872849757,0.05964324409857547,4.70494583586797,False,,,,,,
XGBoost,repr_grid_raw,expanding,5,stocks,341,0.09622385247179831,0.0004383980696368579,0.02209526270969764,0.22962355114781355,971.3144170564698,0.020527859237536656,1.9859057158229183,0.005517290662154607,0.004832779808596659,-0.14127256777425587,3.518892779848851,False,0.09622385247179831,0.631421088381362,0.08246727567793993,False,0.08537707813150486,False
XGBoost,repr_grid_raw,expanding,5,all_names,341,0.11227215199156691,0.0004933681210854009,0.024865753302704206,0.22147748004840906,1002.4394657849994,0.020527859237536656,1.9720532036003704,0.005650988585703333,0.004912546619113532,-0.05363754684549837,3.5112266421781575,False,,,,,,
XGBoost,repr_grid_raw,rolling_9m_3m,5,stocks,404,0.44208352563165054,0.001910998699788807,0.09631433446935588,0.2178645637874463,1788.6600099369643,0.039603960396039604,1.978501847959437,0.0064866222897872776,0.004331958566520168,-0.0758886833058849,5.690468409380229,False,0.44208352563165054,0.631421088381362,0.2970411950933246,False,0.30416885356284995,False
XGBoost,repr_grid_raw,rolling_9m_3m,5,all_names,404,0.42344249106875964,0.0018124627658493706,0.09134812339880828,0.21572734273371483,1725.4305234531805,0.039603960396039604,1.9859385290289702,0.0063900892146405985,0.00433340367423271,-0.057519912401207504,5.775062334533739,False,,,,,,
ElasticNet,repr_svi,expanding,5,stocks,341,0.4289647445363676,0.002471026159874615,0.1245397184576806,0.29032623320195056,1745.6900955771669,0.03812316715542522,1.7555470442406902,0.006401993322677182,0.0037038768455118403,-0.06727018854054208,4.22821168569041,False,0.4289647445363676,0.631421088381362,0.3001362783611906,False,0.30671809107768855,False
ElasticNet,repr_svi,expanding,5,all_names,341,0.4537640871869826,0.002567178542873522,0.1293857985608255,0.28513891296009397,1822.783399248978,0.03812316715542522,1.7592358376121946,0.006401993322677182,0.00360744780301007,-0.02167129034753309,4.2135645837495685,False,,,,,,
ElasticNet,repr_svi,rolling_9m_3m,5,stocks,404,0.3512576623759163,0.0009421222979533254,0.0474829638168476,0.13517986624312064,1361.4941049283248,0.7797029702970297,0.30610561056105606,0.002385339458981658,0.0013984043761784192,1.3837846623788455,17.039160101078252,False,0.3512576623759163,0.631421088381362,0.20709794957146854,False,0.2132124675072385,False
ElasticNet,repr_svi,rolling_9m_3m,5,all_names,404,0.3397994174879342,0.000913183100495018,0.04602442826494891,0.13544587158270566,1345.2816177401046,0.7797029702970297,0.3069306930693069,0.002385339458981658,0.0014272816924486074,1.3682222957512482,16.9381314147237,False,,,,,,
OLS,repr_svi,expanding,5,stocks,341,0.2003624281131676,0.001191192122290325,0.06003608296343238,0.299637429675803,1107.5877067160088,0.0,1.6559139784946235,0.006293684078237423,0.004879092058353652,-0.0503220840261629,4.453530461533619,False,0.2003624281131676,0.631421088381362,0.13169471420457318,False,0.1357671999204343,False
OLS,repr_svi,expanding,5,all_names,341,0.20030424511065026,0.0011875883713688496,0.059854453916990014,0.29881770046324163,1108.120814385385,0.0,1.6588465298142716,0.006293684078237422,0.0048824758679261535,-0.04516301180508126,4.458122789233437,False,,,,,,
OLS,repr_svi,rolling_9m_3m,5,stocks,404,0.2693224229860073,0.0014260380339408305,0.07187231691061785,0.2668634720932687,1338.4728483823487,0.0,1.3803630363036303,0.007152499788392422,0.00552372817752247,0.08708755824124328,4.41814113863934,False,0.2693224229860073,0.631421088381362,0.1526865284125023,False,0.15759745625091487,False
OLS,repr_svi,rolling_9m_3m,5,all_names,404,0.2744372061090127,0.0014527509436102896,0.0732186475579586,0.2667956309425279,1353.1520129669366,0.0,1.3853135313531355,0.007193568753410763,0.005537712945742638,0.08333424348617097,4.429245758998236,False,,,,,,
XGBoost,repr_svi,expanding,5,stocks,341,0.25355424350643935,0.0010898742415025,0.054929661771726,0.21663870031160015,1239.4252236132531,0.0469208211143695,1.959018927958855,0.004648159655343611,0.003316807488402369,0.47491221316737336,5.083442798399495,False,0.25355424350643935,0.631421088381362,0.16127920126975004,False,0.16598225610383954,False
XGBoost,repr_svi,expanding,5,all_names,341,0.30125816707502445,0.0012643785381616626,0.0637246783233478,0.2115284672348086,1325.3157341046626,0.0469208211143695,1.9430022795097537,0.004608771408256648,0.003104116193289926,0.5591019876045628,5.561979075385404,False,,,,,,
XGBoost,repr_svi,rolling_9m_3m,5,stocks,404,0.38145383300373803,0.001735733415281127,0.0874809641301688,0.22933565365251302,1633.9240298330078,0.03712871287128713,2.0865531855180315,0.006658301463615719,0.004670553614269083,0.08890704327649213,4.564288456034341,False,0.38145383300373803,0.631421088381362,0.23959088211208357,False,0.2460350743234831,False
XGBoost,repr_svi,rolling_9m_3m,5,all_names,404,0.385729974628882,0.0017461153059221278,0.08800421141847524,0.22814978665618546,1644.5202082414257,0.03712871287128713,2.0865930850576415,0.006688326002726905,0.004690193270273797,0.11207368848490487,4.533294985096087,False,,,,,,
