target,model,feature_set,scheme,horizon,n_windows,ic,nw_se,t,ic_stocks,t_stocks,ic_pooled,t_pooled,n_windows_pooled_defined,ic_pooled0,t_pooled0,share_constant_dates,oos_r2_mean,indicators_mean
return,ElasticNet,A,expanding,1,27,0.0,0.0,,0.0,,,,0,0.0,,1.0,0.0,7.0
return,ElasticNet,A,expanding,3,27,0.013725431977953916,0.006083609936374675,2.256132809549116,0.013466675643079976,2.1285473823085987,0.017011878753731068,2.014653454854719,22,0.013861530836373462,1.9682475769154133,0.18518518518518517,0.0002460745499202896,7.0
return,ElasticNet,A,expanding,5,27,0.0021364715254132585,0.005686209906718018,0.3757285714846909,0.002093962488270245,0.34009359008703793,0.001753340675664607,0.14348405151174046,15,0.0009740781531470038,0.17253274204015967,0.4444444444444444,-0.0005693067043641364,7.0
return,ElasticNet,A,rolling_9m_3m,1,32,0.0022280204851262537,0.002176821308630402,1.023520155877225,0.0023828563345119004,1.0115637307898502,0.004407957125974739,1.2869307779504109,18,0.0024794758833607913,1.2877226570552944,0.4375,8.858183265354714e-05,1.25
return,ElasticNet,A,rolling_9m_3m,3,32,0.003129831142937172,0.003041113036956578,1.0291729064005395,0.0035613324466840027,1.0520742594944876,0.0058640624891827505,0.5077296181804906,10,0.0018325195278696097,0.5217591794999376,0.6875,-0.0012649249457077907,1.25
return,ElasticNet,A,rolling_9m_3m,5,32,0.004170019202605178,0.0031494725519196523,1.3240373217615395,0.00471314746369495,1.3974491058503078,0.03944478334833347,,4,0.004930597918541684,1.540758638689942,0.8754960317460317,0.0008763797019263563,1.25
return,ElasticNet,B,expanding,1,27,0.0006243841661548332,0.0005712425158111716,1.0930281778277653,0.0007440975372488742,1.0930281778277655,0.006021790383062,,1,0.00022302927344674072,1.0930281778277655,0.9629629629629629,1.5523759442085184e-05,12.555555555555555
return,ElasticNet,B,expanding,3,27,0.016398587366661988,0.010899187883481752,1.504569656195655,0.017506542222071698,1.4731454513626394,0.01831255132002951,1.6327778513138185,27,0.01831255132002951,1.6327778513138185,0.0,0.0002339670073111547,12.481481481481481
return,ElasticNet,B,expanding,5,27,0.013019496976806814,0.010670320130288643,1.2201599218986716,0.012959060347877518,1.0938208800096156,0.015153493982161264,1.1642169584246416,24,0.01346977242858779,1.217395198983926,0.1111111111111111,0.0005831271495026778,12.481481481481481
return,ElasticNet,B,rolling_9m_3m,1,32,0.0036641457940621187,0.00337747470135674,1.084877347146441,0.004102335681371506,1.0675690220772134,0.00952606219838169,1.0624976433247526,11,0.003274583880693706,0.9619619725921195,0.65625,2.6822296978862822e-05,4.59375
return,ElasticNet,B,rolling_9m_3m,3,32,0.011915251836766512,0.006697907854178575,1.7789512928776752,0.012255145360613942,1.7475113581683166,0.01915499562245268,1.8994283288686749,19,0.01137327865083128,1.7124523634181374,0.40625,-0.002958201433425547,4.5625
return,ElasticNet,B,rolling_9m_3m,5,32,0.006556523573047184,0.005025999527429607,1.304521327004644,0.007581978024310938,1.4128545663984065,0.016470437642508256,1.3532413254359146,14,0.007205816468597362,1.3958637965102678,0.5629960317460317,-0.007247219363181591,4.5625
return,ElasticNet,C,expanding,1,27,0.0,0.0,,0.0,,,,0,0.0,,1.0,0.0,17.555555555555557
return,ElasticNet,C,expanding,3,27,0.010232285436176698,0.011262857387478379,0.9084981798271341,0.010175896367460835,0.832945747608051,0.011616056103584405,1.0366370842600503,26,0.01118583180345165,1.0374786879910474,0.037037037037037035,0.0003558484142634176,17.48148148148148
return,ElasticNet,C,expanding,5,27,0.007960730077420129,0.010175047195376633,0.782377705435838,0.00785967351060201,0.6965214440762221,0.010109095781473147,0.8891861521550257,24,0.008985862916865019,0.9147960524741225,0.1111111111111111,0.000457819878784263,17.48148148148148
return,ElasticNet,C,rolling_9m_3m,1,32,0.0001319503214588659,0.0032748485595442177,0.0402920376498968,0.0003252053197109905,0.089263227433389,-3.381225626409861e-05,-0.004036638595304316,14,-1.4792862115543793e-05,-0.004698141986859085,0.5625,-0.0003272870255054981,5.78125
return,ElasticNet,C,rolling_9m_3m,3,32,0.009237456117002402,0.004347459400667437,2.12479410746981,0.009263654471817838,2.001753710228032,0.016873643735458778,1.9686000702579405,16,0.00843682186772939,1.677073214318378,0.5,-0.003432847235762209,5.75
return,ElasticNet,C,rolling_9m_3m,5,32,-0.0011842309211064213,0.006674328787648013,-0.17743071382669118,-0.0003447953930208966,-0.048497832693844195,0.004138209313315435,0.20586583424567154,11,0.0014225094514521805,0.20355441199394528,0.6567460317460317,-0.00900998536925275,5.75
return,ElasticNet,D,expanding,1,27,0.0,0.0,,0.0,,,,0,0.0,,1.0,0.0,14.0
return,ElasticNet,D,expanding,3,27,0.012130661303770194,0.010394574853948006,1.1670185143900136,0.012596949305223383,1.088316056848072,0.015150277582667961,1.4018118104314885,27,0.015150277582667961,1.4018118104314885,0.0,0.0005613311299072723,14.0
return,ElasticNet,D,expanding,5,27,0.00873440970694008,0.010742557290867732,0.8130661508656991,0.008908732762590304,0.7408489727016317,0.011416695253636705,0.9582968821186935,25,0.01057101412373769,0.9565080749671553,0.07407407407407407,0.0005063564579292332,14.0
return,ElasticNet,D,rolling_9m_3m,1,32,-0.0007658647785255971,0.003559088819091201,-0.2151856324622878,-0.0006864765015513062,-0.17057108284031827,-0.001206708007644594,-0.15340470228527334,16,-0.000603354003822297,-0.16736674880410704,0.5,-0.0002121612482598902,8.25
return,ElasticNet,D,rolling_9m_3m,3,32,0.008676282925904156,0.004462878320660111,1.9441002650103247,0.008763046892392152,1.8914624873880932,0.017594915556517154,1.663092263783596,14,0.007697775555976257,1.3839552895494378,0.5625,-0.0012853837125964315,8.25
return,ElasticNet,D,rolling_9m_3m,5,32,0.00576518144614648,0.004659851173542242,1.237202913020076,0.006248197403207751,1.2400265337369076,0.03126773709818455,1.9670107437436566,7,0.00683981749022787,1.1639752097912488,0.78125,-0.00288819058638255,8.25
return,ElasticNet,candidate_6,expanding,1,27,0.0025002611357310377,0.002041473954242846,1.2247333014142467,0.0026151690880713654,1.1126741516113687,0.005338542798981893,0.8554724751472396,11,0.002174961881066697,0.769378157289706,0.5925925925925926,-3.379383375265535e-05,3.888888888888889
return,ElasticNet,candidate_6,expanding,3,27,0.014041380897952102,0.010542893825889172,1.3318336625445313,0.014977216544486109,1.3101955224467237,0.0158251565318801,1.3832887672126002,26,0.01523903962329195,1.4432173616664459,0.037037037037037035,0.00021250244779991902,3.8518518518518516
return,ElasticNet,candidate_6,expanding,5,27,0.023103478399723154,0.012573999884495741,1.8374008757714952,0.023959560495763525,1.7392964129121709,0.022539385936355696,1.6919103902456967,27,0.022539385936355696,1.6919103902456967,0.0,0.0013184483132736371,3.8518518518518516
return,ElasticNet,candidate_6,rolling_9m_3m,1,32,0.0070971865786735415,0.0030655424786254436,2.3151486655816442,0.006768648366116551,2.1739428372553413,0.00955853942376765,1.865899658748954,18,0.005376678425869303,1.9171941326604618,0.4375,-0.0014440028049009204,0.34375
return,ElasticNet,candidate_6,rolling_9m_3m,3,32,0.019517035566691016,0.004622183685361334,4.222470783344755,0.018934651836855936,3.6918189674809723,0.023131665383179106,3.3164884930578307,21,0.015180155407711289,3.3359735706002187,0.34375,-0.0018947547273243997,0.3125
return,ElasticNet,candidate_6,rolling_9m_3m,5,32,0.022902274100518108,0.006772822749819955,3.3814961569940585,0.02256845568617944,3.171904522008491,0.027085882189334137,2.424259054435681,21,0.01777511018675053,2.7147555075720833,0.34424603174603174,-0.0053604814051933245,0.3125
return,ElasticNet,repr_bkm,expanding,1,27,0.0,0.0,,0.0,,,,0,0.0,,1.0,0.0,8.0
return,ElasticNet,repr_bkm,expanding,3,27,0.013815522351122721,0.00611108741743886,2.26073060445808,0.01356587051020776,2.133886027994359,0.017012790477754055,2.0147685268985125,22,0.013862273722614414,1.9683320587216964,0.18518518518518517,0.0002460745110160004,8.0
return,ElasticNet,repr_bkm,expanding,5,27,0.0010421686347405219,0.005468662655749056,0.19057102263291345,0.00097676004269299,0.15909293530240434,0.0051618718945132605,0.5154767385655623,17,0.0032500674891379777,0.5543682800456632,0.37037037037037035,4.507616066411408e-06,8.0
return,ElasticNet,repr_bkm,rolling_9m_3m,1,32,0.002196546263849288,0.0021712446756209434,1.0116530340925804,0.002361950035158066,1.004290500043737,0.004402791981439661,1.284533847423636,18,0.00247657048955981,1.2861078597499107,0.4375,8.857467366526117e-05,2.25
return,ElasticNet,repr_bkm,rolling_9m_3m,3,32,0.0015546695285352337,0.003329280357478024,0.46696864235035984,0.0019765298916802534,0.5357091265219432,0.0014499099205037083,0.13373804850516566,12,0.0005437162201888902,0.13920438677493735,0.625,-0.0023667238957771532,2.25
return,ElasticNet,repr_bkm,rolling_9m_3m,5,32,-0.0025726053272654066,0.003686179304555558,-0.6979056401532223,-0.001686117702663816,-0.43156011229320396,-0.010179121219141819,-0.38563627913674275,5,-0.001590487690490909,-0.3807125466264289,0.8442460317460317,-0.003286757970898469,2.25
return,ElasticNet,repr_grid,expanding,1,27,0.001424211894940911,0.0012727977132061055,1.1189617015836726,0.001583148994784963,1.1143032585130885,0.014471877673105767,4.673821852335334,3,0.001607986408122863,1.137748318075556,0.8888888888888888,6.228235664795554e-05,12.0
return,ElasticNet,repr_grid,expanding,3,27,0.008991942841312621,0.011058137638372639,0.8131516477159633,0.009192224572086072,0.7533050360379488,0.011184383919042883,0.9945215704606868,26,0.01077014747759685,0.9830172310399008,0.037037037037037035,0.0004762676344830952,12.0
return,ElasticNet,repr_grid,expanding,5,27,0.011272913292465202,0.010092092228189155,1.1170045851322867,0.011540569240449484,0.9933208282896111,0.012697736152141937,1.1704572250971261,26,0.012227449627988536,1.1942767991115464,0.037037037037037035,0.0005364463573584221,12.0
return,ElasticNet,repr_grid,rolling_9m_3m,1,32,0.00258235819410951,0.00380028635803346,0.6795167392190432,0.003015715250228147,0.713965434638383,0.005249949827242027,0.9794806110503552,19,0.0031171577099249536,0.9392805874126847,0.40625,9.165133060314185e-05,6.25
return,ElasticNet,repr_grid,rolling_9m_3m,3,32,0.009477583055196394,0.0050402556804864905,1.8803774363846575,0.009739866710414397,1.8221531413859322,0.01817495963537718,1.782680797952777,14,0.007951544840477515,1.4393466761932576,0.5625,-0.0013491968535599063,6.25
return,ElasticNet,repr_grid,rolling_9m_3m,5,32,0.0028031549905349127,0.005989491145437368,0.4680122104647037,0.003580584359159256,0.5562376529771151,0.012682401462239621,0.7045768152722236,9,0.0035669254112548933,0.5416492882028542,0.71875,-0.005102085247150394,6.25
return,ElasticNet,repr_grid_raw,expanding,1,27,0.0004179819252082778,0.00040858635059042703,1.0229953218071866,0.00037328736692787034,1.0229953218071866,0.0092160200694996,,1,0.00034133407664813336,1.0229953218071866,0.9629629629629629,-3.9316097775648154e-05,7.0
return,ElasticNet,repr_grid_raw,expanding,3,27,0.009945674030859926,0.009490183742523469,1.047995939877908,0.009933263730142227,0.9276628965882845,0.011716009863796468,1.1215437591730009,26,0.011282083572544746,1.1560742508795516,0.037037037037037035,0.00039307152654813543,7.0
return,ElasticNet,repr_grid_raw,expanding,5,27,0.010935315141760058,0.009137360653860801,1.1967695657432071,0.011011928691516645,1.0377294720796564,0.013016998402023318,1.3042428333329183,26,0.012534887350096531,1.3435354018382288,0.037037037037037035,0.0004886302473916778,7.0
return,ElasticNet,repr_grid_raw,rolling_9m_3m,1,32,0.0008814778742122691,0.0033048344116079257,0.26672376416687005,0.001122420032033944,0.30910248195721635,0.0014230947380373523,0.24291272625892268,19,0.0008449625007096777,0.25841764939192874,0.40625,-0.00034943596602403924,1.25
return,ElasticNet,repr_grid_raw,rolling_9m_3m,3,32,0.006282801746377326,0.0041862052607379375,1.5008346115521827,0.0065716232043170585,1.435531392379105,0.008373153611752723,0.8873104598218827,14,0.003663254705141816,0.7310986315711234,0.5625,-0.002186571560904416,1.25
return,ElasticNet,repr_grid_raw,rolling_9m_3m,5,32,0.008400743126468975,0.004223294766593866,1.9891443980937817,0.009214109607335931,2.0048719103266013,0.03766589674846424,4.7997819608463885,8,0.00941647418711606,2.3428192376325665,0.7504960317460317,-0.0005624044784901061,1.25
return,ElasticNet,repr_svi,expanding,1,27,0.0,0.0,,0.0,,,,0,0.0,,1.0,0.0,9.0
return,ElasticNet,repr_svi,expanding,3,27,0.0068930706848397616,0.010810818199229796,0.6376086025876238,0.006485328194941926,0.5678569202271543,0.012399137498389045,1.1687974392027638,26,0.011939910183633894,1.109191016162078,0.037037037037037035,0.00030511127539277033,9.0
return,ElasticNet,repr_svi,expanding,5,27,0.006600422719324007,0.011499911918062093,0.5739541977671319,0.006799022828132534,0.5596558454098353,0.012445057770731384,1.1020519453609834,26,0.01198412970514874,1.0692836578413567,0.037037037037037035,0.0003830963416636518,9.0
return,ElasticNet,repr_svi,rolling_9m_3m,1,32,-0.0008640791489812221,0.0032541399974780004,-0.26553226033633903,-0.0006556642830670032,-0.18055287306386572,-0.0014865214409010563,-0.21342453307429152,16,-0.0007432607204505277,-0.24050830156187425,0.5,-0.00047858930727205705,3.25
return,ElasticNet,repr_svi,rolling_9m_3m,3,32,0.0055093629936972775,0.0041789179371286185,1.318370706624314,0.005769314237754421,1.2879400380827444,0.013789295846211138,1.1554046912210663,11,0.004740070447135078,0.8878857534373041,0.65625,-0.0004231433304845844,3.25
return,ElasticNet,repr_svi,rolling_9m_3m,5,32,0.0022497306915797593,0.004102562922440308,0.5483720138146139,0.0026434865299420508,0.591699692504991,0.01248944412457539,0.5344477739340882,7,0.0027320659022508666,0.5318847412140362,0.78125,-0.003412633902224122,3.25
return,OLS,A,expanding,1,27,0.01093426746491504,0.004725366981356314,2.313950960434526,0.011088373207927238,2.256286677420937,0.007595469653659011,1.7075270643911666,27,0.007595469653659011,1.7075270643911666,0.0,-0.0012249639302343957,7.0
return,OLS,A,expanding,3,27,0.01577123032132953,0.007676901419072724,2.0543744748560937,0.016155259528334506,1.9848975549301102,0.011773646453015017,1.520294509489595,27,0.011773646453015017,1.520294509489595,0.0,-0.003838086656089689,7.0
return,OLS,A,expanding,5,27,0.014451262247985224,0.01024042348659582,1.4111977172527261,0.01517017423185914,1.4056627116769018,0.011687474310507803,1.1468769296397578,27,0.011687474310507803,1.1468769296397578,0.0,-0.006447301521410113,7.0
return,OLS,A,rolling_9m_3m,1,32,0.009481152287474415,0.004425728768665267,2.1422804656720498,0.009193380908459512,2.1114183032870724,0.006782143794109733,1.5226603588473033,32,0.006782143794109733,1.5226603588473033,0.0,-0.015026693172583285,1.25
return,OLS,A,rolling_9m_3m,3,32,0.009838397225096449,0.00740801314848027,1.3280750219935509,0.009643341571066291,1.3281903348817126,0.005489054608189133,0.7861833852331653,32,0.005489054608189133,0.7861833852331653,0.0,-0.04261256239727759,1.25
return,OLS,A,rolling_9m_3m,5,32,0.00522885251936725,0.008213141751213413,0.6366446212370238,0.005132531661702468,0.6308494608417906,0.0029194787685733314,0.3531780746364969,32,0.0029194787685733314,0.3531780746364969,0.0,-0.07102375865263266,1.25
return,OLS,B,expanding,1,27,0.009908597121103672,0.006393957966950155,1.549681304181291,0.010327559624608866,1.4825119866291492,0.007262430847611074,1.3182572649876858,27,0.007262430847611074,1.3182572649876858,0.0,-0.0011132544340029039,12.555555555555555
return,OLS,B,expanding,3,27,0.020963431435312256,0.009122834181862279,2.29790775732733,0.021003633031959762,2.2072528120517814,0.01806775528110405,2.2663123834621435,27,0.01806775528110405,2.2663123834621435,0.0,-0.0022692851923175484,12.481481481481481
return,OLS,B,expanding,5,27,0.022692710166338365,0.011003727117632563,2.0622748932018835,0.022851100161581428,1.976189739083495,0.020040922550498334,1.9376576604520692,27,0.020040922550498334,1.9376576604520692,0.0,-0.0037812886489207672,12.481481481481481
return,OLS,B,rolling_9m_3m,1,32,0.012452224261235559,0.005416871477128743,2.2987852515629488,0.012599067885998672,2.3024739504146727,0.011562269675780345,2.264102129554308,32,0.011562269675780345,2.264102129554308,0.0,-0.013388500924748276,4.59375
return,OLS,B,rolling_9m_3m,3,32,0.017035110134748344,0.008176789848125718,2.083349389082456,0.016521403661991917,1.9930499447841883,0.014622548038790208,1.9265503070346763,32,0.014622548038790208,1.9265503070346763,0.0,-0.03368876452872035,4.5625
return,OLS,B,rolling_9m_3m,5,32,0.0137066180917857,0.010149683724601297,1.3504478034682927,0.013229755004590709,1.2886015420306032,0.012272989378340505,1.2280280809419823,32,0.012272989378340505,1.2280280809419823,0.0,-0.055320899570904566,4.5625
return,OLS,C,expanding,1,27,0.006029946204026736,0.005720042774854587,1.0541785160304205,0.006332921732525997,1.0290152017215375,0.0047343897059479575,0.9923973305732218,27,0.0047343897059479575,0.9923973305732218,0.0,-0.002228697501164041,17.555555555555557
return,OLS,C,expanding,3,27,0.014696399042190115,0.007757227280150949,1.894542793633879,0.014458883497081658,1.8161834723427643,0.012253887458126651,1.614381223818531,27,0.012253887458126651,1.614381223818531,0.0,-0.005439184047977447,17.48148148148148
return,OLS,C,expanding,5,27,0.01407221058217715,0.010002013337091586,1.4069377942130508,0.014300201156811613,1.3691340456442644,0.012599846532107335,1.2495372388330304,27,0.012599846532107335,1.2495372388330304,0.0,-0.009002874430664626,17.48148148148148
return,OLS,C,rolling_9m_3m,1,32,0.008101949929952187,0.004408652604472186,1.8377383424889229,0.007837643784187356,1.7523064329813667,0.007994894303884273,1.8225610954162792,32,0.007994894303884273,1.8225610954162792,0.0,-0.02672194494456756,5.78125
return,OLS,C,rolling_9m_3m,3,32,0.010428681496679039,0.006738810554816352,1.547555226823444,0.009888860511117484,1.431160448039162,0.008041750958094403,1.3299517481409642,32,0.008041750958094403,1.3299517481409642,0.0,-0.0700710455578619,5.75
return,OLS,C,rolling_9m_3m,5,32,0.0057426590060281595,0.007561281546184412,0.7594822347180064,0.0053583226797649834,0.695187990707787,0.004997603214752955,0.6737447823503429,32,0.004997603214752955,0.6737447823503429,0.0,-0.11452644401519119,5.75
return,OLS,D,expanding,1,27,0.009339087902952901,0.004858328523326168,1.9222841473386119,0.008662763326619157,1.7261995002363508,0.008003872590883162,1.644113826934447,27,0.008003872590883162,1.644113826934447,0.0,-0.004171419728773855,14.0
return,OLS,D,expanding,3,27,0.01435578250829623,0.007689045549154055,1.8670434992904479,0.01419686075168378,1.771070643549015,0.011959616001273883,1.4975625880257422,27,0.011959616001273883,1.4975625880257422,0.0,-0.007617008904972308,14.0
return,OLS,D,expanding,5,27,0.014159403063394718,0.010006132734413482,1.4150724799699235,0.014420546172123171,1.3904133303986654,0.012230726953342019,1.2264683116612254,27,0.012230726953342019,1.2264683116612254,0.0,-0.011022032071615737,14.0
return,OLS,D,rolling_9m_3m,1,32,0.007760302557127993,0.0037446245468897564,2.0723846836857422,0.007213483791753762,1.8822757118321112,0.004781154287804803,1.1465952834563942,32,0.004781154287804803,1.1465952834563942,0.0,-0.042097549206271144,8.25
return,OLS,D,rolling_9m_3m,3,32,0.008618695305573673,0.0058192791552153615,1.4810589208200151,0.008479325908542664,1.4592750588311045,0.004876876096600731,0.8594772350622537,32,0.004876876096600731,0.8594772350622537,0.0,-0.09310210020454018,8.25
return,OLS,D,rolling_9m_3m,5,32,0.006192064762592257,0.007431713810444942,0.8331947274247277,0.00584207311226846,0.7805961700237128,0.004778868462681116,0.6712313022107951,32,0.004778868462681116,0.6712313022107951,0.0,-0.12875257771737392,8.25
return,OLS,candidate_6,expanding,1,27,0.014042956797923738,0.006127696704005682,2.291718646705187,0.014399308240305385,2.2958511185087285,0.009937191663444008,1.6272085702847525,27,0.009937191663444008,1.6272085702847525,0.0,-0.00045409811854789036,3.888888888888889
return,OLS,candidate_6,expanding,3,27,0.022676733931417788,0.010564914022025735,2.1464191648073356,0.02312687485189707,2.12773886395702,0.017768122095436524,1.8655716116484007,27,0.017768122095436524,1.8655716116484007,0.0,-0.0011546860823911558,3.8518518518518516
return,OLS,candidate_6,expanding,5,27,0.024005349013688088,0.012260773724261417,1.9578983801150085,0.024359661190355604,1.9339783078598887,0.02008635912572614,1.6928466504741433,27,0.02008635912572614,1.6928466504741433,0.0,-0.002105467559001393,3.8518518518518516
return,OLS,candidate_6,rolling_9m_3m,1,32,0.015619906889229547,0.005737629223075778,2.722362544168751,0.01547246333469344,2.766202606770703,0.011209506586405911,1.9633217622386376,32,0.011209506586405911,1.9633217622386376,0.0,-0.006835862944043244,0.34375
return,OLS,candidate_6,rolling_9m_3m,3,32,0.017479557913834085,0.009140394923442227,1.9123416504690118,0.017542065087745112,1.9651205232974618,0.011891220668392523,1.3540090005266896,32,0.011891220668392523,1.3540090005266896,0.0,-0.019784163861853336,0.3125
return,OLS,candidate_6,rolling_9m_3m,5,32,0.014825928727312374,0.011137238776535024,1.3312032744192417,0.014657309523561021,1.3554358620718572,0.01090608606306023,0.9548145039548863,32,0.01090608606306023,0.9548145039548863,0.0,-0.033769265517721886,0.3125
return,OLS,repr_bkm,expanding,1,27,0.009872423743499748,0.0046393786800774574,2.1279624760733955,0.00996464260023602,2.09295480796696,0.0066790776489899515,1.5161588272324003,27,0.0066790776489899515,1.5161588272324003,0.0,-0.0012628674436775606,8.0
return,OLS,repr_bkm,expanding,3,27,0.014509245937194874,0.007434947073721205,1.9514928342230913,0.015046740683394073,1.9296699701774251,0.011225134197477208,1.4798339380142982,27,0.011225134197477208,1.4798339380142982,0.0,-0.0039058257051687068,8.0
return,OLS,repr_bkm,expanding,5,27,0.013239087569697288,0.009957530360124507,1.3295553305781482,0.014024466914867908,1.358004698432262,0.011065578763273829,1.1054943999392512,27,0.011065578763273829,1.1054943999392512,0.0,-0.006531156644736371,8.0
return,OLS,repr_bkm,rolling_9m_3m,1,32,0.008876086008865828,0.004165902757447996,2.1306512719234134,0.008652737319022455,2.1021907012166614,0.006214595219073091,1.4488167876589906,32,0.006214595219073091,1.4488167876589906,0.0,-0.015681427084453154,2.25
return,OLS,repr_bkm,rolling_9m_3m,3,32,0.009422101484900138,0.007375789218309132,1.277436380843339,0.009129725218137198,1.2516420913093436,0.005993043392149839,0.8805286090382428,32,0.005993043392149839,0.8805286090382428,0.0,-0.043688636002571564,2.25
return,OLS,repr_bkm,rolling_9m_3m,5,32,0.004347537252540292,0.008264250509565682,0.5260655213086918,0.004446648515449125,0.5437516187709491,0.003351957493251765,0.40883771124911894,32,0.003351957493251765,0.40883771124911894,0.0,-0.07245907298951888,2.25
return,OLS,repr_grid,expanding,1,27,0.010109356171190124,0.0048871006984286276,2.0685794697131232,0.009893331970066326,1.9586406664002096,0.009066207795963541,1.9360486401551955,27,0.009066207795963541,1.9360486401551955,0.0,-0.003305913088636489,12.0
return,OLS,repr_grid,expanding,3,27,0.0156637406500023,0.007884694654973207,1.9866007924761582,0.015555635719602891,1.9032198042478587,0.01249645824129924,1.537144472425556,27,0.01249645824129924,1.537144472425556,0.0,-0.006433335309275118,12.0
return,OLS,repr_grid,expanding,5,27,0.013977352781451353,0.00971417783882823,1.4388611175701276,0.014371366559806253,1.4206145159460064,0.012170445288900319,1.2345653902695246,27,0.012170445288900319,1.2345653902695246,0.0,-0.009815485836136372,12.0
return,OLS,repr_grid,rolling_9m_3m,1,32,0.008782654538020124,0.0037809184111145477,2.322889198614353,0.008585220093517459,2.248363133190988,0.005449561576075247,1.1968185573391426,32,0.005449561576075247,1.1968185573391426,0.0,-0.03551728764819637,6.25
return,OLS,repr_grid,rolling_9m_3m,3,32,0.009862664086028938,0.006217816595951576,1.586194113935513,0.009872525048716675,1.5617923104203204,0.005650741385552209,0.9564594720809168,32,0.005650741385552209,0.9564594720809168,0.0,-0.07963068177908399,6.25
return,OLS,repr_grid,rolling_9m_3m,5,32,0.0063847641772340185,0.007138805960770369,0.8943742430204701,0.006218765700541586,0.8578320714883396,0.005008302384201568,0.7297396581730057,32,0.005008302384201568,0.7297396581730057,0.0,-0.11397826354328353,6.25
return,OLS,repr_grid_raw,expanding,1,27,0.011178585084613701,0.0042930258158826815,2.603894214485475,0.011171349962744317,2.419085880387822,0.007416381435824649,1.8275196594254168,27,0.007416381435824649,1.8275196594254168,0.0,-0.0016951994992208176,7.0
return,OLS,repr_grid_raw,expanding,3,27,0.014869316385964441,0.00741000392503071,2.0066543198089892,0.015367360765918443,1.9331974623212096,0.011975737379024983,1.6133242590829924,27,0.011975737379024983,1.6133242590829924,0.0,-0.00424904277325213,7.0
return,OLS,repr_grid_raw,expanding,5,27,0.014079664055631273,0.009542764000260849,1.4754282988918523,0.014861113688632101,1.4789849479537103,0.012145700456695826,1.2337142397580976,27,0.012145700456695826,1.2337142397580976,0.0,-0.007229651679589493,7.0
return,OLS,repr_grid_raw,rolling_9m_3m,1,32,0.008350877958720436,0.004255735490077928,1.9622643320267823,0.008098498100002694,1.913245625261238,0.006158876027449144,1.4419809362161011,32,0.006158876027449144,1.4419809362161011,0.0,-0.02151335125696931,1.25
return,OLS,repr_grid_raw,rolling_9m_3m,3,32,0.010321897884783805,0.006489783204211688,1.590484236528145,0.010287244481485805,1.6206883443687563,0.006284542302788134,0.9760481655968039,32,0.006284542302788134,0.9760481655968039,0.0,-0.05287294319176691,1.25
return,OLS,repr_grid_raw,rolling_9m_3m,5,32,0.005699212174818264,0.007651890791115877,0.7448109663869297,0.005532822539880414,0.7334421901866602,0.00370251919518137,0.4794653170269268,32,0.00370251919518137,0.4794653170269268,0.0,-0.08508035941641617,1.25
return,OLS,repr_svi,expanding,1,27,0.008682378456849875,0.005099868401015341,1.7024710784931796,0.008372530948523797,1.5736999092832218,0.005857915264414209,1.1473393757481543,27,0.005857915264414209,1.1473393757481543,0.0,-0.0016500304643570147,9.0
return,OLS,repr_svi,expanding,3,27,0.01353135016614655,0.007822792685849839,1.7297339594110124,0.01361612396948209,1.653257673200376,0.010483384446642811,1.3011426736973002,27,0.010483384446642811,1.3011426736973002,0.0,-0.004543517795992219,9.0
return,OLS,repr_svi,expanding,5,27,0.01302130355833337,0.010107937769517806,1.2882255367263251,0.013125640347664103,1.2566542423318716,0.01025373506736292,0.9862685821076048,27,0.01025373506736292,0.9862685821076048,0.0,-0.00734280216556393,9.0
return,OLS,repr_svi,rolling_9m_3m,1,32,0.007208290786050897,0.003891079273412148,1.8525170729122244,0.0066780709016045145,1.7153741203508683,0.003984377702613548,1.0360978238151382,32,0.003984377702613548,1.0360978238151382,0.0,-0.0212189876581571,3.25
return,OLS,repr_svi,rolling_9m_3m,3,32,0.007285262946108695,0.006858398440246931,1.0622396773212837,0.007191619444534681,1.063629058657737,0.0026819239951541554,0.41383910827149334,32,0.0026819239951541554,0.41383910827149334,0.0,-0.05087054459266597,3.25
return,OLS,repr_svi,rolling_9m_3m,5,32,0.0038076033248753936,0.007978198425611456,0.4772510185573099,0.0035065024384706243,0.44309886396149845,0.0013585906558465123,0.1684796298207587,32,0.0013585906558465123,0.1684796298207587,0.0,-0.0819362264159598,3.25
return,XGBoost,A,expanding,1,27,0.005666212362136143,0.004667593382969926,1.213947295154234,0.006092330926836992,1.2765767400226153,0.005360023238697501,1.0769067931400693,27,0.005360023238697501,1.0769067931400693,0.007642563198118754,7.811079095853002e-05,7.0
return,XGBoost,A,expanding,3,27,0.009302979880933473,0.00658067884825548,1.4136808823909812,0.010083674344476037,1.4444587108262075,0.012532045689907245,1.8321291630607646,27,0.012532045689907245,1.8321291630607646,0.0,2.9657794029256328e-05,7.0
return,XGBoost,A,expanding,5,27,0.005906494306145943,0.006065894535854283,0.9737218923332481,0.007022397677624065,1.0691215648765804,0.005451963431181617,0.7860974007665428,27,0.005451963431181617,0.7860974007665428,0.0,-0.0006398052764700567,7.0
return,XGBoost,A,rolling_9m_3m,1,32,0.005306697597730106,0.0034658729028949425,1.5311287362261832,0.004988991168495928,1.5891649751796557,0.002386900486514306,0.7409568077290895,32,0.002386900486514306,0.7409568077290895,0.0,-0.0007224954921832851,1.25
return,XGBoost,A,rolling_9m_3m,3,32,0.007673407159024356,0.00673794101952617,1.1388356082054234,0.007395424499218983,1.1301064163695178,0.00927537976140003,1.3515276639100209,32,0.00927537976140003,1.3515276639100209,0.0,-0.004575554582967016,1.25
return,XGBoost,A,rolling_9m_3m,5,32,0.009907661199575882,0.004886962767995905,2.027365803656187,0.010229821207193682,2.1936892095195364,0.005809223382979954,1.2336308504933458,32,0.005809223382979954,1.2336308504933458,0.001984126984126984,-0.007290843559841284,1.25
return,XGBoost,B,expanding,1,27,0.000853169224723681,0.0057270502440012975,0.14897184211319237,0.0008341880395619698,0.14204131302516182,0.0012711605745534369,0.21488035187177051,27,0.0012711605745534369,0.21488035187177051,0.0,-0.0008195321782605012,12.555555555555555
return,XGBoost,B,expanding,3,27,0.010337750343993297,0.007859147685059244,1.3153780483914355,0.00967676982770981,1.2704731637674018,0.011014445142571081,1.3746421405013756,27,0.011014445142571081,1.3746421405013756,0.0,-0.0004346427943739442,12.481481481481481
return,XGBoost,B,expanding,5,27,0.015899323049837582,0.012149561751816989,1.3086334614052897,0.01602851551084947,1.2903612183289743,0.01751286668588081,1.3422521000613892,27,0.01751286668588081,1.3422521000613892,0.0,-0.0006917717178917675,12.481481481481481
return,XGBoost,B,rolling_9m_3m,1,32,0.01499646866717634,0.002722623766679067,5.508094379660967,0.015607378203535267,5.583245308602267,0.01475008297684589,5.049737482375973,32,0.01475008297684589,5.049737482375973,0.0,-0.0024365541455599765,4.59375
return,XGBoost,B,rolling_9m_3m,3,32,0.009921623272691409,0.003921999299785989,2.5297361152595816,0.009381043598940368,2.193593119647157,0.011552518614751503,2.4346770328689114,32,0.011552518614751503,2.4346770328689114,0.0,-0.0025174051913716897,4.5625
return,XGBoost,B,rolling_9m_3m,5,32,0.00886602243376735,0.004651733270358302,1.9059610511770466,0.008736898461556689,1.7877544260697642,0.010096602759017314,1.8524557090408356,32,0.010096602759017314,1.8524557090408356,0.0,-0.005481045848666103,4.5625
return,XGBoost,C,expanding,1,27,0.002055758592275277,0.005586686895993182,0.3679745492359137,0.0018036003055737898,0.30881051018527966,0.0033832193400715,0.5406047710099603,27,0.0033832193400715,0.5406047710099603,0.0011757789535567313,-0.0008206244882749673,17.555555555555557
return,XGBoost,C,expanding,3,27,0.006759523701724435,0.008805263227644035,0.7676685553820787,0.0073000778928857864,0.7628901224688105,0.012742993382875642,1.367980904901603,27,0.012742993382875642,1.367980904901603,0.0,-0.0003748187617311311,17.48148148148148
return,XGBoost,C,expanding,5,27,0.014433581592574558,0.008857436828682955,1.6295438366361727,0.014463038830000772,1.6240223583782618,0.014949785502935428,1.7514144910822909,27,0.014949785502935428,1.7514144910822909,0.0,-0.001158984497488593,17.48148148148148
return,XGBoost,C,rolling_9m_3m,1,32,0.012176746632703125,0.003861828620934834,3.1531038344615863,0.012663564120390762,3.2238580537142605,0.010278009489578124,2.4067400293094883,32,0.010278009489578124,2.4067400293094883,0.0,-0.0034160978631272475,5.78125
return,XGBoost,C,rolling_9m_3m,3,32,0.0016680233291835444,0.004374137266800752,0.38133767356677817,0.0008667552156109912,0.19564368107871485,0.004577771043646567,0.8993774739466811,32,0.004577771043646567,0.8993774739466811,0.0,-0.0025488783406969616,5.75
return,XGBoost,C,rolling_9m_3m,5,32,0.0005843597217078172,0.006438771620350376,0.0907563982951174,-0.0011981415661498152,-0.187690703351721,0.001183232228111206,0.17581048584740014,32,0.001183232228111206,0.17581048584740014,0.000496031746031746,-0.0009440089301811062,5.75
return,XGBoost,D,expanding,1,27,0.006141964012490818,0.005657041834980945,1.0857200974741432,0.006030752481110652,1.0101936017189213,0.006356490768596546,1.1686452002911183,27,0.006356490768596546,1.1686452002911183,0.0,-0.0004572402567968294,14.0
return,XGBoost,D,expanding,3,27,0.00482033023954754,0.007850609675563077,0.6140071203070998,0.005688059454529752,0.651659988924022,0.003839452996943923,0.40524010590843323,27,0.003839452996943923,0.40524010590843323,0.0,-0.000785326210657341,14.0
return,XGBoost,D,expanding,5,27,0.008226430892092266,0.010376242335728805,0.7928140675517925,0.0074829737529989405,0.6538004756452718,0.011883153550249107,1.0729871725933715,27,0.011883153550249107,1.0729871725933715,0.0,-0.001774256828982294,14.0
return,XGBoost,D,rolling_9m_3m,1,32,0.0058593602104443695,0.004027274498896642,1.4549195025195494,0.006287679609197341,1.3965194370870324,0.0060001066699117995,1.3796060581210219,32,0.0060001066699117995,1.3796060581210219,0.0,-0.002417395501407957,8.25
return,XGBoost,D,rolling_9m_3m,3,32,0.009458872676881171,0.006292600157269141,1.5031739567870663,0.010309071877745277,1.5791049688656449,0.012453316997983362,1.9872327705059984,32,0.012453316997983362,1.9872327705059984,0.0,-0.005177407016510943,8.25
return,XGBoost,D,rolling_9m_3m,5,32,0.005725309261988365,0.00914252972630587,0.6262281265014528,0.006651842683527289,0.6924117937962888,0.008850170246255857,1.0731603116204407,32,0.008850170246255857,1.0731603116204407,0.000496031746031746,-0.0017446775946883678,8.25
return,XGBoost,candidate_6,expanding,1,27,-8.863882328455876e-05,0.004092559449885673,-0.02165853040620703,0.00043638841073942236,0.10378081240880993,0.001906517760302319,0.46755121632058505,27,0.001906517760302319,0.46755121632058505,0.0,-0.00013814636873736227,3.888888888888889
return,XGBoost,candidate_6,expanding,3,27,0.010974830639369968,0.008686551717271137,1.263427767033164,0.011038033921690811,1.2415456279549484,0.013314930117248132,1.5158347776245464,27,0.013314930117248132,1.5158347776245464,0.0,-0.0004051904874749378,3.8518518518518516
return,XGBoost,candidate_6,expanding,5,27,0.013465835494644758,0.01036385209452646,1.2993079572948145,0.014343157745837724,1.3093591478092736,0.014457420827149906,1.2539794626026648,27,0.014457420827149906,1.2539794626026648,0.0,1.989057091509407e-05,3.8518518518518516
return,XGBoost,candidate_6,rolling_9m_3m,1,32,0.008470619880241781,0.0031241902843706904,2.711300884141898,0.00858425791330942,2.5616026303214676,0.007851719398383826,2.2571616182638063,32,0.007851719398383826,2.2571616182638063,0.0,-0.00042359390360858145,0.34375
return,XGBoost,candidate_6,rolling_9m_3m,3,32,0.01828269663454047,0.0035100294010714213,5.208701849893267,0.017813965972746655,5.004157756461022,0.018099923145352487,4.7602111555327395,32,0.018099923145352487,4.7602111555327395,0.0,-0.0031211647019482353,0.3125
return,XGBoost,candidate_6,rolling_9m_3m,5,32,0.020143329815457748,0.006184194291514561,3.2572278401887784,0.019594554522211434,2.9773562133860207,0.02004755864826161,3.0316773051711525,32,0.02004755864826161,3.0316773051711525,0.0,-0.004675097776909506,0.3125
return,XGBoost,repr_bkm,expanding,1,27,0.00348528732122626,0.003923925334893886,0.8882144851822243,0.0037325156423830036,0.8324568749398311,0.006045889425544897,1.8099500624802656,27,0.006045889425544897,1.8099500624802656,0.023515579071134628,0.00022689278029458925,8.0
return,XGBoost,repr_bkm,expanding,3,27,0.007129132572210082,0.004371064136225415,1.630983291488916,0.008174643244388166,1.62353844038836,0.011093567730426992,2.1761233034590073,27,0.011093567730426992,2.1761233034590073,0.0,6.93791724888577e-05,8.0
return,XGBoost,repr_bkm,expanding,5,27,0.008493839685232412,0.005278432708645306,1.6091594141800343,0.009267956412541963,1.70363331556865,0.006325752609198541,1.0771568573364607,27,0.006325752609198541,1.0771568573364607,0.0,-0.0007072065721134341,8.0
return,XGBoost,repr_bkm,rolling_9m_3m,1,32,0.005520826056915694,0.0037058491527643777,1.489760060200355,0.005117709352001853,1.379903119623292,0.005499705086768216,1.4356537955843673,32,0.005499705086768216,1.4356537955843673,0.0,-0.0013670594369174453,2.25
return,XGBoost,repr_bkm,rolling_9m_3m,3,32,0.008190983087477195,0.00652215324156817,1.2558709959884007,0.00851695338134495,1.2843935587483388,0.012229854888424678,1.8871463888227205,32,0.012229854888424678,1.8871463888227205,0.0,-0.0034010628445898684,2.25
return,XGBoost,repr_bkm,rolling_9m_3m,5,32,0.0076605066834861246,0.00635747715611247,1.2049601587826142,0.007561512152926284,1.1684617626492255,0.007386233977113936,1.1176968549274666,32,0.007386233977113936,1.1176968549274666,0.0,-0.0038418930980158115,2.25
return,XGBoost,repr_grid,expanding,1,27,0.009413687847152359,0.0059454524009199886,1.5833425637543919,0.009871414823516398,1.5667876354007628,0.009190705975792572,1.676244463233866,27,0.009190705975792572,1.676244463233866,0.0,-0.0006501627006227387,12.0
return,XGBoost,repr_grid,expanding,3,27,0.005819659945752553,0.007188992251499039,0.8095237471620651,0.007010515110207423,0.8420645196135208,0.008873515361756115,1.1575404702536995,27,0.008873515361756115,1.1575404702536995,0.0,-0.0013628294702619007,12.0
return,XGBoost,repr_grid,expanding,5,27,0.009091102095121371,0.010131391570169145,0.897320178788588,0.009245551374785367,0.8305548751397795,0.01229631977760711,1.114728129402514,27,0.01229631977760711,1.114728129402514,0.0,-0.0019012576067682077,12.0
return,XGBoost,repr_grid,rolling_9m_3m,1,32,0.007475037697236682,0.003967740135144273,1.8839534451932745,0.007331487682359655,1.7540951045972304,0.006033009341941946,1.9249000612434337,32,0.006033009341941946,1.9249000612434337,0.003968253968253968,-0.0033973790233037134,6.25
return,XGBoost,repr_grid,rolling_9m_3m,3,32,0.016519326019790004,0.006136860387969319,2.6918204057850876,0.018083930461731203,2.7711318754762897,0.017002014105595382,2.48121557056618,32,0.017002014105595382,2.48121557056618,0.0,-0.004624137842935729,6.25
return,XGBoost,repr_grid,rolling_9m_3m,5,32,0.007241985057008028,0.006505085468882413,1.1132805389953186,0.00862127488274224,1.227535682911681,0.009437012622909989,1.4209118916607204,32,0.009437012622909989,1.4209118916607204,0.0,-0.003138822129430784,6.25
return,XGBoost,repr_grid_raw,expanding,1,27,0.003908510104709447,0.005202162811602731,0.7513240639051196,0.004477933291691611,0.8197495272474158,0.003204382703294637,0.667910277056124,27,0.003204382703294637,0.667910277056124,0.0,-0.00021016540466214505,7.0
return,XGBoost,repr_grid_raw,expanding,3,27,-8.841080584278363e-05,0.008401908015428857,-0.010522705756886448,0.000517829788807092,0.056633849937335626,0.0010145269435063746,0.10935189728758164,27,0.0010145269435063746,0.10935189728758164,0.0,-0.00023808156626595073,7.0
return,XGBoost,repr_grid_raw,expanding,5,27,0.010356462246691834,0.008575268876128608,1.2077128305004663,0.010714475944108785,1.1535412142356738,0.01615331025090501,1.7837242551603816,27,0.01615331025090501,1.7837242551603816,0.0,-0.0015133128004179155,7.0
return,XGBoost,repr_grid_raw,rolling_9m_3m,1,32,0.006702726088289984,0.003974311772487017,1.686512400635242,0.007442622595726119,1.8772440290833048,0.007251614370880335,1.9698401575046953,32,0.007251614370880335,1.9698401575046953,0.005456349206349206,-0.002236524143815351,1.25
return,XGBoost,repr_grid_raw,rolling_9m_3m,3,32,0.018812468267905717,0.005104393480680918,3.6855442941667897,0.01796801785490546,3.5620912723963016,0.01827394826568479,2.9853124839489515,32,0.01827394826568479,2.9853124839489515,0.0,-0.009213564795688663,1.25
return,XGBoost,repr_grid_raw,rolling_9m_3m,5,32,0.013114273007013736,0.006638175092869126,1.9755840759761485,0.013765162173137639,2.0445698435974053,0.010945717979643207,1.7858335472423552,32,0.010945717979643207,1.7858335472423552,0.0,-0.003970891097455699,1.25
return,XGBoost,repr_svi,expanding,1,27,0.007809364436493467,0.004966227097067444,1.5724944276319734,0.008373475135947819,1.604374908080521,0.00798317361519409,1.4165099352243342,27,0.00798317361519409,1.4165099352243342,0.026455026455026454,-8.468952553719546e-05,9.0
return,XGBoost,repr_svi,expanding,3,27,0.0003308062643136007,0.00408667513796077,0.08094753146409168,5.711391923051485e-05,0.013097805430635571,0.0035764615523500706,0.9223490085022787,27,0.0035764615523500706,0.9223490085022787,0.0,-0.0005439976395397459,9.0
return,XGBoost,repr_svi,expanding,5,27,-0.000836835516398741,0.009392417764920008,-0.08909692236265941,-0.00031074759946234836,-0.03136658486890698,-0.0012835146694859566,-0.14743455709514686,27,-0.0012835146694859566,-0.14743455709514686,0.0,-0.0007572837117688709,9.0
return,XGBoost,repr_svi,rolling_9m_3m,1,32,0.0037032004649665004,0.002552594054074913,1.4507596533239515,0.0034326835061165217,1.2116281023627622,0.00411227238300485,1.2552160489905495,32,0.00411227238300485,1.2552160489905495,0.0,-0.0018366702343391816,3.25
return,XGBoost,repr_svi,rolling_9m_3m,3,32,0.002457625915064331,0.005738968389837479,0.4282347885756395,0.0028865866572648415,0.5264456147791863,0.005484973263559953,1.001342667501807,32,0.005484973263559953,1.001342667501807,0.0,-0.001687689717025668,3.25
return,XGBoost,repr_svi,rolling_9m_3m,5,32,0.002496901243595603,0.007293319376159214,0.3423545733863795,0.0027653596541146216,0.37526274662969017,0.004059211053742472,0.6466265942932939,32,0.004059211053742472,0.6466265942932939,0.0,-0.006093423453961356,3.25
volatility,ElasticNet,A,expanding,1,27,0.28054673615339243,0.007580617037450203,37.008430153827746,0.2732892019149376,29.91720597871177,0.2759593565900615,30.23610278198907,27,0.2759593565900615,30.23610278198907,0.0,0.1020602158278743,7.0
volatility,ElasticNet,A,expanding,3,27,0.4633173210377564,0.012260787197938305,37.78854600099942,0.45150177443993617,29.363488025933417,0.4418314165496773,25.909334587687173,27,0.4418314165496773,25.909334587687173,0.0,0.20846694244190525,7.0
volatility,ElasticNet,A,expanding,5,27,0.5397849724716925,0.013676888861361154,39.46694149110545,0.5258443211330274,30.568105365897857,0.5147268718533697,29.39879735419685,27,0.5147268718533697,29.39879735419685,0.0,0.27366178421563947,7.0
volatility,ElasticNet,A,rolling_9m_3m,1,32,0.26355722197462006,0.007100645505541116,37.117360917250195,0.25425108890965764,29.007201506830462,0.24822270312062933,27.29932589227827,32,0.24822270312062933,27.29932589227827,0.0,0.08152335642201713,1.25
volatility,ElasticNet,A,rolling_9m_3m,3,32,0.446246252386519,0.012037460018400016,37.07146289203897,0.4316069945763029,28.72208677913594,0.4230153167835826,29.77670043661471,32,0.4230153167835826,29.77670043661471,0.0,0.2001722347085683,1.25
volatility,ElasticNet,A,rolling_9m_3m,5,32,0.515379415838755,0.013280369678738505,38.80761065438283,0.4986728065848247,29.82129215124195,0.4891722655646117,30.717346622155514,32,0.4891722655646117,30.717346622155514,0.0,0.24310524660508046,1.25
volatility,ElasticNet,B,expanding,1,27,0.28647899779997976,0.006217224429021417,46.078278349213655,0.27959801076843277,37.20758887940411,0.2764055588852719,34.619077320841626,27,0.2764055588852719,34.619077320841626,0.0,0.11094641048876462,12.555555555555555
volatility,ElasticNet,B,expanding,3,27,0.4837500868396489,0.009459356250748011,51.139852862756456,0.47363304402103296,41.79368278179131,0.4623498751366761,34.26728147447977,27,0.4623498751366761,34.26728147447977,0.0,0.23426617467369606,12.481481481481481
volatility,ElasticNet,B,expanding,5,27,0.5654000479984516,0.009975589725992839,56.67835822530072,0.5539380363630804,45.647083624274785,0.535125320796194,33.62377860951116,27,0.535125320796194,33.62377860951116,0.0,0.29741232190148287,12.481481481481481
volatility,ElasticNet,B,rolling_9m_3m,1,32,0.2841974238540834,0.00568211467354461,50.01613662907576,0.27621953513067354,38.26803038512778,0.27121662482018843,35.06898838451803,32,0.27121662482018843,35.06898838451803,0.0,0.1077942166815733,4.59375
volatility,ElasticNet,B,rolling_9m_3m,3,32,0.4828147865395471,0.008571101162819216,56.3305434585186,0.4704068568436765,41.76432308112193,0.4547497272807425,32.65855630291761,32,0.4547497272807425,32.65855630291761,0.0,0.21787038800226544,4.5625
volatility,ElasticNet,B,rolling_9m_3m,5,32,0.5657097059875076,0.009503900938536279,59.523948076276355,0.5522467588985618,44.17399207295041,0.5315519638122921,32.65399449011028,32,0.5315519638122921,32.65399449011028,0.0,0.28377469521820803,4.5625
volatility,ElasticNet,C,expanding,1,27,0.2977831400623301,0.007828167785199078,38.03995369457416,0.2908238773108596,31.664218750402807,0.29373534451381067,30.947592918326336,27,0.29373534451381067,30.947592918326336,0.0,0.1296302351061483,17.555555555555557
volatility,ElasticNet,C,expanding,3,27,0.5027852130841262,0.01087336330890964,46.24008218985414,0.49217609446984456,38.192554174920154,0.49051821098548004,36.48437363759319,27,0.49051821098548004,36.48437363759319,0.0,0.27198669439121154,17.48148148148148
volatility,ElasticNet,C,expanding,5,27,0.5886138699999941,0.01185883723323693,49.63504080739701,0.576795090419119,40.62207726807638,0.5715017910258803,38.6786586640998,27,0.5715017910258803,38.6786586640998,0.0,0.3525243215329621,17.48148148148148
volatility,ElasticNet,C,rolling_9m_3m,1,32,0.29113220572840154,0.006330227008931313,45.99080022211578,0.28256110586878047,36.11606687204132,0.28544260287825235,34.76459312433395,32,0.28544260287825235,34.76459312433395,0.0,0.12479282609166092,5.78125
volatility,ElasticNet,C,rolling_9m_3m,3,32,0.4900403305290373,0.009780326019977956,50.10470300561022,0.4770305479589553,38.50756649206637,0.4705408983747109,32.923370698976484,32,0.4705408983747109,32.923370698976484,0.0,0.2478946183408627,5.75
volatility,ElasticNet,C,rolling_9m_3m,5,32,0.5754860887704919,0.011077119442694374,51.9526842468092,0.5609628405780629,39.8042507701387,0.5506522217004304,35.052529931997924,32,0.5506522217004304,35.052529931997924,0.0,0.3239808849846614,5.75
volatility,ElasticNet,D,expanding,1,27,0.2932313929907423,0.007955669814179516,36.85816528837225,0.28605567533206117,29.71376837405128,0.2931080346795209,29.60615863689312,27,0.2931080346795209,29.60615863689312,0.0,0.12368962106851296,14.0
volatility,ElasticNet,D,expanding,3,27,0.49868393696457114,0.010950756899412507,45.5387642648998,0.4886700822896312,36.7419063934024,0.4891281355530386,35.55902800503301,27,0.4891281355530386,35.55902800503301,0.0,0.2670342627789851,14.0
volatility,ElasticNet,D,expanding,5,27,0.5843440255136132,0.011696402178614663,49.959296593101904,0.5729064683612084,40.02451589269138,0.5700981094768058,38.38237868519677,27,0.5700981094768058,38.38237868519677,0.0,0.34833144019950524,14.0
volatility,ElasticNet,D,rolling_9m_3m,1,32,0.2874296676421063,0.0063322714441284775,45.39124233352662,0.2783729917381673,33.80596923511112,0.2859558023297289,35.772278024443146,32,0.2859558023297289,35.772278024443146,0.0,0.11807217966550666,8.25
volatility,ElasticNet,D,rolling_9m_3m,3,32,0.4886343205609141,0.009839466570350569,49.660651526915515,0.47638437353081453,37.545679649082004,0.4741489856547322,35.92167893926211,32,0.4741489856547322,35.92167893926211,0.0,0.24852568657522425,8.25
volatility,ElasticNet,D,rolling_9m_3m,5,32,0.5729692574906402,0.010889375124629562,52.617276100140934,0.5589852088059861,39.83553691924095,0.553231305894534,37.815361734921595,32,0.553231305894534,37.815361734921595,0.0,0.3246181144825731,8.25
volatility,ElasticNet,candidate_6,expanding,1,27,0.2890363389057546,0.007858616795783766,36.77954357830831,0.2815192575282486,29.5566728059997,0.26588425412175476,30.10005993482872,27,0.26588425412175476,30.10005993482872,0.0,0.09374678989624627,3.888888888888889
volatility,ElasticNet,candidate_6,expanding,3,27,0.49220317841158545,0.010888202372639384,45.2051827809912,0.48118814525804715,36.0146928394372,0.45057795204141876,31.45428680766437,27,0.45057795204141876,31.45428680766437,0.0,0.208015672005641,3.8518518518518516
volatility,ElasticNet,candidate_6,expanding,5,27,0.5770382010537713,0.0113938625812052,50.644651621973,0.5644471875353463,39.969464246125476,0.5291668764277472,32.37304185631471,27,0.5291668764277472,32.37304185631471,0.0,0.2767141179974388,3.8518518518518516
volatility,ElasticNet,candidate_6,rolling_9m_3m,1,32,0.2862473497511271,0.006102332176083755,46.90786104253502,0.2774571504449485,35.541018787817485,0.2663902489942537,32.37860991681782,32,0.2663902489942537,32.37860991681782,0.0,0.09980893785616386,0.34375
volatility,ElasticNet,candidate_6,rolling_9m_3m,3,32,0.4838542429683015,0.009568998981828097,50.564771078684366,0.4707472350273134,38.11780832099845,0.4467233869953061,32.833901004023495,32,0.4467233869953061,32.833901004023495,0.0,0.2081800415573956,0.3125
volatility,ElasticNet,candidate_6,rolling_9m_3m,5,32,0.5675967933710266,0.010460466338846293,54.26113664389728,0.553061951475502,41.0404338017125,0.522958930625248,32.655375356713876,32,0.522958930625248,32.655375356713876,0.0,0.27134083222071725,0.3125
volatility,ElasticNet,repr_bkm,expanding,1,27,0.28253347843412824,0.007290758250368068,38.752276338317046,0.27505192874085604,30.83876084631319,0.2778402375878998,30.294226991331602,27,0.2778402375878998,30.294226991331602,0.0,0.10335259979408985,8.0
volatility,ElasticNet,repr_bkm,expanding,3,27,0.46697382677899085,0.012322815136683785,37.895060633414566,0.4546040282816699,29.722563940603163,0.446640700681557,25.962421753097345,27,0.446640700681557,25.962421753097345,0.0,0.21191240196759967,8.0
volatility,ElasticNet,repr_bkm,expanding,5,27,0.5430956994178637,0.013984139632652619,38.83654723739662,0.5287537391960455,30.469663825358875,0.5190414671408772,28.567688541402816,27,0.5190414671408772,28.567688541402816,0.0,0.27745877022127763,8.0
volatility,ElasticNet,repr_bkm,rolling_9m_3m,1,32,0.2651576802015458,0.006712010716898839,39.50495483178504,0.2551629884342529,29.3470656787901,0.2522974169094595,28.14290809565125,32,0.2522974169094595,28.14290809565125,0.0,0.0846222737590199,2.25
volatility,ElasticNet,repr_bkm,rolling_9m_3m,3,32,0.44626835186321473,0.01225827929923156,36.405464500322665,0.4310319920158991,28.16256320517203,0.42529548345959445,29.54509410497139,32,0.42529548345959445,29.54509410497139,0.0,0.20230096674910872,2.25
volatility,ElasticNet,repr_bkm,rolling_9m_3m,5,32,0.5221528481248396,0.012673403187931202,41.20068148877977,0.5050292004303207,31.221140763412002,0.49857427622173034,35.78846974394151,32,0.49857427622173034,35.78846974394151,0.0,0.26415988360317433,2.25
volatility,ElasticNet,repr_grid,expanding,1,27,0.29305183949400904,0.007943205685165176,36.89339683615597,0.2859108332151227,29.739158323043217,0.29281682595417163,29.57940475971762,27,0.29281682595417163,29.57940475971762,0.0,0.12358135772127807,12.0
volatility,ElasticNet,repr_grid,expanding,3,27,0.49816402659951137,0.01089480832292836,45.72490050615341,0.488183218798483,36.854926638992964,0.48837705803045245,35.61636534288876,27,0.48837705803045245,35.61636534288876,0.0,0.26641843919214264,12.0
volatility,ElasticNet,repr_grid,expanding,5,27,0.5836875068361704,0.011538977989285748,50.58398650020305,0.5721740975545248,40.417281595117935,0.5692489571361666,38.496864234144404,27,0.5692489571361666,38.496864234144404,0.0,0.3475016013602699,12.0
volatility,ElasticNet,repr_grid,rolling_9m_3m,1,32,0.2885758828775099,0.006308625050987759,45.74307088235126,0.2794296872125289,34.365323604110614,0.28674868084139626,35.67355790999263,32,0.28674868084139626,35.67355790999263,0.0,0.11896011012117863,6.25
volatility,ElasticNet,repr_grid,rolling_9m_3m,3,32,0.48842240644115725,0.009901730352020414,49.32697509193394,0.47616072630808226,37.375556633787205,0.4738641497228752,35.90144559297446,32,0.4738641497228752,35.90144559297446,0.0,0.2488319418265869,6.25
volatility,ElasticNet,repr_grid,rolling_9m_3m,5,32,0.5727614820663561,0.010904209885849859,52.52663769885936,0.5588209686125403,39.84381797846469,0.5528338513929529,37.607628256633596,32,0.5528338513929529,37.607628256633596,0.0,0.32500740421219243,6.25
volatility,ElasticNet,repr_grid_raw,expanding,1,27,0.2932031411456085,0.008190646128258264,35.79731520008397,0.285894249634806,29.14019564427473,0.291565847611925,29.360584085882078,27,0.291565847611925,29.360584085882078,0.0,0.12367087983878032,7.0
volatility,ElasticNet,repr_grid_raw,expanding,3,27,0.49924848125302396,0.010808899152760435,46.18865197993111,0.48863941311534576,37.228888546013685,0.4873204768186561,36.20614990807134,27,0.4873204768186561,36.20614990807134,0.0,0.2667540204742982,7.0
volatility,ElasticNet,repr_grid_raw,expanding,5,27,0.5849438916290056,0.01156481943195478,50.57959573607745,0.5729821110416613,40.4267701058538,0.5684658183745624,39.0861837425805,27,0.5684658183745624,39.0861837425805,0.0,0.34739699407666363,7.0
volatility,ElasticNet,repr_grid_raw,rolling_9m_3m,1,32,0.2885257267614199,0.006816451481639075,42.32784866709583,0.2791650073606624,32.34595354109011,0.2850086760214615,33.87884982371269,32,0.2850086760214615,33.87884982371269,0.0,0.11864686141992002,1.25
volatility,ElasticNet,repr_grid_raw,rolling_9m_3m,3,32,0.4894021194668493,0.010101764047563237,48.44719369434328,0.47623179038633695,36.45435221431455,0.47215098108101516,35.15134738721461,32,0.47215098108101516,35.15134738721461,0.0,0.24823255405196448,1.25
volatility,ElasticNet,repr_grid_raw,rolling_9m_3m,5,32,0.5742940415170921,0.011016993566397428,52.12801823436909,0.5595745078652672,39.43099782897062,0.5522995510975155,37.29099880870768,32,0.5522995510975155,37.29099880870768,0.0,0.3245092704089886,1.25
volatility,ElasticNet,repr_svi,expanding,1,27,0.2896842324604915,0.007791288609914787,37.18052904520242,0.28266443970075156,30.06296323513169,0.28997108217969475,30.725978681870828,27,0.28997108217969475,30.725978681870828,0.0,0.12093714903083413,9.0
volatility,ElasticNet,repr_svi,expanding,3,27,0.49039013538877185,0.011379974589744945,43.092375252813525,0.48034330983982493,35.08509572902117,0.4829270455862306,37.22323979785515,27,0.4829270455862306,37.22323979785515,0.0,0.2624238178976159,9.0
volatility,ElasticNet,repr_svi,expanding,5,27,0.5725987534150713,0.012545484104232393,45.641822081771814,0.5609747593662429,36.95453665820362,0.5602970054853598,38.583336099095504,27,0.5602970054853598,38.583336099095504,0.0,0.33943124178519424,9.0
volatility,ElasticNet,repr_svi,rolling_9m_3m,1,32,0.28062108532223834,0.006458457827646605,43.45016919069885,0.27228713525254417,32.54808503714706,0.274356811169123,28.253164017017845,32,0.274356811169123,28.253164017017845,0.0,0.11095290630336532,3.25
volatility,ElasticNet,repr_svi,rolling_9m_3m,3,32,0.4745003040640788,0.010403975429118579,45.6075956058153,0.46206453310829,34.16828117603187,0.45664173728603946,33.10637088347142,32,0.45664173728603946,33.10637088347142,0.0,0.23615955148367573,3.25
volatility,ElasticNet,repr_svi,rolling_9m_3m,5,32,0.5569148722930239,0.011891984429590037,46.831113477351145,0.5429455314558995,35.10930428086904,0.535653473215739,35.18220732840532,32,0.535653473215739,35.18220732840532,0.0,0.31426923254376565,3.25
volatility,OLS,A,expanding,1,27,0.2802029743061814,0.00745894055890865,37.56605540602124,0.27317778922337527,30.224229827979983,0.27961377426170175,33.00360610069949,27,0.27961377426170175,33.00360610069949,0.0,0.10295846962408131,7.0
volatility,OLS,A,expanding,3,27,0.4699325984751713,0.011107349243277416,42.30825808953402,0.45917290054363996,33.99641810062734,0.45994404902520053,38.41381053907058,27,0.45994404902520053,38.41381053907058,0.0,0.21976771069879797,7.0
volatility,OLS,A,expanding,5,27,0.546130223412873,0.01209400568789999,45.15709993085867,0.5333837190360019,35.846858759287656,0.5314326350817699,41.55219731191599,27,0.5314326350817699,41.55219731191599,0.0,0.28450356978490254,7.0
volatility,OLS,A,rolling_9m_3m,1,32,0.2747482243196394,0.005955700933558898,46.131971263281756,0.26538925826602233,33.344628741478964,0.2778683971528346,41.59735434663046,32,0.2778683971528346,41.59735434663046,0.0,0.10062802819153352,1.25
volatility,OLS,A,rolling_9m_3m,3,32,0.45432935930896445,0.011107320303099577,40.90359752947618,0.4410465761818305,30.713493159427742,0.45014326459165416,39.18152506002481,32,0.45014326459165416,39.18152506002481,0.0,0.2088050170382445,1.25
volatility,OLS,A,rolling_9m_3m,5,32,0.5222784993027716,0.013435599227501017,38.872735816183905,0.5072227006036499,29.834147644330944,0.5129313465478603,36.95917345458016,32,0.5129313465478603,36.95917345458016,0.0,0.2630665471434062,1.25
volatility,OLS,B,expanding,1,27,0.28355652230333134,0.006257239191081079,45.31655473671297,0.27739584910463644,37.124270201047864,0.275239368052057,35.450416301431275,27,0.275239368052057,35.450416301431275,0.0,0.11205932031219336,12.555555555555555
volatility,OLS,B,expanding,3,27,0.47990118556793887,0.009570905549790027,50.14166977945648,0.47021393467303557,41.44366134380041,0.46145337202417774,36.32027275905341,27,0.46145337202417774,36.32027275905341,0.0,0.23537258476174155,12.481481481481481
volatility,OLS,B,expanding,5,27,0.5609895739023604,0.010180047678711637,55.10677273894241,0.5499684464870506,44.691092860200904,0.5372279259554338,38.06648989353572,27,0.5372279259554338,38.06648989353572,0.0,0.30576740575495487,12.481481481481481
volatility,OLS,B,rolling_9m_3m,1,32,0.276652714222503,0.005531143099096207,50.01727658568593,0.26897467610324227,37.99619587255289,0.2725430508310934,37.66628463643994,32,0.2725430508310934,37.66628463643994,0.0,0.11133938946814845,4.59375
volatility,OLS,B,rolling_9m_3m,3,32,0.46561095375347245,0.00897019513653505,51.906446478189515,0.45422728739042884,39.16820600591849,0.45358760093991723,41.97896127769086,32,0.45358760093991723,41.97896127769086,0.0,0.22892754096497486,4.5625
volatility,OLS,B,rolling_9m_3m,5,32,0.5388281378546822,0.010067591666479097,53.52105604846454,0.5259878239220478,39.78908834508052,0.523383837406673,44.348927688912234,32,0.523383837406673,44.348927688912234,0.0,0.29146796731221736,4.5625
volatility,OLS,C,expanding,1,27,0.2962116918536903,0.007770211944423739,38.12144301498306,0.28967083662041493,31.703946272250747,0.2927266227378195,30.68897059745724,27,0.2927266227378195,30.68897059745724,0.0,0.12826626487984757,17.555555555555557
volatility,OLS,C,expanding,3,27,0.5001534060629409,0.010797761220708338,46.32010245825112,0.4898615764669165,37.99435542560899,0.4879517026450744,36.415892111829066,27,0.4879517026450744,36.415892111829066,0.0,0.2700172997273929,17.48148148148148
volatility,OLS,C,expanding,5,27,0.5855582594406089,0.012024492057493062,48.69713054329961,0.574124867274278,39.759276028421404,0.5690626898555736,38.901197491974,27,0.5690626898555736,38.901197491974,0.0,0.35099370420889237,17.48148148148148
volatility,OLS,C,rolling_9m_3m,1,32,0.2819039714135676,0.006942645389935888,40.60469109112468,0.27392761733978377,32.29120037903227,0.27929145118754634,33.420187874814225,32,0.27929145118754634,33.420187874814225,0.0,0.11793819010187845,5.78125
volatility,OLS,C,rolling_9m_3m,3,32,0.472998326510904,0.011160163674710774,42.38274099713526,0.46052607386460037,33.70164176907592,0.4646302446459908,38.137129024325546,32,0.4646302446459908,38.137129024325546,0.0,0.2422412232936987,5.75
volatility,OLS,C,rolling_9m_3m,5,32,0.5455323987452778,0.013607225474240375,40.09137643658633,0.5318072297602392,32.06766184567374,0.5326561817482051,36.45331659187837,32,0.5326561817482051,36.45331659187837,0.0,0.3029108452872577,5.75
volatility,OLS,D,expanding,1,27,0.2921146812332439,0.007762609431252937,37.63099043179539,0.2849523271147241,29.696767519379513,0.29108323604619485,29.31117659696288,27,0.29108323604619485,29.31117659696288,0.0,0.1207982437145266,14.0
volatility,OLS,D,expanding,3,27,0.4958476639310113,0.011152331178043052,44.46134678167079,0.48599971460667185,35.564480856126636,0.4860720508652701,34.67568262379657,27,0.4860720508652701,34.67568262379657,0.0,0.26365618914733996,14.0
volatility,OLS,D,expanding,5,27,0.5809613486780326,0.012054972556965861,48.19267285202812,0.5696160959021056,38.38567753313682,0.5672077616137235,37.4941046528178,27,0.5672077616137235,37.4941046528178,0.0,0.3451240462418185,14.0
volatility,OLS,D,rolling_9m_3m,1,32,0.2756359193466815,0.00702286321302095,39.24836793569188,0.26636162602177005,30.273240456959982,0.2781467142805727,34.60138939320783,32,0.2781467142805727,34.60138939320783,0.0,0.10209114112658482,8.25
volatility,OLS,D,rolling_9m_3m,3,32,0.46664445008445443,0.0111929999933472,41.6907397803819,0.4537496464883558,32.33883684182114,0.4617328233665461,39.28011795257001,32,0.4617328233665461,39.28011795257001,0.0,0.23247969426273557,8.25
volatility,OLS,D,rolling_9m_3m,5,32,0.5412926973830462,0.013288073358808297,40.73522795719955,0.5268522833334941,32.09568120014102,0.5327492682342696,38.90541134853534,32,0.5327492682342696,38.90541134853534,0.0,0.2999910279529842,8.25
volatility,OLS,candidate_6,expanding,1,27,0.2819379181620498,0.006166988905844615,45.71727344844904,0.27529012091142374,37.10070246666175,0.27401792258840324,38.20782860147687,27,0.27401792258840324,38.20782860147687,0.0,0.11165439192255268,3.888888888888889
volatility,OLS,candidate_6,expanding,3,27,0.47675647548027505,0.009098890395514765,52.397210512095945,0.4674071394034017,42.83947597062257,0.4586433816777123,37.335057259358734,27,0.4586433816777123,37.335057259358734,0.0,0.23294187464053154,3.8518518518518516
volatility,OLS,candidate_6,expanding,5,27,0.5577925516590004,0.009668810938010218,57.6898809207444,0.5469478846723231,46.72850042069811,0.5345278196371096,38.89671424979211,27,0.5345278196371096,38.89671424979211,0.0,0.3014664451425712,3.8518518518518516
volatility,OLS,candidate_6,rolling_9m_3m,1,32,0.2808684151814351,0.005541797035823095,50.68182998508519,0.27251983695958193,37.89548140409633,0.27752394848987527,41.1775779060404,32,0.27752394848987527,41.1775779060404,0.0,0.1115695781114808,0.34375
volatility,OLS,candidate_6,rolling_9m_3m,3,32,0.4679748275902851,0.008813111368744735,53.09984272409569,0.4556476798227797,38.75099376983594,0.4560152562797546,41.77104568419457,32,0.4560152562797546,41.77104568419457,0.0,0.2283524163307064,0.3125
volatility,OLS,candidate_6,rolling_9m_3m,5,32,0.5422591873735325,0.009819281398462063,55.22391765434723,0.5282887578345454,40.324746010374675,0.5256549725346731,42.94063635410524,32,0.5256549725346731,42.94063635410524,0.0,0.2917393625133118,0.3125
volatility,OLS,repr_bkm,expanding,1,27,0.28231087120416504,0.00738473954718995,38.22895437274972,0.2748740056622315,30.754958768483583,0.28155416349600393,32.47327265785412,27,0.28155416349600393,32.47327265785412,0.0,0.10414732980697033,8.0
volatility,OLS,repr_bkm,expanding,3,27,0.47434898017953414,0.01110106857263553,42.73002883243319,0.4628458583993237,34.44913959373455,0.4635325017840152,37.91666754707968,27,0.4635325017840152,37.91666754707968,0.0,0.22253775438092938,8.0
volatility,OLS,repr_bkm,expanding,5,27,0.551181514631881,0.012062629155454948,45.69331507490027,0.5379234827545193,36.383913028802496,0.5358286800760708,41.02631011860242,27,0.5358286800760708,41.02631011860242,0.0,0.28819594785938146,8.0
volatility,OLS,repr_bkm,rolling_9m_3m,1,32,0.2761189463727898,0.006014489454086286,45.90895843789245,0.2664380040472577,32.95524944496007,0.2790202379670051,40.7662149685542,32,0.2790202379670051,40.7662149685542,0.0,0.10125943983827784,2.25
volatility,OLS,repr_bkm,rolling_9m_3m,3,32,0.45746699586862244,0.011356211788042211,40.283415315512435,0.44350785043798535,30.376928544093232,0.4528359970205198,38.43391398011122,32,0.4528359970205198,38.43391398011122,0.0,0.21067417520266185,2.25
volatility,OLS,repr_bkm,rolling_9m_3m,5,32,0.5260619524485814,0.013707336179013528,38.37813164997026,0.5102076974080654,29.57207360217095,0.5164820479657306,36.54847799297885,32,0.5164820479657306,36.54847799297885,0.0,0.2659654074714397,2.25
volatility,OLS,repr_grid,expanding,1,27,0.29202316771712344,0.007776453181794057,37.552231189509016,0.2848412417262937,29.695280108925292,0.2909404645601003,29.471028963087292,27,0.2909404645601003,29.471028963087292,0.0,0.12125021983504386,12.0
volatility,OLS,repr_grid,expanding,3,27,0.49528457258921654,0.011112123421353638,44.57155071167153,0.48535598301974126,35.60738091737532,0.4856546665085786,35.048387889109264,27,0.4856546665085786,35.048387889109264,0.0,0.26358212129694863,12.0
volatility,OLS,repr_grid,expanding,5,27,0.5808470253487246,0.011818067246932212,49.14907092777827,0.5694809224493057,39.049616034402106,0.5667085906369467,37.883433475256275,27,0.5667085906369467,37.883433475256275,0.0,0.3445170119079615,12.0
volatility,OLS,repr_grid,rolling_9m_3m,1,32,0.27679491896108366,0.00701562170770538,39.45408268765047,0.26724840812851575,30.392561444628598,0.27886457448962243,33.84379925033911,32,0.27886457448962243,33.84379925033911,0.0,0.1038698082128347,6.25
volatility,OLS,repr_grid,rolling_9m_3m,3,32,0.46735596714189465,0.011480629370808964,40.708218342995174,0.4543302172796395,31.68898378605908,0.4622091163661035,38.42132125513729,32,0.4622091163661035,38.42132125513729,0.0,0.23445853097527244,6.25
volatility,OLS,repr_grid,rolling_9m_3m,5,32,0.5430308821288345,0.013568240909905164,40.02220226885919,0.5285893822073304,31.6910068318876,0.534254671522514,38.6121520658149,32,0.534254671522514,38.6121520658149,0.0,0.3038309923375856,6.25
volatility,OLS,repr_grid_raw,expanding,1,27,0.29389865895122935,0.008133047803284383,36.13634962683285,0.2866854536902354,29.352097467176147,0.29154169211496295,29.597878389284936,27,0.29154169211496295,29.597878389284936,0.0,0.12265252926756293,7.0
volatility,OLS,repr_grid_raw,expanding,3,27,0.4986493495015209,0.01088416708864945,45.81419464072149,0.4881554923703277,36.90335056082691,0.4865454928533656,36.60347690995969,27,0.4865454928533656,36.60347690995969,0.0,0.265539676572291,7.0
volatility,OLS,repr_grid_raw,expanding,5,27,0.5836745739857617,0.011679536901808424,49.97411959847375,0.5718881292898607,39.91248917076726,0.5675082186535156,39.486534725268264,27,0.5675082186535156,39.486534725268264,0.0,0.34619623574015923,7.0
volatility,OLS,repr_grid_raw,rolling_9m_3m,1,32,0.2796471896625006,0.00720816615131564,38.79588563749452,0.2704975312711608,30.32740735956754,0.2800573307751658,32.76473426745883,32,0.2800573307751658,32.76473426745883,0.0,0.1130369351459235,1.25
volatility,OLS,repr_grid_raw,rolling_9m_3m,3,32,0.47121774556585583,0.011269643897807779,41.81301111541947,0.4583649416210889,32.08900610820821,0.46443642768338855,38.70943444276313,32,0.46443642768338855,38.70943444276313,0.0,0.24252143826734401,1.25
volatility,OLS,repr_grid_raw,rolling_9m_3m,5,32,0.5469225410683878,0.013468274061549025,40.60821294317237,0.5325061004420231,31.83548033398012,0.5369841255417415,38.61800238880952,32,0.5369841255417415,38.61800238880952,0.0,0.3113960915561216,1.25
volatility,OLS,repr_svi,expanding,1,27,0.28967643051541453,0.007835042139010316,36.97190460190748,0.28279849721391453,30.061626880075718,0.29028966459502825,31.462206965030646,27,0.29028966459502825,31.462206965030646,0.0,0.12037553661199134,9.0
volatility,OLS,repr_svi,expanding,3,27,0.48882430792115994,0.011567490358570255,42.258458210772936,0.4788730211404945,34.35988851612163,0.48151722004428116,37.069621458192934,27,0.48151722004428116,37.069621458192934,0.0,0.26088158919725696,9.0
volatility,OLS,repr_svi,expanding,5,27,0.5703996191060643,0.012745882015480598,44.75167888838776,0.5589671772537104,36.349994180072855,0.5596922386043003,39.74252199493051,27,0.5596922386043003,39.74252199493051,0.0,0.3396569265265375,9.0
volatility,OLS,repr_svi,rolling_9m_3m,1,32,0.2786821735479148,0.0064888281435551065,42.94799729358067,0.26968509590319534,31.573144880772382,0.2811450888722621,38.35923153880398,32,0.2811450888722621,38.35923153880398,0.0,0.11192072294067323,3.25
volatility,OLS,repr_svi,rolling_9m_3m,3,32,0.46561192243446425,0.010997475946810728,42.338071452612894,0.45278442551931103,31.767153503649567,0.4621716687229306,40.94788739483405,32,0.4621716687229306,40.94788739483405,0.0,0.23963980244876848,3.25
volatility,OLS,repr_svi,rolling_9m_3m,5,32,0.5379417334239014,0.013307539561591584,40.4238312374826,0.5235114529535883,31.071478605654576,0.5301638569956681,39.435473141615,32,0.5301638569956681,39.435473141615,0.0,0.3056864103341034,3.25
volatility,XGBoost,A,expanding,1,27,0.2651411941908371,0.008008471841650475,33.10758899243302,0.2576374961593531,26.60539148109816,0.2511625236125839,23.072082443899717,27,0.2511625236125839,23.072082443899717,0.0,0.07716027296996203,7.0
volatility,XGBoost,A,expanding,3,27,0.44565556663340405,0.011780878543040676,37.82872092308144,0.4338624002384151,29.752902166904942,0.4171875507916318,24.117861714464606,27,0.4171875507916318,24.117861714464606,0.0,0.17374466995949456,7.0
volatility,XGBoost,A,expanding,5,27,0.515706702928248,0.013191761723420506,39.093088075769906,0.5008994717343992,30.37197224716478,0.479979287030924,24.97894669807667,27,0.479979287030924,24.97894669807667,0.0,0.2168557234477923,7.0
volatility,XGBoost,A,rolling_9m_3m,1,32,0.24697829779589944,0.006264979915132069,39.42204143374226,0.23832068873026052,29.89886443974679,0.23364178039977773,27.20726559829485,32,0.23364178039977773,27.20726559829485,0.0,0.06400293664554377,1.25
volatility,XGBoost,A,rolling_9m_3m,3,32,0.41824742509224766,0.011136044441771211,37.557988141947874,0.4041716049651304,27.781688002250252,0.39289320273371214,26.6953492861914,32,0.39289320273371214,26.6953492861914,0.0,0.14450586039381502,1.25
volatility,XGBoost,A,rolling_9m_3m,5,32,0.4769717026993136,0.014365976431815882,33.20148163705595,0.4600266073366952,25.306783959129945,0.4495393092938872,24.854460417270626,32,0.4495393092938872,24.854460417270626,0.0,0.18215284384887268,1.25
volatility,XGBoost,B,expanding,1,27,0.2864954833819005,0.006493536446363237,44.120100926261046,0.2799286984037723,33.54198337956805,0.2732958520157631,33.4886934998808,27,0.2732958520157631,33.4886934998808,0.0,0.10051714478863254,12.555555555555555
volatility,XGBoost,B,expanding,3,27,0.4789992945603044,0.009377136419424913,51.08161736540895,0.46959415619457673,39.309004629013536,0.4536419471330833,35.01670682755704,27,0.4536419471330833,35.01670682755704,0.0,0.20280278304481547,12.481481481481481
volatility,XGBoost,B,expanding,5,27,0.5590115784162804,0.008972427930789954,62.303267602514325,0.5482553043111233,46.08509050732197,0.5272695916439494,37.55506494055262,27,0.5272695916439494,37.55506494055262,0.0,0.26230546453271225,12.481481481481481
volatility,XGBoost,B,rolling_9m_3m,1,32,0.27145264196929525,0.0070161903624461714,38.68946364714286,0.2624768212582135,30.685724657007707,0.2595816796857404,26.01236346912037,32,0.2595816796857404,26.01236346912037,0.0,0.09742453864198171,4.59375
volatility,XGBoost,B,rolling_9m_3m,3,32,0.4590071052832409,0.010084851976925812,45.51451090541054,0.44654626828801114,35.11172941147108,0.4367914842261662,31.829417949355307,32,0.4367914842261662,31.829417949355307,0.0,0.1982577711301586,4.5625
volatility,XGBoost,B,rolling_9m_3m,5,32,0.5363615225261171,0.011830624844224705,45.33670280213052,0.5228324971980784,35.23303910845661,0.5089045898603584,33.04914709799829,32,0.5089045898603584,33.04914709799829,0.0,0.25595411371161525,4.5625
volatility,XGBoost,C,expanding,1,27,0.2938080572347885,0.007454599321871582,39.41299116811872,0.286936401715803,30.878799617240375,0.2855859600855019,27.827872105514402,27,0.2855859600855019,27.827872105514402,0.0,0.11210614280980857,17.555555555555557
volatility,XGBoost,C,expanding,3,27,0.4939878008011656,0.01096459723655704,45.05298189651344,0.4832550204348242,35.22661087577811,0.47512870568539145,29.833068696758065,27,0.47512870568539145,29.833068696758065,0.0,0.23051445660245437,17.48148148148148
volatility,XGBoost,C,expanding,5,27,0.5807592435583009,0.012070872810570052,48.11244826055576,0.5685183391070144,37.808540399237955,0.5564760300453767,31.530952062737583,27,0.5564760300453767,31.530952062737583,0.0,0.2987050838344494,17.48148148148148
volatility,XGBoost,C,rolling_9m_3m,1,32,0.27636803553467826,0.00583368187270232,47.37454690971297,0.26793571888574613,36.386025431623246,0.2651450156295252,29.464336385640266,32,0.2651450156295252,29.464336385640266,0.0,0.09642111230484847,5.78125
volatility,XGBoost,C,rolling_9m_3m,3,32,0.4721521550304041,0.009895983682912722,47.711492880254404,0.45940330941230917,35.466361386549885,0.4508557102597869,31.68662364653792,32,0.4508557102597869,31.68662364653792,0.0,0.20204617868291183,5.75
volatility,XGBoost,C,rolling_9m_3m,5,32,0.550989042820131,0.012258431107738433,44.947761909948305,0.5374392719387455,34.49930421359086,0.5257649672361764,31.591375583359184,32,0.5257649672361764,31.591375583359184,0.0,0.2652951842082353,5.75
volatility,XGBoost,D,expanding,1,27,0.2890044861908886,0.007376889023854485,39.177014220539455,0.28212938081692696,30.30335022210255,0.2842727659865193,29.986050436194798,27,0.2842727659865193,29.986050436194798,0.0,0.09661478726851001,14.0
volatility,XGBoost,D,expanding,3,27,0.49135769402686613,0.009904405438552347,49.61001415736513,0.48170022238875176,37.61741802618119,0.47734884818906215,32.671414268166046,27,0.47734884818906215,32.671414268166046,0.0,0.21972765189762822,14.0
volatility,XGBoost,D,expanding,5,27,0.5766130306188139,0.01079259630704369,53.426720894071856,0.5652426001516409,40.61816054112726,0.556626889594332,34.16682114007219,27,0.556626889594332,34.16682114007219,0.0,0.29077586747109563,14.0
volatility,XGBoost,D,rolling_9m_3m,1,32,0.27697973503330775,0.006112038128840583,45.31708232092608,0.2685141566061947,33.469467649321814,0.26993938997406375,33.73202558877503,32,0.26993938997406375,33.73202558877503,0.0,0.08373397769426821,8.25
volatility,XGBoost,D,rolling_9m_3m,3,32,0.47146187520984173,0.010104378969019761,46.659163977850966,0.4589089736009249,33.82137524382474,0.4540850183419966,34.034513701818184,32,0.4540850183419966,34.034513701818184,0.0,0.19472649512112744,8.25
volatility,XGBoost,D,rolling_9m_3m,5,32,0.5517226977951205,0.011689775872515601,47.1970295933819,0.5376381116231913,34.81356760183687,0.5309641336595283,33.12857646169382,32,0.5309641336595283,33.12857646169382,0.0,0.2623501899104781,8.25
volatility,XGBoost,candidate_6,expanding,1,27,0.28419205948474807,0.005722986059089667,49.65800310370726,0.276892887097786,37.365384599428644,0.27097993981427754,35.22352138565773,27,0.27097993981427754,35.22352138565773,0.0,0.10209083428110138,3.888888888888889
volatility,XGBoost,candidate_6,expanding,3,27,0.48154452997817365,0.008563405209037108,56.232832409937984,0.47140768071482503,42.34763500918847,0.4546166867219353,34.24956850799476,27,0.4546166867219353,34.24956850799476,0.0,0.2035547333976059,3.8518518518518516
volatility,XGBoost,candidate_6,expanding,5,27,0.5638502026531739,0.009407879071895386,59.93382762939534,0.5519392090578152,45.70746035368253,0.5302632293410673,34.89465175415296,27,0.5302632293410673,34.89465175415296,0.0,0.26294545954993814,3.8518518518518516
volatility,XGBoost,candidate_6,rolling_9m_3m,1,32,0.2691205639852203,0.007343385511554462,36.64802338945328,0.2603178203581889,29.90824078840092,0.2572705157468895,25.817460281494714,32,0.2572705157468895,25.817460281494714,0.0,0.09633656294233754,0.34375
volatility,XGBoost,candidate_6,rolling_9m_3m,3,32,0.45570691866655255,0.01063678715544386,42.84253431106063,0.44292233832594907,33.73063734543004,0.4318141831074245,30.213263407926892,32,0.4318141831074245,30.213263407926892,0.0,0.18690847789015408,0.3125
volatility,XGBoost,candidate_6,rolling_9m_3m,5,32,0.5289775749105845,0.014649239404497966,36.10955902244078,0.5145450914482843,29.955626918469587,0.4994850117489045,28.138176043472626,32,0.4994850117489045,28.138176043472626,0.0,0.23697446275726652,0.3125
volatility,XGBoost,repr_bkm,expanding,1,27,0.2661639841179649,0.007822701006355246,34.0245631146749,0.2588527750556211,25.890644509387872,0.2559691885092855,22.83503057653639,27,0.2559691885092855,22.83503057653639,0.0,0.08311133313075496,8.0
volatility,XGBoost,repr_bkm,expanding,3,27,0.4487425557828113,0.012573420602484828,35.68977527834616,0.43689564102655076,27.60287180961151,0.42905242933195964,24.80997752827791,27,0.42905242933195964,24.80997752827791,0.0,0.1887168564146513,8.0
volatility,XGBoost,repr_bkm,expanding,5,27,0.5203209313614785,0.014736960586324795,35.30720790855014,0.5060721105614052,27.461425229163197,0.4941480200697108,25.520788636484742,27,0.4941480200697108,25.520788636484742,0.0,0.24202081875237924,8.0
volatility,XGBoost,repr_bkm,rolling_9m_3m,1,32,0.24903143502493486,0.006957529629858288,35.79308292935105,0.24038976169904108,26.966128954647004,0.23652347753148217,24.525170852161285,32,0.23652347753148217,24.525170852161285,0.0,0.0708230547259048,2.25
volatility,XGBoost,repr_bkm,rolling_9m_3m,3,32,0.4247730541194947,0.011816815516330643,35.946491128042524,0.41025484881821833,26.47973000856816,0.4030612275235108,26.559284062807667,32,0.4030612275235108,26.559284062807667,0.0,0.15882310437308375,2.25
volatility,XGBoost,repr_bkm,rolling_9m_3m,5,32,0.4928724358121582,0.014005714803872435,35.19080908857891,0.4758254588259795,26.242147807262022,0.4676210272235118,25.90619290539889,32,0.4676210272235118,25.90619290539889,0.0,0.2077436392155118,2.25
volatility,XGBoost,repr_grid,expanding,1,27,0.28871297807176827,0.007447758311386998,38.765084203974546,0.2819765359297125,29.879060796719617,0.2841729515666952,29.423919145611716,27,0.2841729515666952,29.423919145611716,0.0,0.09856864686073395,12.0
volatility,XGBoost,repr_grid,expanding,3,27,0.4910805813364557,0.010085604727042058,48.69123811879564,0.48137208751674365,36.89751439957469,0.4778625302028873,32.15415869880158,27,0.4778625302028873,32.15415869880158,0.0,0.22248403152599336,12.0
volatility,XGBoost,repr_grid,expanding,5,27,0.5763933130591353,0.010848189845499963,53.13267201884693,0.5649234096267299,40.2985097493495,0.5569270660182174,34.22455552647811,27,0.5569270660182174,34.22455552647811,0.0,0.2924335158444448,12.0
volatility,XGBoost,repr_grid,rolling_9m_3m,1,32,0.2777603166854587,0.006076121487596954,45.71342381031129,0.26936459944774405,33.71768592937524,0.2696144733941263,34.54137813110482,32,0.2696144733941263,34.54137813110482,0.0,0.08733293162645597,6.25
volatility,XGBoost,repr_grid,rolling_9m_3m,3,32,0.47047828120147517,0.009980505820489856,47.13972314264765,0.4579623380576111,34.326208568328035,0.4536185282332305,34.505538278896076,32,0.4536185282332305,34.505538278896076,0.0,0.1940087280942258,6.25
volatility,XGBoost,repr_grid,rolling_9m_3m,5,32,0.550530243949434,0.01156016664466231,47.62303700904095,0.536387739920086,34.9144417919799,0.5306718606325076,33.530660348982,32,0.5306718606325076,33.530660348982,0.0,0.2636311105581088,6.25
volatility,XGBoost,repr_grid_raw,expanding,1,27,0.289226532251529,0.00801949776510956,36.06541715241412,0.2821197965673741,28.507993025781698,0.28397387906374477,28.27220825759304,27,0.28397387906374477,28.27220825759304,0.0,0.09817183476362902,7.0
volatility,XGBoost,repr_grid_raw,expanding,3,27,0.49357812964719483,0.010346244629473898,47.70601772174539,0.4833326281946554,37.26113214190998,0.4772610384034789,33.16302612059647,27,0.4772610384034789,33.16302612059647,0.0,0.2240894995157206,7.0
volatility,XGBoost,repr_grid_raw,expanding,5,27,0.5785647875622638,0.011332087933228423,51.055444589851085,0.5665934347664972,39.638003414335785,0.5565827905084156,33.9289051097716,27,0.5565827905084156,33.9289051097716,0.0,0.29717995164881145,7.0
volatility,XGBoost,repr_grid_raw,rolling_9m_3m,1,32,0.2795320003529861,0.0061735241295419185,45.27916219122766,0.271091592887301,33.90608797834531,0.26939589238268613,34.96815487758712,32,0.26939589238268613,34.96815487758712,0.0,0.08630561273255047,1.25
volatility,XGBoost,repr_grid_raw,rolling_9m_3m,3,32,0.47270404900716034,0.010031224383634258,47.1232654089931,0.4601392884418681,34.18770507287557,0.45303303697325104,33.60323870497121,32,0.45303303697325104,33.60323870497121,0.0,0.1939199501184915,1.25
volatility,XGBoost,repr_grid_raw,rolling_9m_3m,5,32,0.5524145807844333,0.011664087670154234,47.360290526445326,0.5378202417689779,35.017220298465226,0.5308952090767513,34.59454851505846,32,0.5308952090767513,34.59454851505846,0.0,0.2616527167955091,1.25
volatility,XGBoost,repr_svi,expanding,1,27,0.2812458930906594,0.007471497169449,37.642508149594924,0.2738969520727547,28.944661034775272,0.2758273174729188,25.9631475720107,27,0.2758273174729188,25.9631475720107,0.0,0.09811779121042728,9.0
volatility,XGBoost,repr_svi,expanding,3,27,0.48058610787477474,0.010982983787103428,43.75733563761556,0.47026532398986953,33.953508668209295,0.46506862205509597,29.782726425351882,27,0.46506862205509597,29.782726425351882,0.0,0.22486320622546127,9.0
volatility,XGBoost,repr_svi,expanding,5,27,0.5629570242935441,0.012125811809711163,46.4263369024654,0.5511560501188907,36.16547364489488,0.5423823231812241,30.956481753279665,27,0.5423823231812241,30.956481753279665,0.0,0.2967816607152919,9.0
volatility,XGBoost,repr_svi,rolling_9m_3m,1,32,0.26926223081750683,0.006309952788045289,42.6726221038683,0.26088802022043533,32.29137941438767,0.2606891278036634,30.244060403887815,32,0.2606891278036634,30.244060403887815,0.0,0.07561973661417762,3.25
volatility,XGBoost,repr_svi,rolling_9m_3m,3,32,0.4601569676449196,0.010155882330015806,45.30940322978353,0.447582546987069,33.43460308441431,0.44164197520373716,32.79508915842015,32,0.44164197520373716,32.79508915842015,0.0,0.1884584420904093,3.25
volatility,XGBoost,repr_svi,rolling_9m_3m,5,32,0.5366687143103686,0.011872276600527846,45.203521815395376,0.522887009471847,34.09989725902226,0.5125543788632718,33.59791280821512,32,0.5125543788632718,33.59791280821512,0.0,0.25290407397462633,3.25
