target,model,scheme,horizon,windows,test_dates,constant_dates,windows_all_constant,share_constant_dates
return,ElasticNet,expanding,1,243,15309,14301,227,0.934156378600823
return,ElasticNet,expanding,3,243,15309,945,15,0.06172839506172839
return,ElasticNet,expanding,5,243,15309,2079,33,0.13580246913580246
return,ElasticNet,rolling_9m_3m,1,288,18144,8757,139,0.4826388888888889
return,ElasticNet,rolling_9m_3m,3,288,18144,9891,157,0.5451388888888888
return,ElasticNet,rolling_9m_3m,5,288,18144,12732,202,0.7017195767195767
return,OLS,expanding,1,243,15309,0,0,0.0
return,OLS,expanding,3,243,15309,0,0,0.0
return,OLS,expanding,5,243,15309,0,0,0.0
return,OLS,rolling_9m_3m,1,288,18144,0,0,0.0
return,OLS,rolling_9m_3m,3,288,18144,0,0,0.0
return,OLS,rolling_9m_3m,5,288,18144,0,0,0.0
return,XGBoost,expanding,1,243,15309,100,0,0.0065321052975373965
return,XGBoost,expanding,3,243,15309,0,0,0.0
return,XGBoost,expanding,5,243,15309,0,0,0.0
return,XGBoost,rolling_9m_3m,1,288,18144,19,0,0.0010471781305114638
return,XGBoost,rolling_9m_3m,3,288,18144,0,0,0.0
return,XGBoost,rolling_9m_3m,5,288,18144,6,0,0.00033068783068783067
volatility,ElasticNet,expanding,1,243,15309,0,0,0.0
volatility,ElasticNet,expanding,3,243,15309,0,0,0.0
volatility,ElasticNet,expanding,5,243,15309,0,0,0.0
volatility,ElasticNet,rolling_9m_3m,1,288,18144,0,0,0.0
volatility,ElasticNet,rolling_9m_3m,3,288,18144,0,0,0.0
volatility,ElasticNet,rolling_9m_3m,5,288,18144,0,0,0.0
volatility,OLS,expanding,1,243,15309,0,0,0.0
volatility,OLS,expanding,3,243,15309,0,0,0.0
volatility,OLS,expanding,5,243,15309,0,0,0.0
volatility,OLS,rolling_9m_3m,1,288,18144,0,0,0.0
volatility,OLS,rolling_9m_3m,3,288,18144,0,0,0.0
volatility,OLS,rolling_9m_3m,5,288,18144,0,0,0.0
volatility,XGBoost,expanding,1,243,15309,0,0,0.0
volatility,XGBoost,expanding,3,243,15309,0,0,0.0
volatility,XGBoost,expanding,5,243,15309,0,0,0.0
volatility,XGBoost,rolling_9m_3m,1,288,18144,0,0,0.0
volatility,XGBoost,rolling_9m_3m,3,288,18144,0,0,0.0
volatility,XGBoost,rolling_9m_3m,5,288,18144,0,0,0.0
