quantity,paper (BIR pipeline),corrected (Task 0b)
return cells with t > 3 (of 162),7,7
volatility cells with t > 3 (of 162),158,162
largest volatility HAC t,58.7,62.3
median HAC SE of the mean return IC,0.0064 (198 cells incl. FFNN/TFT),0.0061 (162 cells)
t>3 detection threshold (3 x SE),0.019,0.0182
"return lift D over A (EN+XGB, full grid)",+0.0027 (paper: about 0.003),+0.0005
"volatility lift D over A (EN+XGB, full grid)",0.0362 ('more than ten SEs'),0.0421 (per-cell paired t 5.8..21.4)
volatility lift repr_svi over A,0.0235,0.0315
"Set A volatility IC, EN rolling 5d",0.520,0.515
return IC ElasticNet/repr_grid/rolling_9m_3m/h5,0.0346 (t 4.28),+0.0028 (t +0.47)
return IC ElasticNet/D/rolling_9m_3m/h5,0.0331 (t 4.81),+0.0058 (t +1.24)
return IC ElasticNet/A/rolling_9m_3m/h5,0.0311 (t 3.21),+0.0042 (t +1.32)
return IC ElasticNet/repr_bkm/rolling_9m_3m/h5,0.0312 (t 3.24),-0.0026 (t -0.70)
return IC XGBoost/A/expanding/h1,0.0136 (t 3.64),+0.0057 (t +1.21)
return IC XGBoost/D/expanding/h3,0.0118 (t 1.47),+0.0048 (t +0.61)
return IC XGBoost/D/rolling_9m_3m/h5,-0.0025 (t -0.39),+0.0057 (t +0.63)
headline long/short Sharpe (EN/D/rolling/5d),"1.15 (geometric formula, all 60 names)","0.403 stocks only, arithmetic (0.368 all names)"
"headline final $ from $1,000","5,228","1,437 stocks (1,381 all names)"
headline periods flat (all predictions tied),0 (ties broken arbitrarily),78.2%
ETF-free headline (Sharpe / $),"1.07 / 4,585 (geometric)","0.403 / 1,437"
SR0 (expected-maximum Sharpe),1.153 (N = 198),0.631 (N = 162)
configurations above SR0,2 of 198,11 of 162
DSR of the headline cell,about 0.497 (referee_fixes.txt),0.252
PBO,0.571 (expanding/3d group),0.600 (family of 162); headline group rolling h5 0.429
