target,feature_set,lift,n_cells,n_cells_t_undefined,cell_t_min,cell_t_median,cell_t_max
return,B,0.0036582933221756195,12,0,-1.0195281135457208,0.4020053317578793,2.0985700738209383
return,C,-0.000424753519871771,12,1,-1.1983473257682178,-0.4546797302671266,2.084966318401001
return,candidate_6,0.007604755290056455,12,0,-1.0274832738919644,1.3089284092694506,3.167125235116519
return,D,0.0004683092548415135,12,1,-0.8334048960394125,0.1172411235785326,1.504612027130558
return,repr_svi,-0.0027336380075906118,12,1,-1.2787466047107323,-0.670299714640395,0.6705493096923826
return,repr_grid,0.0019133113409199054,12,0,-0.46794614448456445,0.49946859882580186,2.1245533721425502
return,repr_grid_raw,0.001709732992839424,12,0,-0.9384266177373747,0.5516034373507035,1.705890388329124
return,repr_bkm,-0.0010530291651709629,12,1,-1.286671298136925,-0.398080559105398,1.0841641213650324
volatility,B,0.031845488829472614,12,0,2.565976874966304,5.049347869400483,7.668370974321209
volatility,C,0.04469769782926366,12,0,7.927909258044006,12.29286618025364,22.161508209253757
volatility,candidate_6,0.03348626207811116,12,0,3.301997659050436,5.878715759174659,7.314955545762833
volatility,D,0.042074942569561714,12,0,5.821449390112929,11.87174167256688,21.41110973571467
volatility,repr_svi,0.03150445931439693,12,0,3.467013187797182,7.352444374836873,13.893473707144828
volatility,repr_grid,0.041840504117979634,12,0,5.814305545182996,11.815354181637915,19.118149998786397
volatility,repr_grid_raw,0.04317538934799012,12,0,6.160006278634186,12.899372115909047,18.88285883694305
volatility,repr_bkm,0.0042127893197283295,12,0,0.010090057619699597,1.3498371323267202,6.3258377610999075
