target,model,feature_set,scheme,horizon,bir_ic,bir_t,ic,t,ic_pooled,t_pooled,share_constant_dates
return,ElasticNet,A,expanding,1,0.0101644969965157,0.9757866003069188,0.0,,,,1.0
return,ElasticNet,A,expanding,3,0.0105965962234213,1.3744063634489465,0.013725431977953916,2.256132809549116,0.017011878753731068,2.014653454854719,0.18518518518518517
return,ElasticNet,A,expanding,5,0.0153442270647742,1.4314620434835774,0.0021364715254132585,0.3757285714846909,0.001753340675664607,0.14348405151174046,0.4444444444444444
return,ElasticNet,A,rolling_9m_3m,1,0.007265792840406,1.2221697001353202,0.0022280204851262537,1.023520155877225,0.004407957125974739,1.2869307779504109,0.4375
return,ElasticNet,A,rolling_9m_3m,3,-0.0010992239132814,-0.1733800185705167,0.003129831142937172,1.0291729064005395,0.0058640624891827505,0.5077296181804906,0.6875
return,ElasticNet,A,rolling_9m_3m,5,0.0311417063858969,3.210661807652177,0.004170019202605178,1.3240373217615395,0.03944478334833347,,0.8754960317460317
return,ElasticNet,D,expanding,1,0.0108011102073502,1.2877251873565962,0.0,,,,1.0
return,ElasticNet,D,expanding,3,0.0185784911584668,1.8899207023853208,0.012130661303770194,1.1670185143900136,0.015150277582667961,1.4018118104314885,0.0
return,ElasticNet,D,expanding,5,0.0205542245682806,1.9786688852792813,0.00873440970694008,0.8130661508656991,0.011416695253636705,0.9582968821186935,0.07407407407407407
return,ElasticNet,D,rolling_9m_3m,1,0.0048731006410326,1.0084629335010764,-0.0007658647785255971,-0.2151856324622878,-0.001206708007644594,-0.15340470228527334,0.5
return,ElasticNet,D,rolling_9m_3m,3,0.0054360073568192,0.6345754231848761,0.008676282925904156,1.9441002650103247,0.017594915556517154,1.663092263783596,0.5625
return,ElasticNet,D,rolling_9m_3m,5,0.0330989695764852,4.8073969919274395,0.00576518144614648,1.237202913020076,0.03126773709818455,1.9670107437436566,0.78125
return,ElasticNet,repr_bkm,expanding,1,0.0099463418023717,1.220833376020168,0.0,,,,1.0
return,ElasticNet,repr_bkm,expanding,3,0.0140606249838207,1.625425860474784,0.013815522351122721,2.26073060445808,0.017012790477754055,2.0147685268985125,0.18518518518518517
return,ElasticNet,repr_bkm,expanding,5,0.0151315055537907,1.4492929719662573,0.0010421686347405219,0.19057102263291345,0.0051618718945132605,0.5154767385655623,0.37037037037037035
return,ElasticNet,repr_bkm,rolling_9m_3m,1,0.0053096965754244,0.9535732824371462,0.002196546263849288,1.0116530340925804,0.004402791981439661,1.284533847423636,0.4375
return,ElasticNet,repr_bkm,rolling_9m_3m,3,0.0005423969070466,0.0880007140355595,0.0015546695285352337,0.46696864235035984,0.0014499099205037083,0.13373804850516566,0.625
return,ElasticNet,repr_bkm,rolling_9m_3m,5,0.0312364883142698,3.2351383167391945,-0.0025726053272654066,-0.6979056401532223,-0.010179121219141819,-0.38563627913674275,0.8442460317460317
return,ElasticNet,repr_grid,expanding,1,0.0071312419993041,0.9412221471564944,0.001424211894940911,1.1189617015836726,0.014471877673105767,4.673821852335334,0.8888888888888888
return,ElasticNet,repr_grid,expanding,3,0.0213034537548723,2.260739951962905,0.008991942841312621,0.8131516477159633,0.011184383919042883,0.9945215704606868,0.037037037037037035
return,ElasticNet,repr_grid,expanding,5,0.0194583097434707,2.0173857472343513,0.011272913292465202,1.1170045851322867,0.012697736152141937,1.1704572250971261,0.037037037037037035
return,ElasticNet,repr_grid,rolling_9m_3m,1,0.0070342348152441,1.3181608448766813,0.00258235819410951,0.6795167392190432,0.005249949827242027,0.9794806110503552,0.40625
return,ElasticNet,repr_grid,rolling_9m_3m,3,0.0026666797405236,0.2210103440832612,0.009477583055196394,1.8803774363846575,0.01817495963537718,1.782680797952777,0.5625
return,ElasticNet,repr_grid,rolling_9m_3m,5,0.0346038585568972,4.278878859371347,0.0028031549905349127,0.4680122104647037,0.012682401462239621,0.7045768152722236,0.71875
return,ElasticNet,repr_grid_raw,expanding,1,0.0077151560474629,1.514183410533587,0.0004179819252082778,1.0229953218071866,0.0092160200694996,,0.9629629629629629
return,ElasticNet,repr_grid_raw,expanding,3,0.0159362360645065,1.7355702846329286,0.009945674030859926,1.047995939877908,0.011716009863796468,1.1215437591730009,0.037037037037037035
return,ElasticNet,repr_grid_raw,expanding,5,0.0218565931098081,2.110631376554198,0.010935315141760058,1.1967695657432071,0.013016998402023318,1.3042428333329183,0.037037037037037035
return,ElasticNet,repr_grid_raw,rolling_9m_3m,1,0.0098883155310372,2.7107568743140673,0.0008814778742122691,0.26672376416687005,0.0014230947380373523,0.24291272625892268,0.40625
return,ElasticNet,repr_grid_raw,rolling_9m_3m,3,0.0104131800622663,1.306408723327286,0.006282801746377326,1.5008346115521827,0.008373153611752723,0.8873104598218827,0.5625
return,ElasticNet,repr_grid_raw,rolling_9m_3m,5,0.0095207934002857,0.6900307359321385,0.008400743126468975,1.9891443980937817,0.03766589674846424,4.7997819608463885,0.7504960317460317
return,ElasticNet,repr_svi,expanding,1,0.0062449494025445,0.8727986005359974,0.0,,,,1.0
return,ElasticNet,repr_svi,expanding,3,0.0180217152585071,2.1250973437718588,0.0068930706848397616,0.6376086025876238,0.012399137498389045,1.1687974392027638,0.037037037037037035
return,ElasticNet,repr_svi,expanding,5,0.0181978630467389,1.7059898085201093,0.006600422719324007,0.5739541977671319,0.012445057770731384,1.1020519453609834,0.037037037037037035
return,ElasticNet,repr_svi,rolling_9m_3m,1,0.0027007211136289,0.6684675614306083,-0.0008640791489812221,-0.26553226033633903,-0.0014865214409010563,-0.21342453307429152,0.5
return,ElasticNet,repr_svi,rolling_9m_3m,3,0.001328039588709,0.2350482366097042,0.0055093629936972775,1.318370706624314,0.013789295846211138,1.1554046912210663,0.65625
return,ElasticNet,repr_svi,rolling_9m_3m,5,0.0066403632252951,0.4742307253640874,0.0022497306915797593,0.5483720138146139,0.01248944412457539,0.5344477739340882,0.78125
return,OLS,A,expanding,1,-0.0033155883080049,-0.4536976872943841,0.01093426746491504,2.313950960434526,0.007595469653659011,1.7075270643911666,0.0
return,OLS,A,expanding,3,-0.0012656192157962,-0.1237935593540236,0.01577123032132953,2.0543744748560937,0.011773646453015017,1.520294509489595,0.0
return,OLS,A,expanding,5,-0.0040777097249683,-0.3120799333570367,0.014451262247985224,1.4111977172527261,0.011687474310507803,1.1468769296397578,0.0
return,OLS,A,rolling_9m_3m,1,0.0047851758084163,1.1498713079821408,0.009481152287474415,2.1422804656720498,0.006782143794109733,1.5226603588473033,0.0
return,OLS,A,rolling_9m_3m,3,0.0062568128910213,1.0551635404276294,0.009838397225096449,1.3280750219935509,0.005489054608189133,0.7861833852331653,0.0
return,OLS,A,rolling_9m_3m,5,0.0018130884459652,0.2377321274283473,0.00522885251936725,0.6366446212370238,0.0029194787685733314,0.3531780746364969,0.0
return,OLS,D,expanding,1,-0.0033366862829766,-0.4564417093807522,0.009339087902952901,1.9222841473386119,0.008003872590883162,1.644113826934447,0.0
return,OLS,D,expanding,3,-0.0012714292973062,-0.1242938161581783,0.01435578250829623,1.8670434992904479,0.011959616001273883,1.4975625880257422,0.0
return,OLS,D,expanding,5,-0.0040946725832117,-0.3132570950339479,0.014159403063394718,1.4150724799699235,0.012230726953342019,1.2264683116612254,0.0
return,OLS,D,rolling_9m_3m,1,0.0074162381456477,1.9337949510131835,0.007760302557127993,2.0723846836857422,0.004781154287804803,1.1465952834563942,0.0
return,OLS,D,rolling_9m_3m,3,0.0114982866872391,2.5180481942815485,0.008618695305573673,1.4810589208200151,0.004876876096600731,0.8594772350622537,0.0
return,OLS,D,rolling_9m_3m,5,0.0104175241277748,1.6705527967967522,0.006192064762592257,0.8331947274247277,0.004778868462681116,0.6712313022107951,0.0
return,OLS,repr_bkm,expanding,1,-0.0034038982799297,-0.4666096087211209,0.009872423743499748,2.1279624760733955,0.0066790776489899515,1.5161588272324003,0.0
return,OLS,repr_bkm,expanding,3,-0.001647991731237,-0.162010198120493,0.014509245937194874,1.9514928342230913,0.011225134197477208,1.4798339380142982,0.0
return,OLS,repr_bkm,expanding,5,-0.0042990919406537,-0.3327727074505872,0.013239087569697288,1.3295553305781482,0.011065578763273829,1.1054943999392512,0.0
return,OLS,repr_bkm,rolling_9m_3m,1,0.0038868413172521,1.1299105180536428,0.008876086008865828,2.1306512719234134,0.006214595219073091,1.4488167876589906,0.0
return,OLS,repr_bkm,rolling_9m_3m,3,0.0054766758970085,1.2352183183026173,0.009422101484900138,1.277436380843339,0.005993043392149839,0.8805286090382428,0.0
return,OLS,repr_bkm,rolling_9m_3m,5,0.0042882501457297,0.7957568204298019,0.004347537252540292,0.5260655213086918,0.003351957493251765,0.40883771124911894,0.0
return,OLS,repr_grid,expanding,1,-0.0033353357639065,-0.4562567788649127,0.010109356171190124,2.0685794697131232,0.009066207795963541,1.9360486401551955,0.0
return,OLS,repr_grid,expanding,3,-0.001270426821411,-0.1241933361207224,0.0156637406500023,1.9866007924761582,0.01249645824129924,1.537144472425556,0.0
return,OLS,repr_grid,expanding,5,-0.0040939962585165,-0.3132084370726165,0.013977352781451353,1.4388611175701276,0.012170445288900319,1.2345653902695246,0.0
return,OLS,repr_grid,rolling_9m_3m,1,0.008480864649155,1.9658191284433155,0.008782654538020124,2.322889198614353,0.005449561576075247,1.1968185573391426,0.0
return,OLS,repr_grid,rolling_9m_3m,3,0.0114729994740449,2.5077055062901885,0.009862664086028938,1.586194113935513,0.005650741385552209,0.9564594720809168,0.0
return,OLS,repr_grid,rolling_9m_3m,5,0.0103847307423149,1.6640746294528934,0.0063847641772340185,0.8943742430204701,0.005008302384201568,0.7297396581730057,0.0
return,OLS,repr_grid_raw,expanding,1,-0.0033331404543422,-0.4559037285314055,0.011178585084613701,2.603894214485475,0.007416381435824649,1.8275196594254168,0.0
return,OLS,repr_grid_raw,expanding,3,-0.0012722950146563,-0.1243869261226327,0.014869316385964441,2.0066543198089892,0.011975737379024983,1.6133242590829924,0.0
return,OLS,repr_grid_raw,expanding,5,-0.0040921152542572,-0.3130575076447356,0.014079664055631273,1.4754282988918523,0.012145700456695826,1.2337142397580976,0.0
return,OLS,repr_grid_raw,rolling_9m_3m,1,0.0061646416742913,1.4471051912503123,0.008350877958720436,1.9622643320267823,0.006158876027449144,1.4419809362161011,0.0
return,OLS,repr_grid_raw,rolling_9m_3m,3,0.0083276756020915,1.388392847421493,0.010321897884783805,1.590484236528145,0.006284542302788134,0.9760481655968039,0.0
return,OLS,repr_grid_raw,rolling_9m_3m,5,0.0063253940879395,0.854068552762285,0.005699212174818264,0.7448109663869297,0.00370251919518137,0.4794653170269268,0.0
return,OLS,repr_svi,expanding,1,-0.0033161643857618,-0.4537740508003698,0.008682378456849875,1.7024710784931796,0.005857915264414209,1.1473393757481543,0.0
return,OLS,repr_svi,expanding,3,-0.0012665309957006,-0.1238777416683245,0.01353135016614655,1.7297339594110124,0.010483384446642811,1.3011426736973002,0.0
return,OLS,repr_svi,expanding,5,-0.0040802942164481,-0.3122779639817257,0.01302130355833337,1.2882255367263251,0.01025373506736292,0.9862685821076048,0.0
return,OLS,repr_svi,rolling_9m_3m,1,0.0047851743294861,1.1498746368471604,0.007208290786050897,1.8525170729122244,0.003984377702613548,1.0360978238151382,0.0
return,OLS,repr_svi,rolling_9m_3m,3,0.0062561475265142,1.0550884009304589,0.007285262946108695,1.0622396773212837,0.0026819239951541554,0.41383910827149334,0.0
return,OLS,repr_svi,rolling_9m_3m,5,0.0018124303634393,0.2376424514684089,0.0038076033248753936,0.4772510185573099,0.0013585906558465123,0.1684796298207587,0.0
return,XGBoost,A,expanding,1,0.0136000089057111,3.6383141185371186,0.005666212362136143,1.213947295154234,0.005360023238697501,1.0769067931400693,0.007642563198118754
return,XGBoost,A,expanding,3,0.0061496507419131,1.036827464933237,0.009302979880933473,1.4136808823909812,0.012532045689907245,1.8321291630607646,0.0
return,XGBoost,A,expanding,5,0.0042113778856634,0.6525076842781811,0.005906494306145943,0.9737218923332481,0.005451963431181617,0.7860974007665428,0.0
return,XGBoost,A,rolling_9m_3m,1,0.0007233292703954,0.1569357361736375,0.005306697597730106,1.5311287362261832,0.002386900486514306,0.7409568077290895,0.0
return,XGBoost,A,rolling_9m_3m,3,0.0024476550308598,0.5952167941729846,0.007673407159024356,1.1388356082054234,0.00927537976140003,1.3515276639100209,0.0
return,XGBoost,A,rolling_9m_3m,5,0.0032427246161859,0.3804707082450212,0.009907661199575882,2.027365803656187,0.005809223382979954,1.2336308504933458,0.001984126984126984
return,XGBoost,D,expanding,1,0.0052778491729628,1.0213358283920693,0.006141964012490818,1.0857200974741432,0.006356490768596546,1.1686452002911183,0.0
return,XGBoost,D,expanding,3,0.011847606432202,1.4722571402651443,0.00482033023954754,0.6140071203070998,0.003839452996943923,0.40524010590843323,0.0
return,XGBoost,D,expanding,5,0.0167189497489,1.9301114790252727,0.008226430892092266,0.7928140675517925,0.011883153550249107,1.0729871725933715,0.0
return,XGBoost,D,rolling_9m_3m,1,0.0059682719987779,2.57413977627926,0.0058593602104443695,1.4549195025195494,0.0060001066699117995,1.3796060581210219,0.0
return,XGBoost,D,rolling_9m_3m,3,0.0052384031965713,1.063095729122869,0.009458872676881171,1.5031739567870663,0.012453316997983362,1.9872327705059984,0.0
return,XGBoost,D,rolling_9m_3m,5,-0.002510512398478,-0.3872485586887145,0.005725309261988365,0.6262281265014528,0.008850170246255857,1.0731603116204407,0.000496031746031746
return,XGBoost,repr_bkm,expanding,1,0.0055538344322252,1.915702124681628,0.00348528732122626,0.8882144851822243,0.006045889425544897,1.8099500624802656,0.023515579071134628
return,XGBoost,repr_bkm,expanding,3,0.0096727153952786,1.4551158951072904,0.007129132572210082,1.630983291488916,0.011093567730426992,2.1761233034590073,0.0
return,XGBoost,repr_bkm,expanding,5,-0.0040326059662911,-0.482119887901651,0.008493839685232412,1.6091594141800343,0.006325752609198541,1.0771568573364607,0.0
return,XGBoost,repr_bkm,rolling_9m_3m,1,-0.003359250066177,-1.0031560545096716,0.005520826056915694,1.489760060200355,0.005499705086768216,1.4356537955843673,0.0
return,XGBoost,repr_bkm,rolling_9m_3m,3,0.0043837204948991,0.881276202581133,0.008190983087477195,1.2558709959884007,0.012229854888424678,1.8871463888227205,0.0
return,XGBoost,repr_bkm,rolling_9m_3m,5,0.0036883638956667,0.5189346517199522,0.0076605066834861246,1.2049601587826142,0.007386233977113936,1.1176968549274666,0.0
return,XGBoost,repr_grid,expanding,1,0.012220410388544,2.338339170248852,0.009413687847152359,1.5833425637543919,0.009190705975792572,1.676244463233866,0.0
return,XGBoost,repr_grid,expanding,3,0.0138260363343329,1.6310841208884668,0.005819659945752553,0.8095237471620651,0.008873515361756115,1.1575404702536995,0.0
return,XGBoost,repr_grid,expanding,5,0.0130411976190131,1.331428901102799,0.009091102095121371,0.897320178788588,0.01229631977760711,1.114728129402514,0.0
return,XGBoost,repr_grid,rolling_9m_3m,1,0.0019893344379844,0.7899741134135486,0.007475037697236682,1.8839534451932745,0.006033009341941946,1.9249000612434337,0.003968253968253968
return,XGBoost,repr_grid,rolling_9m_3m,3,0.0073346073405376,1.2560444446192751,0.016519326019790004,2.6918204057850876,0.017002014105595382,2.48121557056618,0.0
return,XGBoost,repr_grid,rolling_9m_3m,5,0.005332236574174,0.788344637648672,0.007241985057008028,1.1132805389953186,0.009437012622909989,1.4209118916607204,0.0
return,XGBoost,repr_grid_raw,expanding,1,0.0052462683576807,1.5598515535988349,0.003908510104709447,0.7513240639051196,0.003204382703294637,0.667910277056124,0.0
return,XGBoost,repr_grid_raw,expanding,3,0.0096005711498275,1.3725129490475452,-8.841080584278363e-05,-0.010522705756886448,0.0010145269435063746,0.10935189728758164,0.0
return,XGBoost,repr_grid_raw,expanding,5,0.0176624093986569,1.8998375268043932,0.010356462246691834,1.2077128305004663,0.01615331025090501,1.7837242551603816,0.0
return,XGBoost,repr_grid_raw,rolling_9m_3m,1,0.0083300354445869,2.412782208827122,0.006702726088289984,1.686512400635242,0.007251614370880335,1.9698401575046953,0.005456349206349206
return,XGBoost,repr_grid_raw,rolling_9m_3m,3,0.0072133965098956,1.3726115642766503,0.018812468267905717,3.6855442941667897,0.01827394826568479,2.9853124839489515,0.0
return,XGBoost,repr_grid_raw,rolling_9m_3m,5,-0.0004454169924079,-0.069052474360189,0.013114273007013736,1.9755840759761485,0.010945717979643207,1.7858335472423552,0.0
return,XGBoost,repr_svi,expanding,1,0.0041150471391568,0.9137561473958395,0.007809364436493467,1.5724944276319734,0.00798317361519409,1.4165099352243342,0.026455026455026454
return,XGBoost,repr_svi,expanding,3,0.0108862058723697,1.725445805807046,0.0003308062643136007,0.08094753146409168,0.0035764615523500706,0.9223490085022787,0.0
return,XGBoost,repr_svi,expanding,5,-0.0048583654583715,-0.522780542192953,-0.000836835516398741,-0.08909692236265941,-0.0012835146694859566,-0.14743455709514686,0.0
return,XGBoost,repr_svi,rolling_9m_3m,1,0.0019767122258223,0.6536519385887519,0.0037032004649665004,1.4507596533239515,0.00411227238300485,1.2552160489905495,0.0
return,XGBoost,repr_svi,rolling_9m_3m,3,0.0011915654172046,0.252409821308858,0.002457625915064331,0.4282347885756395,0.005484973263559953,1.001342667501807,0.0
return,XGBoost,repr_svi,rolling_9m_3m,5,0.0073726083344386,0.9183836492225969,0.002496901243595603,0.3423545733863795,0.004059211053742472,0.6466265942932939,0.0
volatility,ElasticNet,A,expanding,1,0.2785501460955851,35.121255917201395,0.28054673615339243,37.008430153827746,0.2759593565900615,30.23610278198907,0.0
volatility,ElasticNet,A,expanding,3,0.4635075518568225,42.179160591386605,0.4633173210377564,37.78854600099942,0.4418314165496773,25.909334587687173,0.0
volatility,ElasticNet,A,expanding,5,0.5380265808842813,40.34815283603748,0.5397849724716925,39.46694149110545,0.5147268718533697,29.39879735419685,0.0
volatility,ElasticNet,A,rolling_9m_3m,1,0.2509172911303914,28.41768196642989,0.26355722197462006,37.117360917250195,0.24822270312062933,27.29932589227827,0.0
volatility,ElasticNet,A,rolling_9m_3m,3,0.4351347072808895,37.08655994831427,0.446246252386519,37.07146289203897,0.4230153167835826,29.77670043661471,0.0
volatility,ElasticNet,A,rolling_9m_3m,5,0.5199276721730567,46.9864278782398,0.515379415838755,38.80761065438283,0.4891722655646117,30.717346622155514,0.0
volatility,ElasticNet,D,expanding,1,0.291380725346397,33.43681076865454,0.2932313929907423,36.85816528837225,0.2931080346795209,29.60615863689312,0.0
volatility,ElasticNet,D,expanding,3,0.4915592944074725,43.65618550300901,0.49868393696457114,45.5387642648998,0.4891281355530386,35.55902800503301,0.0
volatility,ElasticNet,D,expanding,5,0.5792557919016018,52.75879838863093,0.5843440255136132,49.959296593101904,0.5700981094768058,38.38237868519677,0.0
volatility,ElasticNet,D,rolling_9m_3m,1,0.280843239869094,47.90125865832086,0.2874296676421063,45.39124233352662,0.2859558023297289,35.772278024443146,0.0
volatility,ElasticNet,D,rolling_9m_3m,3,0.4666908684314407,41.480719693703925,0.4886343205609141,49.660651526915515,0.4741489856547322,35.92167893926211,0.0
volatility,ElasticNet,D,rolling_9m_3m,5,0.5528775688120444,45.75085854030007,0.5729692574906402,52.617276100140934,0.553231305894534,37.815361734921595,0.0
volatility,ElasticNet,repr_bkm,expanding,1,0.2796712428306482,35.499823002839044,0.28253347843412824,38.752276338317046,0.2778402375878998,30.294226991331602,0.0
volatility,ElasticNet,repr_bkm,expanding,3,0.459901171455737,38.78608847482082,0.46697382677899085,37.895060633414566,0.446640700681557,25.962421753097345,0.0
volatility,ElasticNet,repr_bkm,expanding,5,0.5394040229901795,38.298524962780085,0.5430956994178637,38.83654723739662,0.5190414671408772,28.567688541402816,0.0
volatility,ElasticNet,repr_bkm,rolling_9m_3m,1,0.2537706410278949,29.136649456878725,0.2651576802015458,39.50495483178504,0.2522974169094595,28.14290809565125,0.0
volatility,ElasticNet,repr_bkm,rolling_9m_3m,3,0.4356621135915153,36.99669702660372,0.44626835186321473,36.405464500322665,0.42529548345959445,29.54509410497139,0.0
volatility,ElasticNet,repr_bkm,rolling_9m_3m,5,0.5197476607905198,45.97994346324245,0.5221528481248396,41.20068148877977,0.49857427622173034,35.78846974394151,0.0
volatility,ElasticNet,repr_grid,expanding,1,0.2870212007517208,35.00458932731306,0.29305183949400904,36.89339683615597,0.29281682595417163,29.57940475971762,0.0
volatility,ElasticNet,repr_grid,expanding,3,0.4848719591738724,47.69222769287541,0.49816402659951137,45.72490050615341,0.48837705803045245,35.61636534288876,0.0
volatility,ElasticNet,repr_grid,expanding,5,0.5681028703150391,46.15603345028364,0.5836875068361704,50.58398650020305,0.5692489571361666,38.496864234144404,0.0
volatility,ElasticNet,repr_grid,rolling_9m_3m,1,0.2736799048585465,38.1800793396068,0.2885758828775099,45.74307088235126,0.28674868084139626,35.67355790999263,0.0
volatility,ElasticNet,repr_grid,rolling_9m_3m,3,0.4646377572181874,40.1416093556295,0.48842240644115725,49.32697509193394,0.4738641497228752,35.90144559297446,0.0
volatility,ElasticNet,repr_grid,rolling_9m_3m,5,0.549906094339262,42.50886303687378,0.5727614820663561,52.52663769885936,0.5528338513929529,37.607628256633596,0.0
volatility,ElasticNet,repr_grid_raw,expanding,1,0.2928475642107491,33.91677326936054,0.2932031411456085,35.79731520008397,0.291565847611925,29.360584085882078,0.0
volatility,ElasticNet,repr_grid_raw,expanding,3,0.4967695806632524,50.09851173915242,0.49924848125302396,46.18865197993111,0.4873204768186561,36.20614990807134,0.0
volatility,ElasticNet,repr_grid_raw,expanding,5,0.5832220027036021,56.39762205039871,0.5849438916290056,50.57959573607745,0.5684658183745624,39.0861837425805,0.0
volatility,ElasticNet,repr_grid_raw,rolling_9m_3m,1,0.2762120279814843,35.56053415470365,0.2885257267614199,42.32784866709583,0.2850086760214615,33.87884982371269,0.0
volatility,ElasticNet,repr_grid_raw,rolling_9m_3m,3,0.4696500974991562,38.35445558376067,0.4894021194668493,48.44719369434328,0.47215098108101516,35.15134738721461,0.0
volatility,ElasticNet,repr_grid_raw,rolling_9m_3m,5,0.5546151660460543,43.669408444783286,0.5742940415170921,52.12801823436909,0.5522995510975155,37.29099880870768,0.0
volatility,ElasticNet,repr_svi,expanding,1,0.2883931639189742,33.661313417254235,0.2896842324604915,37.18052904520242,0.28997108217969475,30.725978681870828,0.0
volatility,ElasticNet,repr_svi,expanding,3,0.4871465357625697,44.68619844187585,0.49039013538877185,43.092375252813525,0.4829270455862306,37.22323979785515,0.0
volatility,ElasticNet,repr_svi,expanding,5,0.573188843671004,53.77851054396222,0.5725987534150713,45.641822081771814,0.5602970054853598,38.583336099095504,0.0
volatility,ElasticNet,repr_svi,rolling_9m_3m,1,0.2649255540925194,30.14480218300475,0.28062108532223834,43.45016919069885,0.274356811169123,28.253164017017845,0.0
volatility,ElasticNet,repr_svi,rolling_9m_3m,3,0.4505684147213967,36.62030780292002,0.4745003040640788,45.6075956058153,0.45664173728603946,33.10637088347142,0.0
volatility,ElasticNet,repr_svi,rolling_9m_3m,5,0.5364514672057927,42.46324040146611,0.5569148722930239,46.831113477351145,0.535653473215739,35.18220732840532,0.0
volatility,OLS,A,expanding,1,0.1278912365509568,10.62510183012129,0.2802029743061814,37.56605540602124,0.27961377426170175,33.00360610069949,0.0
volatility,OLS,A,expanding,3,0.2216206670378456,12.202389672758606,0.4699325984751713,42.30825808953402,0.45994404902520053,38.41381053907058,0.0
volatility,OLS,A,expanding,5,0.263097343110652,12.980128431066277,0.546130223412873,45.15709993085867,0.5314326350817699,41.55219731191599,0.0
volatility,OLS,A,rolling_9m_3m,1,0.1236977745611664,10.45484639045591,0.2747482243196394,46.131971263281756,0.2778683971528346,41.59735434663046,0.0
volatility,OLS,A,rolling_9m_3m,3,0.2121478649356129,12.700459819094531,0.45432935930896445,40.90359752947618,0.45014326459165416,39.18152506002481,0.0
volatility,OLS,A,rolling_9m_3m,5,0.2515034223336811,13.58469117636835,0.5222784993027716,38.872735816183905,0.5129313465478603,36.95917345458016,0.0
volatility,OLS,D,expanding,1,0.1278239026207889,10.62812121867256,0.2921146812332439,37.63099043179539,0.29108323604619485,29.31117659696288,0.0
volatility,OLS,D,expanding,3,0.2215514299893569,12.212344794175907,0.4958476639310113,44.46134678167079,0.4860720508652701,34.67568262379657,0.0
volatility,OLS,D,expanding,5,0.2630341062654595,12.9946404545886,0.5809613486780326,48.19267285202812,0.5672077616137235,37.4941046528178,0.0
volatility,OLS,D,rolling_9m_3m,1,0.1983361751533418,10.609740977535315,0.2756359193466815,39.24836793569188,0.2781467142805727,34.60138939320783,0.0
volatility,OLS,D,rolling_9m_3m,3,0.3546747732162255,11.41333480287817,0.46664445008445443,41.6907397803819,0.4617328233665461,39.28011795257001,0.0
volatility,OLS,D,rolling_9m_3m,5,0.4142299116512349,11.880083481371477,0.5412926973830462,40.73522795719955,0.5327492682342696,38.90541134853534,0.0
volatility,OLS,repr_bkm,expanding,1,0.1436096728320793,11.321281541120827,0.28231087120416504,38.22895437274972,0.28155416349600393,32.47327265785412,0.0
volatility,OLS,repr_bkm,expanding,3,0.2479570874033185,13.716491548397236,0.47434898017953414,42.73002883243319,0.4635325017840152,37.91666754707968,0.0
volatility,OLS,repr_bkm,expanding,5,0.2930957557735857,15.412413058917592,0.551181514631881,45.69331507490027,0.5358286800760708,41.02631011860242,0.0
volatility,OLS,repr_bkm,rolling_9m_3m,1,0.1754023513444572,15.854849838106182,0.2761189463727898,45.90895843789245,0.2790202379670051,40.7662149685542,0.0
volatility,OLS,repr_bkm,rolling_9m_3m,3,0.2966750643994941,17.19426485033153,0.45746699586862244,40.283415315512435,0.4528359970205198,38.43391398011122,0.0
volatility,OLS,repr_bkm,rolling_9m_3m,5,0.3488548065704323,17.98778251134528,0.5260619524485814,38.37813164997026,0.5164820479657306,36.54847799297885,0.0
volatility,OLS,repr_grid,expanding,1,0.1278258649889752,10.628437884462077,0.29202316771712344,37.552231189509016,0.2909404645601003,29.471028963087292,0.0
volatility,OLS,repr_grid,expanding,3,0.2215516952583324,12.212154852007874,0.49528457258921654,44.57155071167153,0.4856546665085786,35.048387889109264,0.0
volatility,OLS,repr_grid,expanding,5,0.2630343677581501,12.994668382021118,0.5808470253487246,49.14907092777827,0.5667085906369467,37.883433475256275,0.0
volatility,OLS,repr_grid,rolling_9m_3m,1,0.1929972538505141,10.416095326075643,0.27679491896108366,39.45408268765047,0.27886457448962243,33.84379925033911,0.0
volatility,OLS,repr_grid,rolling_9m_3m,3,0.3546947694945468,11.413863805741643,0.46735596714189465,40.708218342995174,0.4622091163661035,38.42132125513729,0.0
volatility,OLS,repr_grid,rolling_9m_3m,5,0.4142669188421006,11.880847148979226,0.5430308821288345,40.02220226885919,0.534254671522514,38.6121520658149,0.0
volatility,OLS,repr_grid_raw,expanding,1,0.1278281219019221,10.62873323326232,0.29389865895122935,36.13634962683285,0.29154169211496295,29.597878389284936,0.0
volatility,OLS,repr_grid_raw,expanding,3,0.2215567927546426,12.212373314414906,0.4986493495015209,45.81419464072149,0.4865454928533656,36.60347690995969,0.0
volatility,OLS,repr_grid_raw,expanding,5,0.2630386667857935,12.994232476846395,0.5836745739857617,49.97411959847375,0.5675082186535156,39.486534725268264,0.0
volatility,OLS,repr_grid_raw,rolling_9m_3m,1,0.1598041958115088,10.546120218012804,0.2796471896625006,38.79588563749452,0.2800573307751658,32.76473426745883,0.0
volatility,OLS,repr_grid_raw,rolling_9m_3m,3,0.2729023828985854,10.823091553314592,0.47121774556585583,41.81301111541947,0.46443642768338855,38.70943444276313,0.0
volatility,OLS,repr_grid_raw,rolling_9m_3m,5,0.3222447578876517,11.222312771854842,0.5469225410683878,40.60821294317237,0.5369841255417415,38.61800238880952,0.0
volatility,OLS,repr_svi,expanding,1,0.1278901789618513,10.624664581502795,0.28967643051541453,36.97190460190748,0.29028966459502825,31.462206965030646,0.0
volatility,OLS,repr_svi,expanding,3,0.2216204588578962,12.202510205512434,0.48882430792115994,42.258458210772936,0.48151722004428116,37.069621458192934,0.0
volatility,OLS,repr_svi,expanding,5,0.2630977123189431,12.980253059721184,0.5703996191060643,44.75167888838776,0.5596922386043003,39.74252199493051,0.0
volatility,OLS,repr_svi,rolling_9m_3m,1,0.1236972170293093,10.45525135860151,0.2786821735479148,42.94799729358067,0.2811450888722621,38.35923153880398,0.0
volatility,OLS,repr_svi,rolling_9m_3m,3,0.2121458056017964,12.700499649431084,0.46561192243446425,42.338071452612894,0.4621716687229306,40.94788739483405,0.0
volatility,OLS,repr_svi,rolling_9m_3m,5,0.2515013833411669,13.584599320257947,0.5379417334239014,40.4238312374826,0.5301638569956681,39.435473141615,0.0
volatility,XGBoost,A,expanding,1,0.2686780828062587,24.39343517616328,0.2651411941908371,33.10758899243302,0.2511625236125839,23.072082443899717,0.0
volatility,XGBoost,A,expanding,3,0.4502929949147415,25.23860391314245,0.44565556663340405,37.82872092308144,0.4171875507916318,24.117861714464606,0.0
volatility,XGBoost,A,expanding,5,0.5197238996081115,25.863818030678825,0.515706702928248,39.093088075769906,0.479979287030924,24.97894669807667,0.0
volatility,XGBoost,A,rolling_9m_3m,1,0.2558368598303894,28.709396295816756,0.24697829779589944,39.42204143374226,0.23364178039977773,27.20726559829485,0.0
volatility,XGBoost,A,rolling_9m_3m,3,0.431880510455092,30.37261058994846,0.41824742509224766,37.557988141947874,0.39289320273371214,26.6953492861914,0.0
volatility,XGBoost,A,rolling_9m_3m,5,0.5008627572067386,29.335152694005796,0.4769717026993136,33.20148163705595,0.4495393092938872,24.854460417270626,0.0
volatility,XGBoost,D,expanding,1,0.2962539932925022,33.03362741340905,0.2890044861908886,39.177014220539455,0.2842727659865193,29.986050436194798,0.0
volatility,XGBoost,D,expanding,3,0.4963648794928192,35.20369740437429,0.49135769402686613,49.61001415736513,0.47734884818906215,32.671414268166046,0.0
volatility,XGBoost,D,expanding,5,0.5763204946312869,37.650749295889845,0.5766130306188139,53.426720894071856,0.556626889594332,34.16682114007219,0.0
volatility,XGBoost,D,rolling_9m_3m,1,0.2832305843980119,37.339990684230784,0.27697973503330775,45.31708232092608,0.26993938997406375,33.73202558877503,0.0
volatility,XGBoost,D,rolling_9m_3m,3,0.4782926714427889,41.5609027967426,0.47146187520984173,46.659163977850966,0.4540850183419966,34.034513701818184,0.0
volatility,XGBoost,D,rolling_9m_3m,5,0.5552561581015114,40.89046691852624,0.5517226977951205,47.1970295933819,0.5309641336595283,33.12857646169382,0.0
volatility,XGBoost,repr_bkm,expanding,1,0.2722308522117924,24.886730485472594,0.2661639841179649,34.0245631146749,0.2559691885092855,22.83503057653639,0.0
volatility,XGBoost,repr_bkm,expanding,3,0.458832778978429,26.84433179724389,0.4487425557828113,35.68977527834616,0.42905242933195964,24.80997752827791,0.0
volatility,XGBoost,repr_bkm,expanding,5,0.5295431391607495,28.029131093995684,0.5203209313614785,35.30720790855014,0.4941480200697108,25.520788636484742,0.0
volatility,XGBoost,repr_bkm,rolling_9m_3m,1,0.2570873235028986,28.58101227308897,0.24903143502493486,35.79308292935105,0.23652347753148217,24.525170852161285,0.0
volatility,XGBoost,repr_bkm,rolling_9m_3m,3,0.4388037760324497,29.550062037791477,0.4247730541194947,35.946491128042524,0.4030612275235108,26.559284062807667,0.0
volatility,XGBoost,repr_bkm,rolling_9m_3m,5,0.5126148928049692,28.696222175086294,0.4928724358121582,35.19080908857891,0.4676210272235118,25.90619290539889,0.0
volatility,XGBoost,repr_grid,expanding,1,0.2960478026765,33.357820835920414,0.28871297807176827,38.765084203974546,0.2841729515666952,29.423919145611716,0.0
volatility,XGBoost,repr_grid,expanding,3,0.4958445332649049,35.13165597559437,0.4910805813364557,48.69123811879564,0.4778625302028873,32.15415869880158,0.0
volatility,XGBoost,repr_grid,expanding,5,0.576389419842586,38.222808670045474,0.5763933130591353,53.13267201884693,0.5569270660182174,34.22455552647811,0.0
volatility,XGBoost,repr_grid,rolling_9m_3m,1,0.2848231909845681,39.332669776999296,0.2777603166854587,45.71342381031129,0.2696144733941263,34.54137813110482,0.0
volatility,XGBoost,repr_grid,rolling_9m_3m,3,0.4775838511791406,42.73285612934667,0.47047828120147517,47.13972314264765,0.4536185282332305,34.505538278896076,0.0
volatility,XGBoost,repr_grid,rolling_9m_3m,5,0.5538217236709386,40.64514208517174,0.550530243949434,47.62303700904095,0.5306718606325076,33.530660348982,0.0
volatility,XGBoost,repr_grid_raw,expanding,1,0.2957379850380776,31.2956599100166,0.289226532251529,36.06541715241412,0.28397387906374477,28.27220825759304,0.0
volatility,XGBoost,repr_grid_raw,expanding,3,0.494831115507679,34.33003949634576,0.49357812964719483,47.70601772174539,0.4772610384034789,33.16302612059647,0.0
volatility,XGBoost,repr_grid_raw,expanding,5,0.5755039676750195,36.59445685862397,0.5785647875622638,51.055444589851085,0.5565827905084156,33.9289051097716,0.0
volatility,XGBoost,repr_grid_raw,rolling_9m_3m,1,0.2810477588575195,35.03848816612367,0.2795320003529861,45.27916219122766,0.26939589238268613,34.96815487758712,0.0
volatility,XGBoost,repr_grid_raw,rolling_9m_3m,3,0.4775165002482192,41.51645855395409,0.47270404900716034,47.1232654089931,0.45303303697325104,33.60323870497121,0.0
volatility,XGBoost,repr_grid_raw,rolling_9m_3m,5,0.5555079658806937,40.5343654261455,0.5524145807844333,47.360290526445326,0.5308952090767513,34.59454851505846,0.0
volatility,XGBoost,repr_svi,expanding,1,0.2888520779187757,26.50728965871819,0.2812458930906594,37.642508149594924,0.2758273174729188,25.9631475720107,0.0
volatility,XGBoost,repr_svi,expanding,3,0.482090616032057,28.990483602891395,0.48058610787477474,43.75733563761556,0.46506862205509597,29.782726425351882,0.0
volatility,XGBoost,repr_svi,expanding,5,0.5593181500619414,30.885759019183535,0.5629570242935441,46.4263369024654,0.5423823231812241,30.956481753279665,0.0
volatility,XGBoost,repr_svi,rolling_9m_3m,1,0.2718933678531333,33.67116764219349,0.26926223081750683,42.6726221038683,0.2606891278036634,30.244060403887815,0.0
volatility,XGBoost,repr_svi,rolling_9m_3m,3,0.4601960644988881,34.7523442480484,0.4601569676449196,45.30940322978353,0.44164197520373716,32.79508915842015,0.0
volatility,XGBoost,repr_svi,rolling_9m_3m,5,0.5323272133804329,33.97176853562629,0.5366687143103686,45.203521815395376,0.5125543788632718,33.59791280821512,0.0
