feature_set,return_OLS,return_OLS_t,return_ElasticNet,return_ElasticNet_t,return_XGBoost,return_XGBoost_t,volatility_OLS,volatility_OLS_t,volatility_ElasticNet,volatility_ElasticNet_t,volatility_XGBoost,volatility_XGBoost_t
A,0.00522885251936725,0.6366446212370238,0.004170019202605178,1.3240373217615395,0.009907661199575882,2.027365803656187,0.5222784993027716,38.872735816183905,0.515379415838755,38.80761065438283,0.4769717026993136,33.20148163705595
B,0.0137066180917857,1.3504478034682927,0.006556523573047184,1.304521327004644,0.00886602243376735,1.9059610511770466,0.5388281378546822,53.52105604846454,0.5657097059875076,59.523948076276355,0.5363615225261171,45.33670280213052
C,0.0057426590060281595,0.7594822347180064,-0.0011842309211064213,-0.17743071382669118,0.0005843597217078172,0.0907563982951174,0.5455323987452778,40.09137643658633,0.5754860887704919,51.9526842468092,0.550989042820131,44.947761909948305
candidate_6,0.014825928727312374,1.3312032744192417,0.022902274100518108,3.3814961569940585,0.020143329815457748,3.2572278401887784,0.5422591873735325,55.22391765434723,0.5675967933710266,54.26113664389728,0.5289775749105845,36.10955902244078
D,0.006192064762592257,0.8331947274247277,0.00576518144614648,1.237202913020076,0.005725309261988365,0.6262281265014528,0.5412926973830462,40.73522795719955,0.5729692574906402,52.617276100140934,0.5517226977951205,47.1970295933819
repr_svi,0.0038076033248753936,0.4772510185573099,0.0022497306915797593,0.5483720138146139,0.002496901243595603,0.3423545733863795,0.5379417334239014,40.4238312374826,0.5569148722930239,46.831113477351145,0.5366687143103686,45.203521815395376
repr_grid,0.0063847641772340185,0.8943742430204701,0.0028031549905349127,0.4680122104647037,0.007241985057008028,1.1132805389953186,0.5430308821288345,40.02220226885919,0.5727614820663561,52.52663769885936,0.550530243949434,47.62303700904095
repr_grid_raw,0.005699212174818264,0.7448109663869297,0.008400743126468975,1.9891443980937817,0.013114273007013736,1.9755840759761485,0.5469225410683878,40.60821294317237,0.5742940415170921,52.12801823436909,0.5524145807844333,47.360290526445326
repr_bkm,0.004347537252540292,0.5260655213086918,-0.0025726053272654066,-0.6979056401532223,0.0076605066834861246,1.2049601587826142,0.5260619524485814,38.37813164997026,0.5221528481248396,41.20068148877977,0.4928724358121582,35.19080908857891
