target,model,feature_set,scheme,horizon,window,train_start,train_end,test_start,test_end,n_train,n_test,n_test_dates,ic_daily,ic_daily_stocks,n_constant_dates,ic_pooled,oos_r2,n_features_kept,n_indicators,rank,alpha,n_nonzero,best_iteration
volatility,OLS,repr_bkm,expanding,1,0,2016-01-04,2017-12-29,2018-01-03,2018-04-04,27765,3629,63,0.23720468650035112,0.22280779199607773,0,0.23973965064649305,0.08061620864787067,20,8,86.0,,,
volatility,ElasticNet,repr_bkm,expanding,1,0,2016-01-04,2017-12-29,2018-01-03,2018-04-04,27765,3629,63,0.2330898667648743,0.21665953620463832,0,0.1998309345542851,0.04565152641046821,20,8,,0.001,8.0,
volatility,XGBoost,repr_bkm,expanding,1,0,2016-01-04,2017-12-29,2018-01-03,2018-04-04,27765,3629,63,0.20641088122961307,0.1906410605254599,0,0.1951413638081337,0.03775555034387157,20,8,,,,78.0
volatility,OLS,repr_bkm,expanding,1,1,2016-01-04,2018-04-03,2018-04-05,2018-07-03,31394,3596,63,0.2519503890184805,0.22863616336399514,0,0.2642557537408105,0.10174523651515532,20,8,86.0,,,
volatility,ElasticNet,repr_bkm,expanding,1,1,2016-01-04,2018-04-03,2018-04-05,2018-07-03,31394,3596,63,0.25446611442039563,0.2312021010347155,0,0.26664828266523094,0.10343720149874591,20,8,,0.0001,61.0,
volatility,XGBoost,repr_bkm,expanding,1,1,2016-01-04,2018-04-03,2018-04-05,2018-07-03,31394,3596,63,0.2289868586388638,0.2079831966328519,0,0.2194293178098948,0.06499884473145567,20,8,,,,103.0
volatility,OLS,repr_bkm,expanding,1,2,2016-01-04,2018-07-02,2018-07-05,2018-10-02,34992,3647,63,0.26628977041888946,0.2419995968429281,0,0.267606798525306,0.14080178888856287,20,8,86.0,,,
volatility,ElasticNet,repr_bkm,expanding,1,2,2016-01-04,2018-07-02,2018-07-05,2018-10-02,34992,3647,63,0.27115439215375503,0.24738960730139287,0,0.26805746574837314,0.14024542516355354,20,8,,0.0001,62.0,
volatility,XGBoost,repr_bkm,expanding,1,2,2016-01-04,2018-07-02,2018-07-05,2018-10-02,34992,3647,63,0.2535774611632636,0.22623032475730648,0,0.2483026719955366,0.10032498221391084,20,8,,,,102.0
volatility,OLS,repr_bkm,expanding,1,3,2016-01-04,2018-10-01,2018-10-03,2019-01-04,38638,3620,63,0.3147455797061144,0.31560928686643563,0,0.3258528299865348,0.1662803589258739,20,8,86.0,,,
volatility,ElasticNet,repr_bkm,expanding,1,3,2016-01-04,2018-10-01,2018-10-03,2019-01-04,38638,3620,63,0.31664508312126033,0.3173383299601963,0,0.32713997192652217,0.161404730003763,20,8,,0.0001,62.0,
volatility,XGBoost,repr_bkm,expanding,1,3,2016-01-04,2018-10-01,2018-10-03,2019-01-04,38638,3620,63,0.29549471574140584,0.2962379767294827,0,0.28893194553946,0.11604189215110583,20,8,,,,288.0
volatility,OLS,repr_bkm,expanding,1,4,2016-01-04,2019-01-03,2019-01-07,2019-04-05,42258,3585,63,0.30682954994164263,0.2956021297004936,0,0.303363699042885,0.1357607356311481,20,8,86.0,,,
volatility,ElasticNet,repr_bkm,expanding,1,4,2016-01-04,2019-01-03,2019-01-07,2019-04-05,42258,3585,63,0.3059483772460255,0.2947302708051075,0,0.28670810326782725,0.13464148925767827,20,8,,0.0001,60.0,
volatility,XGBoost,repr_bkm,expanding,1,4,2016-01-04,2019-01-03,2019-01-07,2019-04-05,42258,3585,63,0.28186934403937414,0.2694776688655621,0,0.24942642174003887,0.12537503036696707,20,8,,,,189.0
volatility,OLS,repr_bkm,expanding,1,5,2016-01-04,2019-04-04,2019-04-08,2019-07-08,45843,3572,63,0.26889454132489893,0.2599925580354612,0,0.2734326332695752,0.10277130082724872,20,8,86.0,,,
volatility,ElasticNet,repr_bkm,expanding,1,5,2016-01-04,2019-04-04,2019-04-08,2019-07-08,45843,3572,63,0.267358864819439,0.25836978330213145,0,0.2712475202852532,0.10213211878575901,20,8,,0.0001,58.0,
volatility,XGBoost,repr_bkm,expanding,1,5,2016-01-04,2019-04-04,2019-04-08,2019-07-08,45843,3572,63,0.2568786916060634,0.24793362374142114,0,0.25302100167663516,0.06200836863445236,20,8,,,,209.0
volatility,OLS,repr_bkm,expanding,1,6,2016-01-04,2019-07-05,2019-07-09,2019-10-07,49415,3671,63,0.2605142456709122,0.24845440880046274,0,0.2607855956234565,0.07997640819885765,20,8,86.0,,,
volatility,ElasticNet,repr_bkm,expanding,1,6,2016-01-04,2019-07-05,2019-07-09,2019-10-07,49415,3671,63,0.2538771697696739,0.2412604791788396,0,0.25224227801795407,0.07899567498347226,20,8,,0.0001,59.0,
volatility,XGBoost,repr_bkm,expanding,1,6,2016-01-04,2019-07-05,2019-07-09,2019-10-07,49415,3671,63,0.2275243407491188,0.21391961433079493,0,0.21350429087695455,0.06996824276927349,20,8,,,,172.0
volatility,OLS,repr_bkm,expanding,1,7,2016-01-04,2019-10-04,2019-10-08,2020-01-07,53086,3641,63,0.27327273250811807,0.24415515729180093,0,0.2655823156386366,0.08949295636617882,20,8,86.0,,,
volatility,ElasticNet,repr_bkm,expanding,1,7,2016-01-04,2019-10-04,2019-10-08,2020-01-07,53086,3641,63,0.28159809049097645,0.2530658086306065,0,0.26837341393317377,0.09268082467015348,20,8,,0.0001,59.0,
volatility,XGBoost,repr_bkm,expanding,1,7,2016-01-04,2019-10-04,2019-10-08,2020-01-07,53086,3641,63,0.2660260382672264,0.23532391081731477,0,0.24560658180874037,0.08493966002444653,20,8,,,,159.0
volatility,OLS,repr_bkm,expanding,1,8,2016-01-04,2020-01-06,2020-01-08,2020-04-07,56726,3633,63,0.28135992156937073,0.27175025925883484,0,0.16708475703212589,0.037173029682185055,20,8,86.0,,,
volatility,ElasticNet,repr_bkm,expanding,1,8,2016-01-04,2020-01-06,2020-01-08,2020-04-07,56726,3633,63,0.2812129508768468,0.2710321210742463,0,0.1460964099973462,0.023332444577405576,20,8,,0.0001,59.0,
volatility,XGBoost,repr_bkm,expanding,1,8,2016-01-04,2020-01-06,2020-01-08,2020-04-07,56726,3633,63,0.24981605707359036,0.24584968768635054,0,0.0878406139635242,-0.0962545255906011,20,8,,,,274.0
volatility,OLS,repr_bkm,expanding,1,9,2016-01-04,2020-04-06,2020-04-08,2020-07-09,60359,3686,63,0.34422585763663194,0.3441421982355332,0,0.3388443445856311,0.10954960483679,20,8,86.0,,,
volatility,ElasticNet,repr_bkm,expanding,1,9,2016-01-04,2020-04-06,2020-04-08,2020-07-09,60359,3686,63,0.34777492983497355,0.34746538666095517,0,0.34520854211204755,0.12288094957590645,20,8,,0.0001,60.0,
volatility,XGBoost,repr_bkm,expanding,1,9,2016-01-04,2020-04-06,2020-04-08,2020-07-09,60359,3686,63,0.3157836788459108,0.3161110959162841,0,0.2948792793322761,0.061728381571583335,20,8,,,,48.0
volatility,OLS,repr_bkm,expanding,1,10,2016-01-04,2020-07-08,2020-07-10,2020-10-07,64045,3699,63,0.32214153985691757,0.3245651809771174,0,0.3268547247883735,0.11184510839509909,20,8,86.0,,,
volatility,ElasticNet,repr_bkm,expanding,1,10,2016-01-04,2020-07-08,2020-07-10,2020-10-07,64045,3699,63,0.31562916371070726,0.31733863473130813,0,0.3188933862812389,0.11818098109648056,20,8,,0.0001,61.0,
volatility,XGBoost,repr_bkm,expanding,1,10,2016-01-04,2020-07-08,2020-07-10,2020-10-07,64045,3699,63,0.2975736475114712,0.3005832007274663,0,0.2923489581974656,0.07048312861254025,20,8,,,,41.0
volatility,OLS,repr_bkm,expanding,1,11,2016-01-04,2020-10-06,2020-10-08,2021-01-07,67744,3700,63,0.2658821908801196,0.2566742017017123,0,0.2520612330739564,0.07185309735246403,20,8,86.0,,,
volatility,ElasticNet,repr_bkm,expanding,1,11,2016-01-04,2020-10-06,2020-10-08,2021-01-07,67744,3700,63,0.26768741271976904,0.258899369497621,0,0.24859764720843136,0.07087824617953553,20,8,,0.0001,61.0,
volatility,XGBoost,repr_bkm,expanding,1,11,2016-01-04,2020-10-06,2020-10-08,2021-01-07,67744,3700,63,0.26265428177259315,0.2528618817706561,0,0.25546389730535546,0.06213712751702993,20,8,,,,61.0
volatility,OLS,repr_bkm,expanding,1,12,2016-01-04,2021-01-06,2021-01-08,2021-04-09,71444,3686,63,0.2905880707422284,0.28530980907239334,0,0.29211583385231754,0.11417286624889877,20,8,86.0,,,
volatility,ElasticNet,repr_bkm,expanding,1,12,2016-01-04,2021-01-06,2021-01-08,2021-04-09,71444,3686,63,0.2870765814391239,0.2820039048039487,0,0.2888054656856325,0.11242788862439712,20,8,,0.0001,62.0,
volatility,XGBoost,repr_bkm,expanding,1,12,2016-01-04,2021-01-06,2021-01-08,2021-04-09,71444,3686,63,0.27031194036016226,0.2647567519922451,0,0.27176923874437425,0.08144033741022072,20,8,,,,67.0
volatility,OLS,repr_bkm,expanding,1,13,2016-01-04,2021-04-08,2021-04-12,2021-07-09,75131,3677,63,0.28113945080321606,0.2712065572644114,0,0.28483599789291164,0.09443959766390941,20,8,86.0,,,
volatility,ElasticNet,repr_bkm,expanding,1,13,2016-01-04,2021-04-08,2021-04-12,2021-07-09,75131,3677,63,0.2783558414366043,0.26851351843525184,0,0.27844057144591206,0.09282995237953062,20,8,,0.0001,64.0,
volatility,XGBoost,repr_bkm,expanding,1,13,2016-01-04,2021-04-08,2021-04-12,2021-07-09,75131,3677,63,0.2580223155701783,0.2472827298527662,0,0.2520048914228681,0.08277413030775349,20,8,,,,162.0
volatility,OLS,repr_bkm,expanding,1,14,2016-01-04,2021-07-08,2021-07-12,2021-10-07,78808,3676,63,0.29264898007258516,0.280948265182351,0,0.29687178171912254,0.08644160453216543,20,8,86.0,,,
volatility,ElasticNet,repr_bkm,expanding,1,14,2016-01-04,2021-07-08,2021-07-12,2021-10-07,78808,3676,63,0.2945939830519769,0.2824825857079446,0,0.2981868507624324,0.08636766575190824,20,8,,0.0001,64.0,
volatility,XGBoost,repr_bkm,expanding,1,14,2016-01-04,2021-07-08,2021-07-12,2021-10-07,78808,3676,63,0.20224822139420146,0.18883432465548441,0,0.1949717076352172,0.021206343551278817,20,8,,,,162.0
volatility,OLS,repr_bkm,expanding,1,15,2016-01-04,2021-10-06,2021-10-08,2022-01-06,82484,3684,63,0.2604705264822133,0.25348698742576015,0,0.2701618218070589,0.1170500331384462,20,8,86.0,,,
volatility,ElasticNet,repr_bkm,expanding,1,15,2016-01-04,2021-10-06,2021-10-08,2022-01-06,82484,3684,63,0.2555368398102273,0.2478506509738593,0,0.26573998538097676,0.1142182587757885,20,8,,0.0001,65.0,
volatility,XGBoost,repr_bkm,expanding,1,15,2016-01-04,2021-10-06,2021-10-08,2022-01-06,82484,3684,63,0.24893739677006213,0.2404163269351765,0,0.2512804079468555,0.10927829261474464,20,8,,,,214.0
volatility,OLS,repr_bkm,expanding,1,16,2016-01-04,2022-01-05,2022-01-07,2022-04-07,86167,3702,63,0.3053506934709693,0.3118966464968862,0,0.327575690451813,0.1423431902225044,20,8,86.0,,,
volatility,ElasticNet,repr_bkm,expanding,1,16,2016-01-04,2022-01-05,2022-01-07,2022-04-07,86167,3702,63,0.3013438683322931,0.3083276919357079,0,0.32666697556474844,0.13774783892484543,20,8,,0.0001,65.0,
volatility,XGBoost,repr_bkm,expanding,1,16,2016-01-04,2022-01-05,2022-01-07,2022-04-07,86167,3702,63,0.3007395728829315,0.3081070319318698,0,0.32076277083211413,0.13248146347852519,20,8,,,,278.0
volatility,OLS,repr_bkm,expanding,1,17,2016-01-04,2022-04-06,2022-04-08,2022-07-11,89869,3644,63,0.34262654160695544,0.34666007180122194,0,0.3569536904912258,0.13265067188488178,20,8,86.0,,,
volatility,ElasticNet,repr_bkm,expanding,1,17,2016-01-04,2022-04-06,2022-04-08,2022-07-11,89869,3644,63,0.3459259277649647,0.35081589725053,0,0.3565827820543863,0.1301701253349764,20,8,,0.0001,66.0,
volatility,XGBoost,repr_bkm,expanding,1,17,2016-01-04,2022-04-06,2022-04-08,2022-07-11,89869,3644,63,0.3432643959401872,0.3495673651122789,0,0.35300815314908124,0.12580489744751355,20,8,,,,475.0
volatility,OLS,repr_bkm,expanding,1,18,2016-01-04,2022-07-08,2022-07-12,2022-10-07,93515,3670,63,0.3100848982495346,0.3130258221754263,0,0.31234040581286937,0.07635695109980734,20,8,86.0,,,
volatility,ElasticNet,repr_bkm,expanding,1,18,2016-01-04,2022-07-08,2022-07-12,2022-10-07,93515,3670,63,0.30944560022581374,0.3132940980138851,0,0.309303678835796,0.08714370955465445,20,8,,0.0001,66.0,
volatility,XGBoost,repr_bkm,expanding,1,18,2016-01-04,2022-07-08,2022-07-12,2022-10-07,93515,3670,63,0.3020695033125657,0.3083468109948634,0,0.297130871964434,0.07875447392811918,20,8,,,,490.0
volatility,OLS,repr_bkm,expanding,1,19,2016-01-04,2022-10-06,2022-10-10,2023-01-09,97183,3705,63,0.30832955073028756,0.31262866060061406,0,0.3210036870351102,0.12466006557760867,20,8,86.0,,,
volatility,ElasticNet,repr_bkm,expanding,1,19,2016-01-04,2022-10-06,2022-10-10,2023-01-09,97183,3705,63,0.310845290991603,0.31544725035559723,0,0.3213086814452628,0.12923586921821872,20,8,,0.0001,66.0,
volatility,XGBoost,repr_bkm,expanding,1,19,2016-01-04,2022-10-06,2022-10-10,2023-01-09,97183,3705,63,0.30225279067256794,0.30885978381170454,0,0.31423206756260946,0.12821470515895106,20,8,,,,472.0
volatility,OLS,repr_bkm,expanding,1,20,2016-01-04,2023-01-06,2023-01-10,2023-04-11,100888,3716,63,0.2917584590662007,0.29179559425015406,0,0.2990148222933298,0.1224291870418327,20,8,86.0,,,
volatility,ElasticNet,repr_bkm,expanding,1,20,2016-01-04,2023-01-06,2023-01-10,2023-04-11,100888,3716,63,0.2975176083101181,0.29784167638591197,0,0.30179163482799104,0.1269091204761017,20,8,,0.0001,70.0,
volatility,XGBoost,repr_bkm,expanding,1,20,2016-01-04,2023-01-06,2023-01-10,2023-04-11,100888,3716,63,0.2907593885031955,0.2916370039048764,0,0.2920546502771253,0.13227688350301847,20,8,,,,477.0
volatility,OLS,repr_bkm,expanding,1,21,2016-01-04,2023-04-10,2023-04-12,2023-07-12,104604,3668,63,0.2763903136985006,0.26860551851503683,0,0.27956520363504556,0.09695340644048955,20,8,86.0,,,
volatility,ElasticNet,repr_bkm,expanding,1,21,2016-01-04,2023-04-10,2023-04-12,2023-07-12,104604,3668,63,0.2758986366268946,0.2678749021243096,0,0.2792866565439621,0.09900271664490412,20,8,,0.0001,65.0,
volatility,XGBoost,repr_bkm,expanding,1,21,2016-01-04,2023-04-10,2023-04-12,2023-07-12,104604,3668,63,0.270918461922659,0.26325496436751905,0,0.2776638812815509,0.09924436285181837,20,8,,,,447.0
volatility,OLS,repr_bkm,expanding,1,22,2016-01-04,2023-07-11,2023-07-13,2023-10-10,108273,3664,63,0.24110815581170894,0.23158839299985828,0,0.24430315524494062,0.07689953582983489,20,8,86.0,,,
volatility,ElasticNet,repr_bkm,expanding,1,22,2016-01-04,2023-07-11,2023-07-13,2023-10-10,108273,3664,63,0.24355189562952745,0.23386161576890663,0,0.24476198577131966,0.08013073765026235,20,8,,0.0001,66.0,
volatility,XGBoost,repr_bkm,expanding,1,22,2016-01-04,2023-07-11,2023-07-13,2023-10-10,108273,3664,63,0.24220943618427454,0.23224695540856452,0,0.23887790008149937,0.0866938949076761,20,8,,,,429.0
volatility,OLS,repr_bkm,expanding,1,23,2016-01-04,2023-10-09,2023-10-11,2024-01-10,111937,3662,63,0.24427564835520932,0.23578065978166604,0,0.25089037109762724,0.06381606432900233,20,8,86.0,,,
volatility,ElasticNet,repr_bkm,expanding,1,23,2016-01-04,2023-10-09,2023-10-11,2024-01-10,111937,3662,63,0.24359198975090376,0.23564949452432507,0,0.2514033656615485,0.06380058595427962,20,8,,0.0001,64.0,
volatility,XGBoost,repr_bkm,expanding,1,23,2016-01-04,2023-10-09,2023-10-11,2024-01-10,111937,3662,63,0.2447453331118354,0.23823681362427815,0,0.24982208170518366,0.06427580857334692,20,8,,,,443.0
volatility,OLS,repr_bkm,expanding,1,24,2016-01-04,2024-01-09,2024-01-11,2024-04-11,115599,3661,63,0.24454193535610305,0.23743634407329306,0,0.24354792180473028,0.0940503102141741,20,8,86.0,,,
volatility,ElasticNet,repr_bkm,expanding,1,24,2016-01-04,2024-01-09,2024-01-11,2024-04-11,115599,3661,63,0.24470981148712387,0.23654727351247948,0,0.24228521025701336,0.09354128359191183,20,8,,0.0001,64.0,
volatility,XGBoost,repr_bkm,expanding,1,24,2016-01-04,2024-01-09,2024-01-11,2024-04-11,115599,3661,63,0.23286795799144364,0.22426752974314562,0,0.23154747184346317,0.0957622655098832,20,8,,,,278.0
volatility,OLS,repr_bkm,expanding,1,25,2016-01-04,2024-04-10,2024-04-12,2024-07-12,119260,3640,63,0.25361614144935185,0.24065230524055312,0,0.2537849718378957,0.09457946541101436,20,8,86.0,,,
volatility,ElasticNet,repr_bkm,expanding,1,25,2016-01-04,2024-04-10,2024-04-12,2024-07-12,119260,3640,63,0.2602475634200327,0.2481387474079148,0,0.26187901364764726,0.0948358847129881,20,8,,0.0001,64.0,
volatility,XGBoost,repr_bkm,expanding,1,25,2016-01-04,2024-04-10,2024-04-12,2024-07-12,119260,3640,63,0.2636975088916982,0.25009247403223306,0,0.2656525251633948,0.10020523178187624,20,8,,,,334.0
volatility,OLS,repr_bkm,expanding,1,26,2016-01-04,2024-07-11,2024-07-15,2024-10-10,122901,3635,63,0.2861531515849453,0.2861875849297742,0,0.28353272346232405,0.14726912088619637,20,8,86.0,,,
volatility,ElasticNet,repr_bkm,expanding,1,26,2016-01-04,2024-07-11,2024-07-15,2024-10-10,122901,3635,63,0.2833200635155598,0.2830013404207816,0,0.2761996009909811,0.14769694464273764,20,8,,0.0001,62.0,
volatility,XGBoost,repr_bkm,expanding,1,26,2016-01-04,2024-07-11,2024-07-15,2024-10-10,122901,3635,63,0.2707873510385956,0.2699648176338144,0,0.2564931260869229,0.14608622015962358,20,8,,,,366.0
volatility,OLS,repr_bkm,rolling_9m_3m,1,0,2016-01-04,2016-09-29,2016-10-03,2016-12-30,10200,3553,63,0.24489639629580962,0.23257494714081478,0,0.2504611309142291,0.10100257217408892,20,7,85.0,,,
volatility,ElasticNet,repr_bkm,rolling_9m_3m,1,0,2016-01-04,2016-09-29,2016-10-03,2016-12-30,10200,3553,63,0.2139100156202407,0.20044404399385343,0,0.20916481842122364,0.07678815763075686,20,7,,0.001,9.0,
volatility,XGBoost,repr_bkm,rolling_9m_3m,1,0,2016-01-04,2016-09-29,2016-10-03,2016-12-30,10200,3553,63,0.2243770988412506,0.21345583428083265,0,0.21896437641184202,0.07075845955545901,20,7,,,,123.0
volatility,OLS,repr_bkm,rolling_9m_3m,1,1,2016-04-05,2016-12-29,2017-01-03,2017-04-03,10363,3419,63,0.29895291810398117,0.27852562566385525,0,0.29944393469057945,0.15013399207553735,20,3,80.0,,,
volatility,ElasticNet,repr_bkm,rolling_9m_3m,1,1,2016-04-05,2016-12-29,2017-01-03,2017-04-03,10363,3419,63,0.2669275137684267,0.24868632600587534,0,0.26888549425801256,0.12369846671983198,20,3,,0.001,6.0,
volatility,XGBoost,repr_bkm,rolling_9m_3m,1,1,2016-04-05,2016-12-29,2017-01-03,2017-04-03,10363,3419,63,0.27644509819557644,0.2619194028960544,0,0.27986380021118645,0.13932167359125835,20,3,,,,171.0
volatility,OLS,repr_bkm,rolling_9m_3m,1,2,2016-07-05,2017-03-31,2017-04-04,2017-07-03,10446,3380,63,0.30197328411614266,0.2879459557286609,0,0.29850213307111234,0.15552034743793341,20,3,80.0,,,
volatility,ElasticNet,repr_bkm,rolling_9m_3m,1,2,2016-07-05,2017-03-31,2017-04-04,2017-07-03,10446,3380,63,0.2915857997594725,0.2766781220468628,0,0.2807134524854353,0.12849568018295943,20,3,,0.001,7.0,
volatility,XGBoost,repr_bkm,rolling_9m_3m,1,2,2016-07-05,2017-03-31,2017-04-04,2017-07-03,10446,3380,63,0.25850393129634086,0.24030894895164934,0,0.24564982218089018,0.10005845757845966,20,3,,,,84.0
volatility,OLS,repr_bkm,rolling_9m_3m,1,3,2016-10-03,2017-06-30,2017-07-05,2017-10-02,10297,3595,63,0.2565888434384506,0.228252854261524,0,0.2531881151889803,0.0941947656198252,20,3,80.0,,,
volatility,ElasticNet,repr_bkm,rolling_9m_3m,1,3,2016-10-03,2017-06-30,2017-07-05,2017-10-02,10297,3595,63,0.2644945162547999,0.23691897520764651,0,0.26094730712630376,0.11295439258956719,20,3,,0.001,6.0,
volatility,XGBoost,repr_bkm,rolling_9m_3m,1,3,2016-10-03,2017-06-30,2017-07-05,2017-10-02,10297,3595,63,0.26267294530112856,0.23768835472092084,0,0.2527566768876264,0.05114487229077447,20,3,,,,42.0
volatility,OLS,repr_bkm,rolling_9m_3m,1,4,2017-01-03,2017-09-29,2017-10-03,2018-01-02,10336,3618,63,0.2554073003808346,0.2252834349575816,0,0.2586188803718707,0.07265615971137684,20,2,79.0,,,
volatility,ElasticNet,repr_bkm,rolling_9m_3m,1,4,2017-01-03,2017-09-29,2017-10-03,2018-01-02,10336,3618,63,0.24107519520907222,0.20939041033040895,0,0.24481983399349833,0.07175428081255664,20,2,,0.001,6.0,
volatility,XGBoost,repr_bkm,rolling_9m_3m,1,4,2017-01-03,2017-09-29,2017-10-03,2018-01-02,10336,3618,63,0.2447020556082563,0.2138228856140691,0,0.24124445727436386,0.05799363176684946,20,2,,,,61.0
volatility,OLS,repr_bkm,rolling_9m_3m,1,5,2017-04-04,2017-12-29,2018-01-03,2018-04-04,10534,3629,63,0.23143878010026578,0.21671136007854985,0,0.2319033281705383,0.0785663092734682,20,2,79.0,,,
volatility,ElasticNet,repr_bkm,rolling_9m_3m,1,5,2017-04-04,2017-12-29,2018-01-03,2018-04-04,10534,3629,63,0.23177314879179975,0.21473072000380453,0,0.19286414312570416,0.0249532447794385,20,2,,0.001,6.0,
volatility,XGBoost,repr_bkm,rolling_9m_3m,1,5,2017-04-04,2017-12-29,2018-01-03,2018-04-04,10534,3629,63,0.17786417096460005,0.17359584679882184,0,0.15537973890877227,0.01303745900480735,20,2,,,,79.0
volatility,OLS,repr_bkm,rolling_9m_3m,1,6,2017-07-05,2018-04-03,2018-04-05,2018-07-03,10783,3596,63,0.2510658943283356,0.22818832013924173,0,0.2591859322541831,0.10558824555359003,20,2,79.0,,,
volatility,ElasticNet,repr_bkm,rolling_9m_3m,1,6,2017-07-05,2018-04-03,2018-04-05,2018-07-03,10783,3596,63,0.24112574596437206,0.21710413426759032,0,0.23614611077845232,0.07771403029346524,20,2,,0.001,8.0,
volatility,XGBoost,repr_bkm,rolling_9m_3m,1,6,2017-07-05,2018-04-03,2018-04-05,2018-07-03,10783,3596,63,0.20283304363805507,0.18224485857319453,0,0.2002059061452903,0.06672351264442122,20,2,,,,88.0
volatility,OLS,repr_bkm,rolling_9m_3m,1,7,2017-10-03,2018-07-02,2018-07-05,2018-10-02,10786,3647,63,0.2687212495990266,0.2455150639894275,0,0.2699157395709577,0.1393278925547089,20,2,80.0,,,
volatility,ElasticNet,repr_bkm,rolling_9m_3m,1,7,2017-10-03,2018-07-02,2018-07-05,2018-10-02,10786,3647,63,0.2626773520769807,0.23679876916869697,0,0.25961895530247786,0.11174585553342764,20,2,,0.001,8.0,
volatility,XGBoost,repr_bkm,rolling_9m_3m,1,7,2017-10-03,2018-07-02,2018-07-05,2018-10-02,10786,3647,63,0.24525494907467665,0.21822072029594974,0,0.24699983927868127,0.1226743049892185,20,2,,,,126.0
volatility,OLS,repr_bkm,rolling_9m_3m,1,8,2018-01-03,2018-10-01,2018-10-03,2019-01-04,10814,3620,63,0.3108967289279787,0.3116290411392269,0,0.32071631081445295,0.15321478894718765,20,2,80.0,,,
volatility,ElasticNet,repr_bkm,rolling_9m_3m,1,8,2018-01-03,2018-10-01,2018-10-03,2019-01-04,10814,3620,63,0.3070376103901312,0.30758660697595175,0,0.30364896537751485,0.12129029323417395,20,2,,0.001,7.0,
volatility,XGBoost,repr_bkm,rolling_9m_3m,1,8,2018-01-03,2018-10-01,2018-10-03,2019-01-04,10814,3620,63,0.29444545732812116,0.29369631224957876,0,0.2831649700310514,0.1066392683829327,20,2,,,,192.0
volatility,OLS,repr_bkm,rolling_9m_3m,1,9,2018-04-05,2019-01-03,2019-01-07,2019-04-05,10805,3585,63,0.2828048957479096,0.27068388286822387,0,0.2940877122996353,0.1291852723531689,20,2,80.0,,,
volatility,ElasticNet,repr_bkm,rolling_9m_3m,1,9,2018-04-05,2019-01-03,2019-01-07,2019-04-05,10805,3585,63,0.2805935348101719,0.2684382067583695,0,0.21388128100891277,0.11681452978022899,20,2,,0.001,9.0,
volatility,XGBoost,repr_bkm,rolling_9m_3m,1,9,2018-04-05,2019-01-03,2019-01-07,2019-04-05,10805,3585,63,0.2650242577181276,0.25762897286134645,0,0.21065668837147838,0.1053072788415933,20,2,,,,83.0
volatility,OLS,repr_bkm,rolling_9m_3m,1,10,2018-07-05,2019-04-04,2019-04-08,2019-07-08,10794,3572,63,0.24756104203423865,0.239612231358463,0,0.25223587765362504,0.07508176877015227,20,2,79.0,,,
volatility,ElasticNet,repr_bkm,rolling_9m_3m,1,10,2018-07-05,2019-04-04,2019-04-08,2019-07-08,10794,3572,63,0.2607385332545781,0.2525899407776739,0,0.2569895465757586,0.08894929139537178,20,2,,0.001,11.0,
volatility,XGBoost,repr_bkm,rolling_9m_3m,1,10,2018-07-05,2019-04-04,2019-04-08,2019-07-08,10794,3572,63,0.20270706237293726,0.20629631271604823,0,0.19460158827389523,0.04641062353395675,20,2,,,,168.0
volatility,OLS,repr_bkm,rolling_9m_3m,1,11,2018-10-03,2019-07-05,2019-07-09,2019-10-07,10719,3671,63,0.2547105305282608,0.2431515655209961,0,0.2584343856085186,0.06273569054746919,20,2,79.0,,,
volatility,ElasticNet,repr_bkm,rolling_9m_3m,1,11,2018-10-03,2019-07-05,2019-07-09,2019-10-07,10719,3671,63,0.22694429872552985,0.2130646405138285,0,0.21833120119148586,0.0664963967067781,20,2,,0.001,13.0,
volatility,XGBoost,repr_bkm,rolling_9m_3m,1,11,2018-10-03,2019-07-05,2019-07-09,2019-10-07,10719,3671,63,0.22166037293820098,0.20710908822281043,0,0.2105800391608848,0.05072402361897055,20,2,,,,137.0
volatility,OLS,repr_bkm,rolling_9m_3m,1,12,2019-01-07,2019-10-04,2019-10-08,2020-01-07,10770,3641,63,0.2605390110092823,0.23072883501676128,0,0.2584255834248785,0.08929293605765731,20,2,79.0,,,
volatility,ElasticNet,repr_bkm,rolling_9m_3m,1,12,2019-01-07,2019-10-04,2019-10-08,2020-01-07,10770,3641,63,0.2584845447599529,0.22753595474564914,0,0.22883284156349754,0.07321030106988713,20,2,,0.001,9.0,
volatility,XGBoost,repr_bkm,rolling_9m_3m,1,12,2019-01-07,2019-10-04,2019-10-08,2020-01-07,10770,3641,63,0.25198811468135884,0.21940104195277915,0,0.23172565864895775,0.06039813503705227,20,2,,,,98.0
volatility,OLS,repr_bkm,rolling_9m_3m,1,13,2019-04-08,2020-01-06,2020-01-08,2020-04-07,10825,3633,63,0.2569716522714003,0.2436970584203809,0,0.24491168494963822,0.04889068040680633,20,2,79.0,,,
volatility,ElasticNet,repr_bkm,rolling_9m_3m,1,13,2019-04-08,2020-01-06,2020-01-08,2020-04-07,10825,3633,63,0.23884332201982628,0.23022207172704529,0,0.061831167247996074,-0.02903781602801181,20,2,,0.001,6.0,
volatility,XGBoost,repr_bkm,rolling_9m_3m,1,13,2019-04-08,2020-01-06,2020-01-08,2020-04-07,10825,3633,63,0.2286444106244422,0.21802655206869198,0,0.07357527910612195,-0.06493510691006166,20,2,,,,134.0
volatility,OLS,repr_bkm,rolling_9m_3m,1,14,2019-07-09,2020-04-06,2020-04-08,2020-07-09,10886,3686,63,0.3154142119832792,0.31855016970164923,0,0.2923869848024842,0.0814641674109553,20,2,79.0,,,
volatility,ElasticNet,repr_bkm,rolling_9m_3m,1,14,2019-07-09,2020-04-06,2020-04-08,2020-07-09,10886,3686,63,0.32686586836186554,0.3307399343386707,0,0.3238879739228296,0.07515491235328631,20,2,,0.0001,69.0,
volatility,XGBoost,repr_bkm,rolling_9m_3m,1,14,2019-07-09,2020-04-06,2020-04-08,2020-07-09,10886,3686,63,0.22582539743241425,0.22159921536644056,0,0.22517176086545784,0.02043433605762479,20,2,,,,16.0
volatility,OLS,repr_bkm,rolling_9m_3m,1,15,2019-10-08,2020-07-08,2020-07-10,2020-10-07,10901,3699,63,0.3074108530543961,0.3097376740397918,0,0.3124901197246961,0.12929390906937865,20,2,79.0,,,
volatility,ElasticNet,repr_bkm,rolling_9m_3m,1,15,2019-10-08,2020-07-08,2020-07-10,2020-10-07,10901,3699,63,0.30602548656835526,0.3079710125848808,0,0.3085923610494837,0.12872770999306482,20,2,,0.0001,70.0,
volatility,XGBoost,repr_bkm,rolling_9m_3m,1,15,2019-10-08,2020-07-08,2020-07-10,2020-10-07,10901,3699,63,0.29159349709831395,0.2996548971854717,0,0.2840658644913519,0.12259242179273855,20,2,,,,498.0
volatility,OLS,repr_bkm,rolling_9m_3m,1,16,2020-01-08,2020-10-06,2020-10-08,2021-01-07,10959,3700,63,0.2772765808475389,0.26950051665925323,0,0.27000557675657283,0.07614320704799638,20,2,79.0,,,
volatility,ElasticNet,repr_bkm,rolling_9m_3m,1,16,2020-01-08,2020-10-06,2020-10-08,2021-01-07,10959,3700,63,0.2780451254073445,0.2702166875246956,0,0.2676315622104409,0.0851043345002579,20,2,,0.0001,71.0,
volatility,XGBoost,repr_bkm,rolling_9m_3m,1,16,2020-01-08,2020-10-06,2020-10-08,2021-01-07,10959,3700,63,0.26432183731473946,0.2564263042852107,0,0.2527670880601964,0.07551173481255491,20,2,,,,479.0
volatility,OLS,repr_bkm,rolling_9m_3m,1,17,2020-04-08,2021-01-06,2021-01-08,2021-04-09,11026,3686,63,0.2923660589421496,0.28497615593552894,0,0.2952500333154343,0.10406985783530975,20,2,79.0,,,
volatility,ElasticNet,repr_bkm,rolling_9m_3m,1,17,2020-04-08,2021-01-06,2021-01-08,2021-04-09,11026,3686,63,0.29486209217126574,0.28675589092805776,0,0.29319703755583065,0.10935627812377013,20,2,,0.0001,67.0,
volatility,XGBoost,repr_bkm,rolling_9m_3m,1,17,2020-04-08,2021-01-06,2021-01-08,2021-04-09,11026,3686,63,0.26915996188283436,0.2649945384025014,0,0.26833037051824665,0.0944957572563514,20,2,,,,201.0
volatility,OLS,repr_bkm,rolling_9m_3m,1,18,2020-07-10,2021-04-08,2021-04-12,2021-07-09,11027,3677,63,0.26532130634215617,0.25587264092518014,0,0.26835852628192325,0.05429840223842919,20,2,79.0,,,
volatility,ElasticNet,repr_bkm,rolling_9m_3m,1,18,2020-07-10,2021-04-08,2021-04-12,2021-07-09,11027,3677,63,0.24311172582433124,0.23366095678394286,0,0.23918066301708094,0.017849745006442763,20,2,,0.001,7.0,
volatility,XGBoost,repr_bkm,rolling_9m_3m,1,18,2020-07-10,2021-04-08,2021-04-12,2021-07-09,11027,3677,63,0.217147242526299,0.20575519357253946,0,0.20959715862715386,0.008023806071284056,20,2,,,,429.0
volatility,OLS,repr_bkm,rolling_9m_3m,1,19,2020-10-08,2021-07-08,2021-07-12,2021-10-07,11005,3676,63,0.3053467327043468,0.29464923861732656,0,0.31109181774509725,0.08399271427105659,20,2,79.0,,,
volatility,ElasticNet,repr_bkm,rolling_9m_3m,1,19,2020-10-08,2021-07-08,2021-07-12,2021-10-07,11005,3676,63,0.28348014292643764,0.2705910333521688,0,0.28093869317861436,0.054888122756159397,20,2,,0.001,7.0,
volatility,XGBoost,repr_bkm,rolling_9m_3m,1,19,2020-10-08,2021-07-08,2021-07-12,2021-10-07,11005,3676,63,0.25222230652141925,0.24377309449653267,0,0.25597427400030687,0.04897782914709503,20,2,,,,82.0
volatility,OLS,repr_bkm,rolling_9m_3m,1,20,2021-01-08,2021-10-06,2021-10-08,2022-01-06,10981,3684,63,0.2498743337837281,0.24238891906609042,0,0.26004035980540435,0.10322864305061541,20,2,79.0,,,
volatility,ElasticNet,repr_bkm,rolling_9m_3m,1,20,2021-01-08,2021-10-06,2021-10-08,2022-01-06,10981,3684,63,0.2383277329928141,0.23049403508737967,0,0.2350199716679456,0.08596946399083871,20,2,,0.001,7.0,
volatility,XGBoost,repr_bkm,rolling_9m_3m,1,20,2021-01-08,2021-10-06,2021-10-08,2022-01-06,10981,3684,63,0.23234248470955818,0.22311085839261977,0,0.23669943899009277,0.07900230934159225,20,2,,,,131.0
volatility,OLS,repr_bkm,rolling_9m_3m,1,21,2021-04-12,2022-01-05,2022-01-07,2022-04-07,10978,3702,63,0.3030076134044381,0.31001104866018325,0,0.3176208816380543,0.12891120173008175,20,2,79.0,,,
volatility,ElasticNet,repr_bkm,rolling_9m_3m,1,21,2021-04-12,2022-01-05,2022-01-07,2022-04-07,10978,3702,63,0.29063481837132743,0.2955016990217572,0,0.29637289152298213,0.09199942473817724,20,2,,0.001,6.0,
volatility,XGBoost,repr_bkm,rolling_9m_3m,1,21,2021-04-12,2022-01-05,2022-01-07,2022-04-07,10978,3702,63,0.2929907547529213,0.29845647754808563,0,0.28099221919199746,0.05519666104604792,20,2,,,,150.0
volatility,OLS,repr_bkm,rolling_9m_3m,1,22,2021-07-12,2022-04-06,2022-04-08,2022-07-11,11003,3644,63,0.3497494546481961,0.352275862627297,0,0.36396726637029814,0.13452596788716076,20,2,79.0,,,
volatility,ElasticNet,repr_bkm,rolling_9m_3m,1,22,2021-07-12,2022-04-06,2022-04-08,2022-07-11,11003,3644,63,0.3384816852115514,0.34357396872222645,0,0.34201502666315625,0.10241321373900514,20,2,,0.001,8.0,
volatility,XGBoost,repr_bkm,rolling_9m_3m,1,22,2021-07-12,2022-04-06,2022-04-08,2022-07-11,11003,3644,63,0.32752475660966096,0.3313941601045007,0,0.33666238926319797,0.08462925925209919,20,2,,,,164.0
volatility,OLS,repr_bkm,rolling_9m_3m,1,23,2021-10-08,2022-07-08,2022-07-12,2022-10-07,10973,3670,63,0.2871350196678302,0.28931857497415414,0,0.29231277607713835,0.0839117673629014,20,2,79.0,,,
volatility,ElasticNet,repr_bkm,rolling_9m_3m,1,23,2021-10-08,2022-07-08,2022-07-12,2022-10-07,10973,3670,63,0.2883962302948234,0.29156105770891394,0,0.275529793313018,0.08046530060535784,20,2,,0.001,9.0,
volatility,XGBoost,repr_bkm,rolling_9m_3m,1,23,2021-10-08,2022-07-08,2022-07-12,2022-10-07,10973,3670,63,0.2933323497888553,0.29540781008927725,0,0.27923676492357846,0.0768661835235972,20,2,,,,97.0
volatility,OLS,repr_bkm,rolling_9m_3m,1,24,2022-01-07,2022-10-06,2022-10-10,2023-01-09,10957,3705,63,0.31122217830704707,0.3138062662090031,0,0.3246536832350821,0.1403355544513175,20,2,79.0,,,
volatility,ElasticNet,repr_bkm,rolling_9m_3m,1,24,2022-01-07,2022-10-06,2022-10-10,2023-01-09,10957,3705,63,0.2883707549544403,0.29309979114868434,0,0.28649322644587033,0.12207403838342257,20,2,,0.001,11.0,
volatility,XGBoost,repr_bkm,rolling_9m_3m,1,24,2022-01-07,2022-10-06,2022-10-10,2023-01-09,10957,3705,63,0.284968271773384,0.2891746825638306,0,0.2874924162809958,0.11984488583722885,20,2,,,,85.0
volatility,OLS,repr_bkm,rolling_9m_3m,1,25,2022-04-08,2023-01-06,2023-01-10,2023-04-11,10960,3716,63,0.29647948886031267,0.29567849723798306,0,0.3008409386661769,0.10153626581833719,20,2,79.0,,,
volatility,ElasticNet,repr_bkm,rolling_9m_3m,1,25,2022-04-08,2023-01-06,2023-01-10,2023-04-11,10960,3716,63,0.27748656823192613,0.27706450690111817,0,0.28164502503914646,0.1056643204214035,20,2,,0.001,12.0,
volatility,XGBoost,repr_bkm,rolling_9m_3m,1,25,2022-04-08,2023-01-06,2023-01-10,2023-04-11,10960,3716,63,0.25490459263355025,0.26153377244102655,0,0.24289631996282784,0.07473491861471981,20,2,,,,34.0
volatility,OLS,repr_bkm,rolling_9m_3m,1,26,2022-07-12,2023-04-10,2023-04-12,2023-07-12,11032,3668,63,0.28155396739881505,0.27498248968251776,0,0.288082347259999,0.09167790722673552,20,2,79.0,,,
volatility,ElasticNet,repr_bkm,rolling_9m_3m,1,26,2022-07-12,2023-04-10,2023-04-12,2023-07-12,11032,3668,63,0.26132227542288927,0.25417778410809133,0,0.26154358894459406,0.07302084326319846,20,2,,0.001,10.0,
volatility,XGBoost,repr_bkm,rolling_9m_3m,1,26,2022-07-12,2023-04-10,2023-04-12,2023-07-12,11032,3668,63,0.2593617979414584,0.25419711576126064,0,0.2562300098460836,0.07551950325234358,20,2,,,,149.0
volatility,OLS,repr_bkm,rolling_9m_3m,1,27,2022-10-10,2023-07-11,2023-07-13,2023-10-10,11031,3664,63,0.24101604498505658,0.23150680379750957,0,0.24979468840232089,0.06379695631146987,20,2,79.0,,,
volatility,ElasticNet,repr_bkm,rolling_9m_3m,1,27,2022-10-10,2023-07-11,2023-07-13,2023-10-10,11031,3664,63,0.2338533386186545,0.22424995862650654,0,0.22798145980107293,0.07313792279497011,20,2,,0.001,7.0,
volatility,XGBoost,repr_bkm,rolling_9m_3m,1,27,2022-10-10,2023-07-11,2023-07-13,2023-10-10,11031,3664,63,0.2216394103158911,0.2132572973941856,0,0.21297192536230586,0.07016356324179496,20,2,,,,162.0
volatility,OLS,repr_bkm,rolling_9m_3m,1,28,2023-01-10,2023-10-09,2023-10-11,2024-01-10,10990,3662,63,0.2510645458799421,0.24353024961390973,0,0.2500471279047627,0.06346465622824915,20,2,79.0,,,
volatility,ElasticNet,repr_bkm,rolling_9m_3m,1,28,2023-01-10,2023-10-09,2023-10-11,2024-01-10,10990,3662,63,0.2306561795912786,0.2222020525255886,0,0.22499075195570106,0.05641802628453341,20,2,,0.001,6.0,
volatility,XGBoost,repr_bkm,rolling_9m_3m,1,28,2023-01-10,2023-10-09,2023-10-11,2024-01-10,10990,3662,63,0.21762884151177686,0.20964302948333627,0,0.21924811914745637,0.05680636014974649,20,2,,,,124.0
volatility,OLS,repr_bkm,rolling_9m_3m,1,29,2023-04-12,2024-01-09,2024-01-11,2024-04-11,10936,3661,63,0.2620344318877265,0.25499739270849775,0,0.2610795725406602,0.10316462392059911,20,2,79.0,,,
volatility,ElasticNet,repr_bkm,rolling_9m_3m,1,29,2023-04-12,2024-01-09,2024-01-11,2024-04-11,10936,3661,63,0.21685992764802384,0.20675425270071662,0,0.21332779216799724,0.07562290445676734,20,2,,0.001,6.0,
volatility,XGBoost,repr_bkm,rolling_9m_3m,1,29,2023-04-12,2024-01-09,2024-01-11,2024-04-11,10936,3661,63,0.2241137278640466,0.21472240541280932,0,0.2193706951743923,0.07191208647178982,20,2,,,,91.0
volatility,OLS,repr_bkm,rolling_9m_3m,1,30,2023-07-13,2024-04-10,2024-04-12,2024-07-12,10929,3640,63,0.24124359227913914,0.2278716107394311,0,0.24086451868912362,0.0946087502292412,20,2,79.0,,,
volatility,ElasticNet,repr_bkm,rolling_9m_3m,1,30,2023-07-13,2024-04-10,2024-04-12,2024-07-12,10929,3640,63,0.25051982920293236,0.23677476787484972,0,0.24273741236055205,0.08079265063830632,20,2,,0.001,6.0,
volatility,XGBoost,repr_bkm,rolling_9m_3m,1,30,2023-07-13,2024-04-10,2024-04-12,2024-07-12,10929,3640,63,0.23905864690421458,0.22446268259762528,0,0.2329081463993719,0.08039247048909748,20,2,,,,413.0
volatility,OLS,repr_bkm,rolling_9m_3m,1,31,2023-10-11,2024-07-11,2024-07-15,2024-10-10,10906,3635,63,0.27576134207125913,0.273861842033233,0,0.27972964674573464,0.14648610125208683,20,2,79.0,,,
volatility,ElasticNet,repr_bkm,rolling_9m_3m,1,31,2023-10-11,2024-07-11,2024-07-15,2024-10-10,10906,3635,63,0.2515348532438506,0.24963731743458759,0,0.23575699183011506,0.12342644353924426,20,2,,0.001,7.0,
volatility,XGBoost,repr_bkm,rolling_9m_3m,1,31,2023-10-11,2024-07-11,2024-07-15,2024-10-10,10906,3635,63,0.24374707463350628,0.24149370706931478,0,0.22276747901137534,0.12497707094555699,20,2,,,,262.0
