ticker,options_file,size_mb,rows,first_date,last_date,underlying_file_present
aapl,data/raw/github_options/aapl_options.parquet,159.3,6812543,2008-01-02,2025-12-16,True
abbv,data/raw/github_options/abbv_options.parquet,59.8,2896664,2013-01-02,2025-12-17,True
adbe,data/raw/github_options/adbe_options.parquet,108.5,4779867,2008-01-02,2025-12-18,True
amd,data/raw/github_options/amd_options.parquet,81.4,3528574,2008-01-02,2025-12-18,True
amgn,data/raw/github_options/amgn_options.parquet,75.1,3651878,2008-01-02,2025-12-19,True
amt,data/raw/github_options/amt_options.parquet,47.6,2461016,2008-01-02,2025-12-22,True
amzn,data/raw/github_options/amzn_options.parquet,298.8,11902838,2008-01-02,2025-12-17,True
avgo,data/raw/github_options/avgo_options.parquet,112.2,5032504,2009-08-24,2025-12-17,True
axp,data/raw/github_options/axp_options.parquet,68.9,3300049,2008-01-02,2025-12-19,True
ba,data/raw/github_options/ba_options.parquet,110.6,4806012,2008-01-02,2025-12-19,True
bac,data/raw/github_options/bac_options.parquet,60.5,2935805,2008-01-02,2025-12-18,True
blk,data/raw/github_options/blk_options.parquet,93.0,4441383,2008-01-02,2025-12-19,True
c,data/raw/github_options/c_options.parquet,71.7,3353157,2008-01-02,2025-12-19,True
cat,data/raw/github_options/cat_options.parquet,84.1,3904733,2008-01-02,2025-12-19,True
cmcsa,data/raw/github_options/cmcsa_options.parquet,47.3,2382545,2008-01-02,2025-12-19,True
cop,data/raw/github_options/cop_options.parquet,62.2,3003439,2008-01-02,2025-12-19,True
cost,data/raw/github_options/cost_options.parquet,113.9,5128792,2008-01-02,2025-12-17,True
crm,data/raw/github_options/crm_options.parquet,91.9,4158311,2008-01-02,2025-12-18,True
csco,data/raw/github_options/csco_options.parquet,53.7,2696953,2008-01-02,2025-12-18,True
cvx,data/raw/github_options/cvx_options.parquet,72.1,3429754,2008-01-02,2025-12-18,True
de,data/raw/github_options/de_options.parquet,77.6,3669824,2008-01-02,2025-12-19,True
dis,data/raw/github_options/dis_options.parquet,73.3,3316407,2008-01-02,2025-12-19,True
duk,data/raw/github_options/duk_options.parquet,21.5,1120441,2008-01-02,2025-12-19,True
ge,data/raw/github_options/ge_options.parquet,56.4,2779450,2008-01-02,2025-12-18,True
goog,data/raw/github_options/goog_options.parquet,221.6,9867712,2010-01-04,2025-12-17,True
gs,data/raw/github_options/gs_options.parquet,116.4,5299447,2008-01-02,2025-12-19,True
hd,data/raw/github_options/hd_options.parquet,89.0,4133448,2008-01-02,2025-12-17,True
hon,data/raw/github_options/hon_options.parquet,49.4,2477063,2008-01-02,2025-12-19,True
iwm,data/raw/github_options/iwm_options.parquet,294.5,13379573,2008-01-02,2025-12-15,True
jnj,data/raw/github_options/jnj_options.parquet,64.0,3079876,2008-01-02,2025-12-17,True
jpm,data/raw/github_options/jpm_options.parquet,85.0,3918473,2008-01-02,2025-12-17,True
ko,data/raw/github_options/ko_options.parquet,51.9,2616390,2008-01-02,2025-12-18,True
lly,data/raw/github_options/lly_options.parquet,97.7,4436597,2008-01-02,2025-12-17,True
lmt,data/raw/github_options/lmt_options.parquet,84.3,4071043,2008-01-02,2025-12-19,True
low,data/raw/github_options/low_options.parquet,59.6,2887105,2008-01-02,2025-12-19,True
ma,data/raw/github_options/ma_options.parquet,113.1,5261440,2008-01-02,2025-12-17,True
mcd,data/raw/github_options/mcd_options.parquet,70.3,3369682,2008-01-02,2025-12-18,True
meta,data/raw/github_options/meta_options.parquet,93.2,3873866,2021-07-08,2025-12-17,True
mrk,data/raw/github_options/mrk_options.parquet,61.3,3006178,2008-01-02,2025-12-18,True
ms,data/raw/github_options/ms_options.parquet,63.4,3112523,2008-01-02,2025-12-19,True
msft,data/raw/github_options/msft_options.parquet,128.2,5558236,2008-01-02,2025-12-16,True
nee,data/raw/github_options/nee_options.parquet,32.2,1597252,2010-06-23,2025-12-19,True
nflx,data/raw/github_options/nflx_options.parquet,219.5,9355876,2008-01-02,2025-12-17,True
nke,data/raw/github_options/nke_options.parquet,69.5,3259086,2008-01-02,2025-12-19,True
nvda,data/raw/github_options/nvda_options.parquet,189.1,7955698,2008-01-02,2025-12-16,True
orcl,data/raw/github_options/orcl_options.parquet,66.6,3186286,2008-01-02,2025-12-17,True
pep,data/raw/github_options/pep_options.parquet,56.3,2754194,2008-01-02,2025-12-18,True
pfe,data/raw/github_options/pfe_options.parquet,53.7,2682159,2008-01-02,2025-12-19,True
pg,data/raw/github_options/pg_options.parquet,60.6,2993127,2008-01-02,2025-12-17,True
qqq,data/raw/github_options/qqq_options.parquet,369.5,15345882,2011-03-23,2025-12-15,True
so,data/raw/github_options/so_options.parquet,36.9,1977346,2008-01-02,2025-12-19,True
spy,data/raw/github_options/spy_options.parquet,602.5,24681665,2008-01-02,2025-12-12,True
t,data/raw/github_options/t_options.parquet,50.7,2581950,2008-01-02,2025-12-19,True
tmo,data/raw/github_options/tmo_options.parquet,48.9,2323334,2008-01-02,2025-12-18,True
tsla,data/raw/github_options/tsla_options.parquet,275.8,11047414,2010-07-08,2025-12-17,True
unh,data/raw/github_options/unh_options.parquet,88.6,4053712,2008-01-02,2025-12-17,True
v,data/raw/github_options/v_options.parquet,91.7,4271280,2008-03-28,2025-12-17,True
wfc,data/raw/github_options/wfc_options.parquet,59.2,2841640,2008-01-02,2025-12-18,True
wmt,data/raw/github_options/wmt_options.parquet,65.5,3078739,2008-01-02,2025-12-17,True
xom,data/raw/github_options/xom_options.parquet,70.0,3242869,2008-01-02,2025-12-18,True
