window,test_start,ic_fresh,test_start_saved,ic_saved,abs_diff
0,2016-10-03,,2016-10-03,,
1,2017-01-03,,2017-01-03,,
2,2017-04-04,0.05338767132441338,2017-04-04,0.0533876713244133,8.326672684688674e-17
3,2017-07-05,0.019888719836652802,2017-07-05,0.0198887198366528,3.469446951953614e-18
4,2017-10-03,,2017-10-03,,
5,2018-01-03,,2018-01-03,,
6,2018-04-05,,2018-04-05,,
7,2018-07-05,,2018-07-05,,
8,2018-10-03,,2018-10-03,,
9,2019-01-04,,2019-01-04,,
10,2019-04-05,,2019-04-05,,
11,2019-07-08,,2019-07-08,,
12,2019-10-04,,2019-10-04,,
13,2020-01-06,-0.014327580673752062,2020-01-06,-0.014327580673752,6.245004513516506e-17
14,2020-04-06,0.09374710071194187,2020-04-06,0.0937471007119418,6.938893903907228e-17
15,2020-07-07,0.04002185628066452,2020-07-07,0.0400218562806645,2.0816681711721685e-17
16,2020-10-05,0.07797981054477754,2020-10-05,0.0779798105447775,4.163336342344337e-17
17,2021-01-05,-0.04512051473049122,2021-01-05,-0.0451205147304912,1.3877787807814457e-17
18,2021-04-07,,2021-04-07,,
19,2021-07-14,,2021-07-14,,
20,2021-10-12,,2021-10-12,,
21,2022-01-11,,2022-01-11,,
22,2022-04-12,,2022-04-12,,
23,2022-07-14,0.043931283549438094,2022-07-14,0.043931283549438,9.71445146547012e-17
24,2022-10-12,,2022-10-12,,
25,2023-01-12,,2023-01-12,,
26,2023-04-21,,2023-04-21,,
27,2023-07-24,,2023-07-24,,
28,2023-10-20,0.07514404218015307,2023-10-20,0.075144042180153,6.938893903907228e-17
29,2024-01-23,-0.01366269325894473,2024-01-23,-0.0136626932589447,2.949029909160572e-17
30,2024-04-23,,2024-04-23,,
31,2024-07-24,,2024-07-24,,
