id,area,severity,finding,evidence,addressed_by
D1,data,B,"Stock data are CRSP/Compustat via WRDS, not Yahoo. Returns, prices, volume and shares (market cap) come from CRSP; earnings dates from Compustat; FF factors from WRDS. Yahoo supplies only VIX, VIX3M, ^IRX, sector ETFs and dividends. The paper (§3, Data availability) and README.md say Yahoo; settings.yaml:105-107 says WRDS is unused. CRSP licensing also limits ""panel available on request"".","src/data/clean_stocks.py:47,128-136,179",0b.1 correct documented sources
D2,data,B,"META identifier error. CRSP ""META"" is two securities. PERMNO 21413 covers 2021-06-30..2022-01-28 (148 rows, median price $14.91): not Meta Platforms. PERMNO 13407 (Meta) covers only 2022-06-09..2024-12-31 (644 rows). The option snapshot's META starts 2021-07-08 with underlying ≈ $343, i.e. Facebook/Meta. So 148 rows pair Meta's options with another security's returns, and Meta is missing from 2022-01-28 to 2022-06-09. No other ticker maps to more than one PERMNO, and no PERMNO maps to more than one ticker.","S11, S11_ticker_permno_collisions.csv",0b.1 fix META mapping (decision 2)
D3,data,M,"Price-based features are not split-adjusted. feat_28/29/33-36 are computed from raw CRSP prc. There are 16 corporate-action events: AAPL, AMZN, AVGO, CMCSA, GOOG, NEE, NVDA ×2, TSLA ×2 and WMT splits; GE's 1:8 reverse split; spin-offs (GE 2023 and 2024, T 2022); and the META identifier change. Example: NVDA on 2024-06-10 has feat_28 −0.894 raw (winsorised to −0.244 in the panel), feat_29 −0.886, feat_36 −0.868. The targets use CRSP total returns and are unaffected, except for D2.","S11, S11_split_or_identifier_events.csv",0b.1 split-adjust price features
D4,data,M,"BKM moments. (i) The quartic integrand has +4x³ where BKM has −4x³, with x = ln(K/S) (aggregated_features.py:333). (ii) e^{rτ} is applied inside _bkm_contracts and again in the skew/kurtosis formulas. (iii) The forward has no dividends. (iv) Expiries within ±5 days of the 30-day expiry are pooled. The textbook formula correlates 0.98–0.996 with the coded one for stocks and 0.91–0.92 for SPY *(sub-audit)*.",aggregated_features.py:285-392,0b.1 fix BKM formula
D5,data,M,"feat_50 (opening-trade put/call ratio) is a copy of feat_01. Contracts are keyed on (strike, dte, type). dte changes daily, so the previous open interest is never found (it defaults to 0) and every contract counts as ""opening"". Equal to feat_01 on 99.5% of stock rows (59% of ETF rows).","aggregated_features.py:213-222, S11",0b.1 fix feat_50 contract key
D6,data,M,GOOG has no earnings dates. The Compustat file has no GOOG or GOOGL rows; feat_43 for GOOG is the constant imputed value 46.,S11,0b.1 GOOG earnings (WRDS)
D7,data,M,"The 50-contract minimum is not enforced. merge_sources.py:53 only sets a thin_options_day flag that nothing reads. 3,872 flagged ticker-days (3,870 of them in the modelling panel) keep their option features.","S11, S11_thin_option_days.csv",0b.1 enforce or drop the 50-contract claim (decision 4)
D8,data,W,"The sample end is set by CRSP, not the option data. The option snapshot ends 2025-12-12..22 for every ticker and starts by 2013-01-02 for 59 of 60 tickers (META 2021-07-08). CRSP ends 2024-12-31; the config has start 2016-01-01 and end 2025-12-31. The paper's ""snapshot ends [Dec 2024]; extending would require a paid vendor"" is wrong. A 2013–2025 sample needs only a CRSP re-pull.","S11, S11_option_snapshot_coverage.csv",decision 3 (sample window); paper wording
D9,data,W,"repr_grid_raw is not ""the same grid"". It is a moneyness × DTE interpolation with nearest-neighbour fill (Section 7); ""model-free / no fit"" overstates it.",iv_surface_features.py:18-78,paper wording
D10,data,W,IVs are vendor-supplied (Section 6).,clean_options.py:42-51,paper/README wording
D11,data,W,"Models see 133,773 rows, not 134,368. The inner join with the legacy split file drops its 10 buffer dates.",S11,0b.2 drop legacy split join
D12,data,M,"Volatility target joins non-adjacent days. RV is built after the split join, so 480 five-day RV windows sum across the buffer gaps.","S11, run_vol_matrix.py:71-81",0b.1/0b.5 build RV before any join
D13,data,W,"Sector-ETF mapping is not current GICS. feat_42 uses the settings.yaml map, which gives META, GOOG and NFLX the XLK return. Only sector_neutral_ic.py relabels to current GICS (Appendix C).",clean_stocks.py:165-174,0b.1 current-GICS sector map
D14,data,I,No end-to-end data command. Downloads need a WRDS login. No code produces the IBES parquets. The option download depends on static.philippdubach.com; the local raw snapshot is the only copy *(sub-audit)*.,"src/data/*, scripts/download_new_tickers.py",0b.8 run commands
P1,preprocessing/models,B,"Preprocessing look-ahead. Winsorising (0.1/99.9% quantiles) and imputation (ticker median → global median → 0) are fitted once on the legacy split's train block (2016-01-04..2021-05-18) and saved into panel_unnormalized.parquet, which every walk-forward window reuses. Windows whose training ends before May 2021 therefore use statistics from their own test periods. Only ElasticNet's StandardScaler is fitted per window. The paper says all preprocessing is fitted on the training block.","run_pipeline.py:131-146, src/preprocessing/{winsorize,impute}.py",0b.2 per-window preprocessing
P2,preprocessing/models,M,"Surface columns are never preprocessed. The 34 Set-D columns and the 20 raw-grid columns are neither winsorised nor imputed, because those steps only touch feat_*. Their NaNs (median 1.9%, up to 3.7%) become 0 in run_full_matrix.py:422, i.e. an IV or SVI parameter of zero.",S11,0b.2 surface NaN treatment (decision 6)
P3,preprocessing/models,B,"OLS is numerically rank-truncated. LinearRegression is fitted on float32 X, and sklearn's lstsq cutoff max(n,p)·eps₃₂ keeps 6–8 of 80–114 directions (A, repr_svi, D, repr_grid) and 1 of 93/108 (B, C). The float32 re-fit reproduces the saved OLS IC in 17/18 window-cells (the remaining one differs by about 1e-6). In float64 the fit has full rank and B ≠ C (window 15: 0.061 vs 0.075). Affects the OLS column of Table 3 (both targets), all of Appendix A's explanation, the §4 OLS narrative (""collinearity effect"", ""overfits""), the dissociation caption, and the injection text about OLS.","run_full_matrix.py:194-198,405; ols_rank_check.csv",0b.3 OLS in float64
P4,preprocessing/models,B,"ElasticNet constant forecasts are silently dropped. In 578 of 1,593 EN return windows (40 of 54 cells) EN picks the intercept-only model; the window IC is NaN and is dropped from the mean and t. Five of the seven return cells that clear t>3 are EN cells resting on 6–17 of 32 windows. Counting a constant forecast as IC = 0, only 3 of 162 cells clear t>3: EN/B/rolling/3d (t 3.10), XGB/A/expanding/1d (3.64) and XGB/B/rolling/1d (3.06). EN/D/rolling/5d becomes 0.0103 (t 2.31); EN/A and EN/repr_bkm become t 1.42. The volatility grid has no NaN windows. FFNN has 26 NaN windows in 11 cells. Also affects the meta-analysis (it drops those windows), the power SE, and probably the EN injection curve, whose per-window values were not saved.","S3, S3_constant_prediction_windows.csv",0b.4 constant-forecast rule (decision 5)
P5,preprocessing/models,B,"The long/short book is built from ties. In constant-forecast windows the backtest sorts tied predictions, which yields an arbitrary basket (e.g. 2016-10-03: long AAPL, ORCL, LLY, LMT, LOW, MA; short GE, GOOG, GS, HD, HON, XOM). In the headline cell 278 of 404 periods are such periods. They compound ×2.00 (arithmetic Sharpe 1.12); the 126 informative periods compound ×2.62 (Sharpe 1.24). Together ×5.23, i.e. $5,228.","S3, S3_headline_ls_by_window_type.csv",0b.6 flat book on ties (decision 5)
P6,preprocessing/models,M,"Linear models use only 80% of each training window. The purged training block is split 80/20 by date; OLS and EN are fitted on the first 80%, and the last 20% serves only as XGBoost's early-stopping fold. Not disclosed. This is not a leak.","run_full_matrix.py:158-166,184-214",0b.3 document or fit on full block
P7,preprocessing/models,W,"Early-stopping fold is not purged. XGBoost early-stops on the last 20% of the training block, which is not purged from the 80% fitting part (labels overlap by h). This touches only train/validation, never test.",same,0b.2 purge the early-stopping fold
P8,preprocessing/models,I,"Neural baselines are unseeded. set_seed is called only in run_pipeline.main(), so the walk-forward FFNN and TFT runs are unseeded and ran on MPS. FFNN receives unstandardised features; TFT uses z-scores fitted on the legacy split. Their 36 Sharpe ratios enter SR0 and cannot be reproduced.","run_pipeline.py:761; run_full_matrix.py:232-264,414,431",0b.5 neural baselines not rerun; 0b.6 family
P9,preprocessing/models,W,"The TFT run crashed. It was launched for 6 sets × 2 schemes × 3 horizons and finished only sets A–C at h = 1; the log ends mid-run. The paper presents ""sets A–C at the one-day horizon (6)"" as the design.",results/logs/full_matrix_run.log:10112-11420,0b.6 trial family; paper wording
S1,statistics,B,"IC definition. The benchmark IC is a pooled per-window Spearman (Section 3), not ""the cross-sectional rank correlation""; other sections use daily cross-sectional ICs.",Section 3,0b.4 canonical daily cross-sectional IC
S2,statistics,W,"HAC is as described (Section 4), except that NaN windows are dropped (see P4).",posthoc_stats.py:37-54,0b.4 NaN rule
S3,statistics,W,"The 0.0064 SE includes the neural cells. It is the median over 198 cells including the 36 FFNN/TFT cells. On the 162-cell OLS/EN/XGB grid the median is 0.0068, giving a threshold of 0.0204 (not 0.0192) and names needed of 1,567 / 2,786 / 6,269 for lifts 0.004 / 0.003 / 0.002 (paper: 1,382 / 2,457 / 5,529).","S2, power_analysis.py:23",Task 1/2 corrected SE
S4,statistics,B,"The VRP split is per ticker-day (Section 5), yet the paper calls it ""high-VRP days"" and compares it with a per-date VIX split.",S8,Task 4 cross-sectional naming
S5,statistics,B,"The regime bootstrap is not a block bootstrap. The ""date-block bootstrap"" resamples single daily ICs i.i.d., and resamples the high and low buckets independently (return_extras.py:58-73), even though 3- and 5-day outcomes overlap. With a moving-block bootstrap joint over calendar days (L = 10 / 21 / 63): • the high-VRP CI excludes 0 in 3 / 3 / 2 of 4 cells (published: 4/4) • the high−low difference beats Bonferroni in 2 / 2 / 2 of 4 (published: 3/4) • the VIX difference p-values are 0.995, 0.916, 0.812 and 0.128 (paper: all > 0.8)","S8, S8_regime_bootstrap.csv",0b.7 moving-block bootstrap
S6,statistics,W,"The unconditional baseline isn't ""near zero"". The unconditional IC of the four regime cells averages about 0.008.",S8,paper wording
S7,statistics,W,"The meta-analysis includes 28 FFNN/TFT cells (172 cells in total). With OLS/EN/XGB only: +0.0032, CI [+0.0005, +0.0062], p = 0.023 (published: +0.0029, [−0.0000, +0.0059], p = 0.051). Per-window lifts with a NaN IC are dropped.",S6,Task 1 rerun on corrected outputs
S8,statistics,W,"""More than ten SEs"" for volatility. 0.0362 / 0.0035 = 10.2 uses ddof 0 across 12 overlapping cells; with ddof 1 it is 9.8. The per-cell paired HAC t of per-window D−A is 5.7–12.4 (median 7.7), so the result holds but the wording does not.",S5,paper wording (paired lift SE)
S9,statistics,W,"Grid vs raw-grid medians. The paper's ""median signed difference ≈ 0.0008"" is from referee_fixes.txt: XGBoost only, daily-IC definition, 6 cells. Under the benchmark definition across all 18 cells the median is +0.0001 (XGBoost only: +0.0022); the max \|diff\| is 0.0251 (EN rolling 5d).",S7,paper wording
S10,statistics,W,Injection calibration. The oracle IC is ≈ 1.22δ (Section 8). The recovered ICs also drop NaN windows.,S12,Task 5 calibration
S11,statistics,W,"Sector-neutral check. It reproduces (XGB only, pooled per 63-day block, current-GICS relabel at analysis time). The ETFs form their own three-name ""sector"". The max \|dIC\| of 0.0104 slightly exceeds ""about one HAC SE"" (0.006–0.008).",sector_neutral_ic.txt,paper wording
E1,economics,B,"The Sharpe isn't the stated formula. It is geometric (Section 8). The arithmetic μ/σ·√(252/h) for the headline is 1.0252, not 1.1504. Under arithmetic Sharpes, SR0 over 198 configurations is 1.1010 and 0 configurations clear it (published: 1.1529, 2 clear).","S10, backtest.py:90-101",0b.6 arithmetic Sharpe
E2,economics,B,"The PBO comes from the wrong group. 0.571 is the expanding/3d group (32 trials: OLS/EN/XGB × 9 sets + 5 FFNN). The headline cell's own group, rolling/5d, gives 0.429. All groups: 0.243 / 0.571 / 0.286 (expanding h1/h3/h5) and 0.414 / 0.743 / 0.429 (rolling). The standard rank/(N+1) convention lowers each, e.g. to 0.514 and 0.400. §4.7 rests its conclusion on ""0.571 > ½"".","S9, posthoc_stats.py:119-153",0b.6 PBO family
E3,economics,M,"ETF handling is inconsistent. The grid's long/short trades all 60 names, so the headline 1.15, $5,228, SR0 and PBO describe the all-names book. The ETF-free book exists only in etf_free_econ.txt (1.07, $4,585, geometric). §4.7 says the ETFs are removed and then reports the all-names figures. ""IC moves by at most 0.001"" is false for EN/A/rolling/5d (+0.0021).",etf_free_econ.txt,0b.6 ETF-consistent book
E4,economics,M,"The SR0 trial family and the DSR label. N = 198 = 162 + 30 FFNN + 6 TFT (the subset that survived the crash, P9). The family leaves out other long/short variants in the repository: the 25%-spread variants, the long-flat hurdle rows, and the single-split tft_svi runs (1-day long/short Sharpe 1.13). SR0 without TFT is 1.0983, which the headline would clear (+0.052); with OLS/EN/XGB only it is 1.0250 (+0.126). ""Deflated Sharpe"" is only the SR0 benchmark: the only DSR probability anywhere is for the headline (≈ 0.497, referee_fixes.txt), computed from a hard-coded Sharpe.",S10; referee_fixes.txt:190-198; tft_svi_strategy_summary.csv,0b.6 SR0 family; DSR wording
E5,economics,W,"Cost assumptions. The cost model is as described in Section 8; the spread is assumed, not measured.",frictions.py,Task 3 sensitivity
E6,economics,W,"The dealer-gamma result is computed outside the README map. +0.0022, CI [−0.021, +0.024], p = 0.84 comes from referee_fixes.py (XGB/D/expanding/3d, i.i.d. date bootstrap), and that script is not in the README's number→script map.",referee_fixes.txt:148-160,0b.8 number-to-script map
R1,figures/reproducibility,I,"Figures are written outside the paper folder. make_paper_figures.py writes the six PDFs to ../EasyChair3.5/figures if that folder exists, otherwise to results/figures/; LaTeX looks in paper/figures/. None of the six PDFs is in the repository. The script runs cleanly in a scratch copy (12 PDFs) *(sub-audit)*.",make_paper_figures.py:17-21,0b.8 figure paths
R2,figures/reproducibility,I,"Some figures plot hard-coded values. fig_regime_return (VRP cells), fig_meta (per-representation lifts, pooled CI) and fig_regime_ci (dealer gamma) use constants copied from text outputs.","make_paper_figures.py:112-127,262-270,302-312",0b.8 figures read outputs
R3,figures/reproducibility,M,"TreeSHAP is not run on the benchmark models. • One XGBoost per target, trained on dates before 2021-05-18 (no purge) and attributed on later dates. • 400 trees, lr 0.02, no early stopping, vs the benchmark's 500 / 0.01 / early stopping 50. • No ticker dummies: treeshap.py:42 looks for the prefix ticker_, but the encoder writes tkr_. • The paper's volatility ordering is wrong. The actual order is VIX 16.4%, earnings 9.1%, iv_25dc_6m 8.7%, iv_25dc_3m 7.9%, risk-free 6.3%, …, svi_a 2.4% (10th). • The return list omits hvol_30d (4.7%).","treeshap.py:20-60, treeshap.txt",0b.5 rerun TreeSHAP on benchmark models
R4,figures/reproducibility,I,"The reproducibility check is narrower than the paper claims. • reproducibility_check.py tests 3 return cells, all on Set D (one of them XGBoost), with no OLS or volatility cells. • It compares fresh vs saved runs only through cell means printed to 5 decimals, while the paper claims per-window equality. • The saved reproducibility.txt comes from an older version of the script, run from /Users/pia/Desktop/guided-research/..., and the current script has never been run. • This audit's EN re-fit does reproduce per-window equality (Section 3).","reproducibility_check.py:35-39,112-137",0b.3/0b.8 reproducibility check
R5,figures/reproducibility,I,"The public repository has no data code. The .gitignore rule data/ also ignores src/data/, so the anonymized GitHub repository has no src/data/ (checked via the GitHub API listing).",.gitignore:2,0b.8 .gitignore
R6,figures/reproducibility,I,"No run commands are recorded. The run_full_matrix.py defaults (6 models including TabNet, 5 sets) do not reproduce the grid. The log shows three chained --resume runs (Section 10).","full_matrix_run.log:7,4413,10112",0b.8 run commands
R7,figures/reproducibility,I,"No version pins. requirements.txt has only >= bounds and there is no lockfile. Bit-exactness depends on versions: sklearn's lstsq cutoff for OLS, and xgboost's default tree method (no tree_method is set).",requirements.txt,0b.3 version pins
R8,figures/reproducibility,I,"A destructive script. scripts/rebuild_for_60_tickers.sh deletes results/tables/, data/features/ and the checkpoints (rm -rf, lines 41-59). Do not run it.",line 59,0b.8 remove or guard rm -rf
R9,figures/reproducibility,I,"Logs point to a folder that no longer exists (~/Desktop/guided-research/...), so the code that produced the outputs cannot be diffed against the current code.",results/logs/*,0b.8 provenance
R10,figures/reproducibility,W,Appendix A reproduces but has no script. All six cells match at 6 decimals and B/C at 9 decimals; the per-window max \|B−C\| is 1.03e-7 for returns and 4.4e-8 for volatility. No script prints these values and the README map has no entry.,S4,0b.8 number-to-script map
