feature_set,window,n_cols,rank_float32,ic_float32,rank_float64,ic_float64,ic_saved
A,0,80,7,-0.002634708581577753,79,-0.042618406729063904,-0.0026347085815777
A,15,80,6,0.0495267362635367,79,0.06739940984470787,0.0495267362635367
A,31,80,6,-0.06845749878225384,79,0.09480577537285638,-0.0684574987822538
repr_svi,0,90,7,-0.0026419285278048888,89,-0.0399692444684817,-0.0026419285278048
repr_svi,15,90,6,0.0495269292752392,89,0.051186044083314834,0.0495265226888441
repr_svi,31,90,6,-0.06845406765309117,89,0.10545583301863412,-0.06845426183882
D,0,114,8,0.02902517716740602,113,-0.033410966191865024,0.029025177167406
D,15,114,7,0.015273251324268593,113,0.055314585196290574,0.0152732513242685
D,31,114,6,-0.0683007543579336,113,0.11811073589384788,-0.0683007535727143
repr_grid,0,104,8,0.029388520527300916,103,-0.0345902342792355,0.0293885205273009
repr_grid,15,104,7,0.015182258223730807,103,0.07433247548791452,0.0151807043159565
repr_grid,31,104,6,-0.0682861905317689,103,0.11351499512696575,-0.0682857791684256
B,0,93,1,0.024283241777401193,91,-0.05724130278508049,0.0242832417774011
B,15,93,1,0.046674001338411486,92,0.060864912666137284,0.0466740013384114
B,31,93,1,0.08600113003463264,93,0.08548066317452514,0.0860011300346326
C,0,108,1,0.024283241777401193,105,-0.05707020515460146,0.0242832417774011
C,15,108,1,0.046674001338411486,107,0.07461845246863133,0.0466740013384114
C,31,108,1,0.08600113003463264,107,0.09612956170480212,0.0860011300346326
