ticker,first,last
AAPL,2008-01-02,2025-12-16
ABBV,2013-01-02,2025-12-17
ADBE,2008-01-02,2025-12-18
AMD,2008-01-02,2025-12-18
AMGN,2008-01-02,2025-12-19
AMT,2008-01-02,2025-12-22
AMZN,2008-01-02,2025-12-17
AVGO,2009-08-24,2025-12-17
AXP,2008-01-02,2025-12-19
BA,2008-01-02,2025-12-19
BAC,2008-01-02,2025-12-18
BLK,2008-01-02,2025-12-19
C,2008-01-02,2025-12-19
CAT,2008-01-02,2025-12-19
CMCSA,2008-01-02,2025-12-19
COP,2008-01-02,2025-12-19
COST,2008-01-02,2025-12-17
CRM,2008-01-02,2025-12-18
CSCO,2008-01-02,2025-12-18
CVX,2008-01-02,2025-12-18
DE,2008-01-02,2025-12-19
DIS,2008-01-02,2025-12-19
DUK,2008-01-02,2025-12-19
GE,2008-01-02,2025-12-18
GOOG,2010-01-04,2025-12-17
GS,2008-01-02,2025-12-19
HD,2008-01-02,2025-12-17
HON,2008-01-02,2025-12-19
IWM,2008-01-02,2025-12-15
JNJ,2008-01-02,2025-12-17
JPM,2008-01-02,2025-12-17
KO,2008-01-02,2025-12-18
LLY,2008-01-02,2025-12-17
LMT,2008-01-02,2025-12-19
LOW,2008-01-02,2025-12-19
MA,2008-01-02,2025-12-17
MCD,2008-01-02,2025-12-18
META,2021-07-08,2025-12-17
MRK,2008-01-02,2025-12-18
MS,2008-01-02,2025-12-19
MSFT,2008-01-02,2025-12-16
NEE,2010-06-23,2025-12-19
NFLX,2008-01-02,2025-12-17
NKE,2008-01-02,2025-12-19
NVDA,2008-01-02,2025-12-16
ORCL,2008-01-02,2025-12-17
PEP,2008-01-02,2025-12-18
PFE,2008-01-02,2025-12-19
PG,2008-01-02,2025-12-17
QQQ,2011-03-23,2025-12-15
SO,2008-01-02,2025-12-19
SPY,2008-01-02,2025-12-12
T,2008-01-02,2025-12-19
TMO,2008-01-02,2025-12-18
TSLA,2010-07-08,2025-12-17
UNH,2008-01-02,2025-12-17
V,2008-03-28,2025-12-17
WFC,2008-01-02,2025-12-18
WMT,2008-01-02,2025-12-17
XOM,2008-01-02,2025-12-18
