ticker,thin_days,days,thin_days_in_modelling_panel
AAPL,6,2264,6
ABBV,4,2264,4
ADBE,119,2264,119
AMD,144,2264,144
AMGN,3,2264,3
AMT,91,2264,91
AMZN,3,2264,3
AVGO,5,2264,5
AXP,6,2264,6
BA,6,2264,6
BAC,3,2264,3
BLK,112,2264,112
C,3,2264,3
CAT,5,2264,5
CMCSA,4,2264,4
COP,7,2264,7
COST,6,2264,6
CRM,3,2264,3
CSCO,3,2264,3
CVX,4,2264,4
DE,9,2264,9
DIS,3,2264,3
DUK,1250,2264,1248
GE,10,2264,10
GOOG,6,2264,6
GS,7,2264,7
HD,5,2264,5
HON,293,2264,293
IWM,7,2264,7
JNJ,3,2264,3
JPM,3,2264,3
KO,3,2264,3
LLY,4,2264,4
LMT,17,2264,17
LOW,52,2264,52
MA,4,2264,4
MCD,3,2264,3
META,148,792,148
MRK,6,2264,6
MS,3,2264,3
MSFT,3,2264,3
NEE,737,2264,737
NFLX,5,2264,5
NKE,5,2264,5
NVDA,6,2264,6
ORCL,5,2264,5
PEP,3,2264,3
PFE,11,2264,11
PG,4,2264,4
QQQ,5,2264,5
SO,210,2264,210
SPY,3,2264,3
T,5,2264,5
TMO,473,2264,473
TSLA,5,2264,5
UNH,5,2264,5
V,3,2264,3
WFC,3,2264,3
WMT,3,2264,3
XOM,5,2264,5
