table,target,model,feature_set,paper,recomputed,nw_t,value_match,dagger_match,lift_recomputed
T3,return,OLS,A,0.0018,0.0018130884459652825,0.23773212742834732,True,True,
T3,return,ElasticNet,A,0.0311,0.03114170638589693,3.210661807652177,True,True,
T3,return,XGBoost,A,0.0032,0.0032427246161859757,0.3804707082450212,True,True,
T3,volatility,OLS,A,0.252,0.25150342233368117,13.58469117636835,True,True,
T3,volatility,ElasticNet,A,0.52,0.5199276721730567,46.9864278782398,True,True,
T3,volatility,XGBoost,A,0.501,0.5008627572067386,29.335152694005796,True,True,
T3,return,OLS,B,0.0128,0.012799460110549875,1.864455357737039,True,True,
T3,return,ElasticNet,B,0.029,0.02899106756528496,2.479716977740314,True,True,
T3,return,XGBoost,B,0.0119,0.011912588081776955,1.8178333006357021,True,True,
T3,volatility,OLS,B,0.044,0.04376061887828325,1.9085157914199893,True,True,
T3,volatility,ElasticNet,B,0.545,0.5446247385514364,39.8750298664704,True,True,
T3,volatility,XGBoost,B,0.534,0.5343767056461541,34.80089642019379,True,True,
T3,return,OLS,C,0.0128,0.012799462283858188,1.8644553116136904,True,True,
T3,return,ElasticNet,C,0.0233,0.02326681961409636,1.6231381796489086,True,True,
T3,return,XGBoost,C,0.0038,0.003772708097424882,0.6274869249724696,True,True,
T3,volatility,OLS,C,0.044,0.04376061750676046,1.9085156937702965,True,True,
T3,volatility,ElasticNet,C,0.556,0.555774111923893,43.41527902185639,True,True,
T3,volatility,XGBoost,C,0.55,0.5500854661956882,36.48037857302664,True,True,
T3,return,OLS,candidate_6,0.0182,0.018229953551898062,1.6470363786622115,True,True,
T3,return,ElasticNet,candidate_6,0.0101,0.010070432364973292,0.8126118200822929,True,True,
T3,return,XGBoost,candidate_6,0.0125,0.012450014334108288,2.0843910919929547,True,True,
T3,volatility,OLS,candidate_6,0.511,0.5111697215653099,38.136220209114164,True,True,
T3,volatility,ElasticNet,candidate_6,0.522,0.5221755177596281,35.941657856803516,True,True,
T3,volatility,XGBoost,candidate_6,0.503,0.5028167969927706,30.440854833112233,True,True,
T3,return,OLS,D,0.0104,0.010417524127774858,1.6705527967967522,True,True,
T3,return,ElasticNet,D,0.0331,0.033098969576485296,4.8073969919274395,True,True,
T3,return,XGBoost,D,-0.0025,-0.002510512398478021,-0.3872485586887145,True,True,
T3,volatility,OLS,D,0.414,0.4142299116512349,11.880083481371477,True,True,
T3,volatility,ElasticNet,D,0.553,0.5528775688120444,45.75085854030007,True,True,
T3,volatility,XGBoost,D,0.555,0.5552561581015114,40.890466918526236,True,True,
T3,return,OLS,repr_svi,0.0018,0.0018124303634393358,0.23764245146840893,True,True,
T3,return,ElasticNet,repr_svi,0.0066,0.006640363225295124,0.47423072536408745,True,True,
T3,return,XGBoost,repr_svi,0.0074,0.007372608334438613,0.9183836492225969,True,True,
T3,volatility,OLS,repr_svi,0.252,0.2515013833411669,13.584599320257944,True,True,
T3,volatility,ElasticNet,repr_svi,0.536,0.5364514672057927,42.463240401466095,True,True,
T3,volatility,XGBoost,repr_svi,0.532,0.5323272133804329,33.97176853562628,True,True,
T3,return,OLS,repr_grid,0.0104,0.01038473074231491,1.6640746294528934,True,True,
T3,return,ElasticNet,repr_grid,0.0346,0.03460385855689729,4.278878859371347,True,True,
T3,return,XGBoost,repr_grid,0.0053,0.005332236574174025,0.788344637648672,True,True,
T3,volatility,OLS,repr_grid,0.414,0.4142669188421006,11.880847148979226,True,True,
T3,volatility,ElasticNet,repr_grid,0.55,0.549906094339262,42.50886303687378,True,True,
T3,volatility,XGBoost,repr_grid,0.554,0.5538217236709386,40.645142085171734,True,True,
T3,return,OLS,repr_grid_raw,0.0063,0.006325394087939541,0.854068552762285,True,True,
T3,return,ElasticNet,repr_grid_raw,0.0095,0.0095207934002857,0.6900307359321385,True,True,
T3,return,XGBoost,repr_grid_raw,-0.0004,-0.00044541699240793504,-0.06905247436018909,True,True,
T3,volatility,OLS,repr_grid_raw,0.322,0.3222447578876517,11.22231277185484,True,True,
T3,volatility,ElasticNet,repr_grid_raw,0.555,0.5546151660460543,43.669408444783286,True,True,
T3,volatility,XGBoost,repr_grid_raw,0.556,0.5555079658806937,40.53436542614549,True,True,
T3,return,OLS,repr_bkm,0.0043,0.004288250145729731,0.7957568204298019,True,True,
T3,return,ElasticNet,repr_bkm,0.0312,0.031236488314269867,3.2351383167391945,True,True,
T3,return,XGBoost,repr_bkm,0.0037,0.0036883638956667474,0.5189346517199522,True,True,
T3,volatility,OLS,repr_bkm,0.349,0.3488548065704322,17.987782511345277,True,True,
T3,volatility,ElasticNet,repr_bkm,0.52,0.5197476607905198,45.97994346324245,True,True,
T3,volatility,XGBoost,repr_bkm,0.513,0.5126148928049692,28.696222175086287,True,True,
T4,return,ElasticNet,A,0.0311,0.03114170638589693,3.210661807652177,True,True,0.0
T4,return,ElasticNet,repr_svi,0.0066,0.006640363225295124,0.47423072536408745,True,True,-0.024501343160601805
T4,return,ElasticNet,repr_bkm,0.0312,0.031236488314269867,3.2351383167391945,True,True,9.47819283729362e-05
T4,return,ElasticNet,repr_grid_raw,0.0095,0.0095207934002857,0.6900307359321385,True,True,-0.02162091298561123
T4,return,ElasticNet,repr_grid,0.0346,0.03460385855689729,4.278878859371347,True,True,0.0034621521710003628
T4,return,ElasticNet,D,0.0331,0.033098969576485296,4.8073969919274395,True,True,0.0019572631905883653
T4,return,XGBoost,A,0.0136,0.013600008905711192,3.6383141185371186,True,True,0.0
T4,return,XGBoost,repr_svi,0.0041,0.004115047139156889,0.9137561473958395,True,True,-0.009484961766554303
T4,return,XGBoost,repr_bkm,0.0056,0.005553834432225217,1.9157021246816281,True,True,-0.008046174473485976
T4,return,XGBoost,repr_grid_raw,0.0052,0.005246268357680759,1.5598515535988347,True,True,-0.008353740548030432
T4,return,XGBoost,repr_grid,0.0122,0.012220410388544012,2.338339170248852,True,True,-0.0013795985171671798
T4,return,XGBoost,D,0.0053,0.005277849172962897,1.0213358283920693,True,True,-0.008322159732748295
