model,feature_set,scheme,horizon,n_windows,n_nan,mean_ic,nw_se,nw_t,mean_ic_nan0,nw_t_nan0
ElasticNet,A,expanding,1,27,15,0.010164496996515775,0.010416721231177685,0.9757866003069188,0.004517554220673677,1.078870856397799
ElasticNet,A,expanding,3,27,2,0.01059659622342132,0.007709944093121145,1.3744063634489465,0.009811663169834554,1.5610183996383915
ElasticNet,A,expanding,5,27,1,0.015344227064774264,0.010719269249663694,1.4314620434835774,0.014775922358671515,1.5011021962497715
ElasticNet,A,rolling_9m_3m,1,32,17,0.007265792840406068,0.005944995068689389,1.2221697001353202,0.0034058403939403437,1.059224210326265
ElasticNet,A,rolling_9m_3m,3,32,19,-0.0010992239132814074,0.00633996882884364,-0.17338001857051671,-0.0004465597147705713,-0.1305193252473773
ElasticNet,A,rolling_9m_3m,5,32,26,0.03114170638589693,0.009699466418940449,3.210661807652177,0.0058390699473556745,1.4189023284924485
ElasticNet,B,expanding,1,27,3,0.005662673519221433,0.005898717464712823,0.9599838529471115,0.005033487572641274,0.9583937786092648
ElasticNet,B,expanding,3,27,0,0.017024573212263406,0.011901777540073535,1.4304227376911818,0.017024573212263406,1.4304227376911818
ElasticNet,B,expanding,5,27,0,0.021755002594453447,0.012809009181466212,1.6984141619580924,0.021755002594453447,1.6984141619580924
ElasticNet,B,rolling_9m_3m,1,32,13,0.008773209440355928,0.0048990236082148315,1.7908077490471253,0.005209093105211331,1.6600418202923408
ElasticNet,B,rolling_9m_3m,3,32,15,0.020882410434258206,0.0056474109576737964,3.6976962701612566,0.011093780543199672,3.0959921887729656
ElasticNet,B,rolling_9m_3m,5,32,17,0.02899106756528496,0.011691280829840342,2.479716977740314,0.013589562921227327,2.5547641148648297
ElasticNet,C,expanding,1,27,12,0.008261852710929666,0.0072788713590295285,1.1350458475517275,0.0045899181727387045,1.0242593857791902
ElasticNet,C,expanding,3,27,0,0.017559309545878685,0.01147762584124377,1.5298729710094707,0.017559309545878685,1.5298729710094707
ElasticNet,C,expanding,5,27,0,0.020349215809428375,0.011151018359288752,1.824875105911521,0.020349215809428375,1.824875105911521
ElasticNet,C,rolling_9m_3m,1,32,15,0.007860832456033664,0.003769054258076003,2.085624646870008,0.004176067242267884,1.7520904634555372
ElasticNet,C,rolling_9m_3m,3,32,18,0.015673991351193718,0.008100031304453689,1.9350531821495052,0.006857371216147252,1.6185089516804374
ElasticNet,C,rolling_9m_3m,5,32,22,0.02326681961409636,0.014334466347855282,1.6231381796489086,0.007270881129405112,1.3380488854139299
ElasticNet,D,expanding,1,27,15,0.010801110207350242,0.008387744771477553,1.2877251873565962,0.004800493425488996,1.2817577147314225
ElasticNet,D,expanding,3,27,0,0.018578491158466857,0.009830301946012037,1.8899207023853208,0.018578491158466857,1.8899207023853208
ElasticNet,D,expanding,5,27,0,0.02055422456828069,0.010387905081642572,1.9786688852792813,0.02055422456828069,1.9786688852792813
ElasticNet,D,rolling_9m_3m,1,32,15,0.004873100641032665,0.004832206002966061,1.0084629335010764,0.002588834715548604,0.9876569655681886
ElasticNet,D,rolling_9m_3m,3,32,21,0.005436007356819292,0.008566369194597022,0.6345754231848761,0.0018686275289066306,0.4782175613165562
ElasticNet,D,rolling_9m_3m,5,32,22,0.033098969576485296,0.006885008588237033,4.8073969919274395,0.010343427992651656,2.3066736663067977
ElasticNet,candidate_6,expanding,1,27,0,0.0038919128735232784,0.004739068338054493,0.8212400826279299,0.0038919128735232784,0.8212400826279299
ElasticNet,candidate_6,expanding,3,27,0,0.01373178743874947,0.008337107431311089,1.6470685488803898,0.01373178743874947,1.6470685488803898
ElasticNet,candidate_6,expanding,5,27,0,0.01863135116366225,0.012651504361772814,1.4726589527137863,0.01863135116366225,1.4726589527137863
ElasticNet,candidate_6,rolling_9m_3m,1,32,14,0.011359296759231283,0.004723414083376811,2.4048911568452667,0.006389604427067597,2.0004175363058048
ElasticNet,candidate_6,rolling_9m_3m,3,32,10,0.014147627926303535,0.010989862456474951,1.2873343940686088,0.00972649419933368,1.3081981143831791
ElasticNet,candidate_6,rolling_9m_3m,5,32,11,0.010070432364973292,0.012392672757274762,0.8126118200822929,0.006608721239513724,0.8254472519581096
ElasticNet,repr_bkm,expanding,1,27,13,0.009946341802371765,0.008147173887722622,1.220833376020168,0.005157362416044619,1.2137590056329928
ElasticNet,repr_bkm,expanding,3,27,2,0.014060624983820727,0.008650425298213013,1.625425860474784,0.013019097207241415,1.896872136193898
ElasticNet,repr_bkm,expanding,5,27,1,0.015131505553790734,0.010440611971823615,1.4492929719662573,0.014571079422168854,1.5049288151174118
ElasticNet,repr_bkm,rolling_9m_3m,1,32,16,0.005309696575424419,0.005568210302467657,0.9535732824371462,0.0026548482877122095,0.8365763941932393
ElasticNet,repr_bkm,rolling_9m_3m,3,32,19,0.0005423969070466393,0.006163551205135294,0.08800071403555952,0.00022034874348769674,0.06789983968821432
ElasticNet,repr_bkm,rolling_9m_3m,5,32,26,0.031236488314269867,0.009655379540542854,3.2351383167391945,0.0058568415589256,1.4219659510767606
ElasticNet,repr_grid,expanding,1,27,11,0.007131241999304169,0.007576576922725637,0.9412221471564944,0.004225921184772841,0.9277220108948527
ElasticNet,repr_grid,expanding,3,27,0,0.021303453754872373,0.009423221691807359,2.260739951962905,0.021303453754872373,2.260739951962905
ElasticNet,repr_grid,expanding,5,27,0,0.01945830974347079,0.009645309415983693,2.0173857472343513,0.01945830974347079,2.0173857472343513
ElasticNet,repr_grid,rolling_9m_3m,1,32,14,0.007034234815244133,0.005336400973055918,1.3181608448766813,0.003956757083574825,1.0379125781614584
ElasticNet,repr_grid,rolling_9m_3m,3,32,17,0.0026666797405236254,0.012065859412982983,0.22101034408326123,0.0012500061283704502,0.23720991087606685
ElasticNet,repr_grid,rolling_9m_3m,5,32,22,0.03460385855689729,0.008087132095621256,4.278878859371347,0.010813705799030406,2.4997703596656238
ElasticNet,repr_grid_raw,expanding,1,27,2,0.007715156047462923,0.005095258601957711,1.514183410533587,0.0071436630069101155,1.6238746795550767
ElasticNet,repr_grid_raw,expanding,3,27,0,0.015936236064506507,0.009182132354770643,1.7355702846329286,0.015936236064506507,1.7355702846329286
ElasticNet,repr_grid_raw,expanding,5,27,0,0.021856593109808115,0.010355476258242227,2.1106313765541986,0.021856593109808115,2.1106313765541986
ElasticNet,repr_grid_raw,rolling_9m_3m,1,32,16,0.009888315531037244,0.003647806125563877,2.7107568743140673,0.004944157765518622,1.9434476113171313
ElasticNet,repr_grid_raw,rolling_9m_3m,3,32,18,0.010413180062266334,0.007970843945182068,1.306408723327286,0.004555766277241522,0.9603099419906342
ElasticNet,repr_grid_raw,rolling_9m_3m,5,32,21,0.0095207934002857,0.013797636691392293,0.6900307359321385,0.0032727727313482096,0.5746510631369861
ElasticNet,repr_svi,expanding,1,27,18,0.006244949402544567,0.007155086406771801,0.8727986005359974,0.002081649800848189,0.72074679490727
ElasticNet,repr_svi,expanding,3,27,1,0.018021715258507192,0.008480418702382947,2.1250973437718588,0.017354244323006928,2.3723592431336993
ElasticNet,repr_svi,expanding,5,27,0,0.018197863046738923,0.010667040890780572,1.7059898085201093,0.018197863046738923,1.7059898085201093
ElasticNet,repr_svi,rolling_9m_3m,1,32,15,0.002700721113628942,0.004040167794902485,0.6684675614306083,0.0014347580916153756,0.7208162050283692
ElasticNet,repr_svi,rolling_9m_3m,3,32,19,0.001328039588709037,0.005650072546233292,0.23504823660970428,0.0005395160829130465,0.14879953235592824
ElasticNet,repr_svi,rolling_9m_3m,5,32,24,0.006640363225295124,0.01400238928044367,0.47423072536408745,0.0016600908063237807,0.41702602715390585
FFNN,A,expanding,1,26,3,-0.008181814189764002,0.006022220922950179,-1.3586041253624215,-0.007237758706329691,-1.3246367570055881
FFNN,A,expanding,3,27,2,0.0024227618231085217,0.008836417368201116,0.27417919753622255,0.002243297984359744,0.2803969001399385
FFNN,A,expanding,5,27,2,0.0015052656167103167,0.009941361402285194,0.1514144346833931,0.0013937644599169604,0.14817413422790465
FFNN,A,rolling_9m_3m,1,32,0,0.004313992417843962,0.005088511702911408,0.8477906055272895,0.004313992417843962,0.8477906055272895
FFNN,A,rolling_9m_3m,3,32,0,0.0026017223272210574,0.007357784156950246,0.35360133862630927,0.0026017223272210574,0.35360133862630927
FFNN,A,rolling_9m_3m,5,32,0,-0.006419210446466159,0.009924694227531934,-0.6467917599575744,-0.006419210446466159,-0.6467917599575744
FFNN,B,expanding,1,26,4,0.0012744619918487363,0.006306786243225415,0.20207787971531938,0.0010783909161796998,0.20553134973790418
FFNN,B,expanding,3,27,0,0.004721267397575771,0.0035332170725675066,1.336251722044617,0.004721267397575771,1.336251722044617
FFNN,B,expanding,5,27,0,-0.0024686971121222778,0.004601523656828219,-0.5364955819490287,-0.0024686971121222778,-0.5364955819490287
FFNN,B,rolling_9m_3m,1,32,0,0.005658784038794993,0.003175579355426297,1.7819690221645699,0.005658784038794993,1.7819690221645699
FFNN,B,rolling_9m_3m,3,32,0,0.00047267038484763457,0.0063979480462963735,0.07387843437104068,0.00047267038484763457,0.07387843437104068
FFNN,B,rolling_9m_3m,5,32,0,-0.003422220723991803,0.005285362219214451,-0.647490291498023,-0.003422220723991803,-0.647490291498023
FFNN,C,expanding,1,26,3,-0.0032032201129823914,0.003933364092466466,-0.8143716263433349,-0.0028336177922536543,-0.8301399180158119
FFNN,C,expanding,3,27,0,0.004666141558103608,0.004039405772564516,1.1551554413760203,0.004666141558103608,1.1551554413760203
FFNN,C,expanding,5,27,0,-0.0022119067746309926,0.004924940531951242,-0.4491235498745492,-0.0022119067746309926,-0.4491235498745492
FFNN,C,rolling_9m_3m,1,32,0,-0.001575954660740322,0.0037556038140665127,-0.4196275056590438,-0.001575954660740322,-0.4196275056590438
FFNN,C,rolling_9m_3m,3,32,0,0.007692498736415778,0.0038649462486752277,1.9903248949587604,0.007692498736415778,1.9903248949587604
FFNN,C,rolling_9m_3m,5,32,0,-0.0005906680898106623,0.006401407192395747,-0.09227160092429659,-0.0005906680898106623,-0.09227160092429659
FFNN,D,expanding,1,26,3,-0.003035188231593179,0.005458063796342938,-0.5560924798326549,-0.002684974204870888,-0.5766688102054487
FFNN,D,expanding,3,27,1,-0.0008759882948731,0.008372504640803894,-0.10462679119984233,-0.0008435442839518741,-0.10140739817199719
FFNN,D,expanding,5,27,4,-0.0005811007833273272,0.01041235018773188,-0.05580880136090662,-0.0004950117783899449,-0.05623947877506757
FFNN,D,rolling_9m_3m,1,32,0,0.0006828071708943916,0.005409639286984478,0.12622046215488283,0.0006828071708943916,0.12622046215488283
FFNN,D,rolling_9m_3m,3,32,0,-0.004929637545997347,0.00806520996425757,-0.6112224688314283,-0.004929637545997347,-0.6112224688314283
FFNN,D,rolling_9m_3m,5,32,0,0.010321380111713492,0.007562652738077455,1.3647830290747092,0.010321380111713492,1.3647830290747092
FFNN,candidate_6,expanding,1,26,2,0.0002921240483981502,0.004925304715758472,0.05931085795839224,0.0002696529677521395,0.0594184099604727
FFNN,candidate_6,expanding,3,27,1,0.0028830039515023113,0.002217741909709552,1.2999727059673438,0.002776226027372596,1.3421546126766861
FFNN,candidate_6,expanding,5,27,1,0.003009926818172905,0.0036942300087358846,0.8147643246509334,0.002898448047129464,0.923090218388909
FFNN,candidate_6,rolling_9m_3m,1,32,0,-0.0020776581437963845,0.0024206874173686136,-0.8582926192324675,-0.0020776581437963845,-0.8582926192324675
FFNN,candidate_6,rolling_9m_3m,3,32,0,0.008327183671933577,0.0028655108477807912,2.9060031925485834,0.008327183671933577,2.9060031925485834
FFNN,candidate_6,rolling_9m_3m,5,32,0,0.008724645428075939,0.005788744400710627,1.507174064725487,0.008724645428075939,1.507174064725487
OLS,A,expanding,1,27,0,-0.0033155883080049,0.007307924198991041,-0.45369768729438414,-0.0033155883080049,-0.45369768729438414
OLS,A,expanding,3,27,0,-0.0012656192157962179,0.010223627322781892,-0.12379355935402363,-0.0012656192157962179,-0.12379355935402363
OLS,A,expanding,5,27,0,-0.004077709724968389,0.013066234926111902,-0.31207993335703677,-0.004077709724968389,-0.31207993335703677
OLS,A,rolling_9m_3m,1,32,0,0.004785175808416345,0.004161488138019238,1.1498713079821408,0.004785175808416345,1.1498713079821408
OLS,A,rolling_9m_3m,3,32,0,0.006256812891021351,0.0059297091410926055,1.0551635404276294,0.006256812891021351,1.0551635404276294
OLS,A,rolling_9m_3m,5,32,0,0.0018130884459652825,0.007626602536132812,0.23773212742834732,0.0018130884459652825,0.23773212742834732
OLS,B,expanding,1,27,0,-0.0024937684683314027,0.004045390899107056,-0.6164468479132277,-0.0024937684683314027,-0.6164468479132277
OLS,B,expanding,3,27,0,0.0009505949664826491,0.004835123597016387,0.1966019993923699,0.0009505949664826491,0.1966019993923699
OLS,B,expanding,5,27,0,-0.0008725533052554255,0.0054178993190679625,-0.16105011442064418,-0.0008725533052554255,-0.16105011442064418
OLS,B,rolling_9m_3m,1,32,0,0.006289154355927851,0.003914393695226421,1.6066739438083186,0.006289154355927851,1.6066739438083186
OLS,B,rolling_9m_3m,3,32,0,0.008915398760042706,0.005730269254849575,1.5558429043273192,0.008915398760042706,1.5558429043273192
OLS,B,rolling_9m_3m,5,32,0,0.012799460110549875,0.0068649860976478785,1.864455357737039,0.012799460110549875,1.864455357737039
OLS,C,expanding,1,27,0,-0.0024937684683314027,0.004045390899107056,-0.6164468479132277,-0.0024937684683314027,-0.6164468479132277
OLS,C,expanding,3,27,0,0.0009505949664826491,0.004835123597016387,0.1966019993923699,0.0009505949664826491,0.1966019993923699
OLS,C,expanding,5,27,0,-0.0008725533052554255,0.0054178993190679625,-0.16105011442064418,-0.0008725533052554255,-0.16105011442064418
OLS,C,rolling_9m_3m,1,32,0,0.006289154355927851,0.003914393695226421,1.6066739438083186,0.006289154355927851,1.6066739438083186
OLS,C,rolling_9m_3m,3,32,0,0.008915406598857005,0.005730268272081033,1.555844539128225,0.008915406598857005,1.555844539128225
OLS,C,rolling_9m_3m,5,32,0,0.012799462283858188,0.00686498743312878,1.8644553116136904,0.012799462283858188,1.8644553116136904
OLS,D,expanding,1,27,0,-0.0033366862829766067,0.007310213362191287,-0.4564417093807522,-0.0033366862829766067,-0.4564417093807522
OLS,D,expanding,3,27,0,-0.001271429297306252,0.010229224080530366,-0.12429381615817833,-0.001271429297306252,-0.12429381615817833
OLS,D,expanding,5,27,0,-0.004094672583211795,0.013071284411828095,-0.3132570950339479,-0.004094672583211795,-0.3132570950339479
OLS,D,rolling_9m_3m,1,32,0,0.0074162381456477616,0.0038350695567604684,1.9337949510131835,0.0074162381456477616,1.9337949510131835
OLS,D,rolling_9m_3m,3,32,0,0.011498286687239127,0.004566348933809755,2.5180481942815485,0.011498286687239127,2.5180481942815485
OLS,D,rolling_9m_3m,5,32,0,0.010417524127774858,0.006235974192345329,1.6705527967967522,0.010417524127774858,1.6705527967967522
OLS,candidate_6,expanding,1,27,0,0.006965409423707081,0.004838888736982458,1.4394646792500392,0.006965409423707081,1.4394646792500392
OLS,candidate_6,expanding,3,27,0,0.01671993353791366,0.008097074890003731,2.0649350246908678,0.01671993353791366,2.0649350246908678
OLS,candidate_6,expanding,5,27,0,0.02019334107523017,0.01054616090178964,1.9147575372004273,0.02019334107523017,1.9147575372004273
OLS,candidate_6,rolling_9m_3m,1,32,0,0.010942785076462586,0.005169928912962075,2.1166219614793493,0.010942785076462586,2.1166219614793493
OLS,candidate_6,rolling_9m_3m,3,32,0,0.016932663568953784,0.008243332133377378,2.054104249954114,0.016932663568953784,2.054104249954114
OLS,candidate_6,rolling_9m_3m,5,32,0,0.018229953551898062,0.011068336915973377,1.6470363786622115,0.018229953551898062,1.6470363786622115
OLS,repr_bkm,expanding,1,27,0,-0.0034038982799297927,0.007294959675732276,-0.46660960872112095,-0.0034038982799297927,-0.46660960872112095
OLS,repr_bkm,expanding,3,27,0,-0.0016479917312370842,0.010172148113857695,-0.162010198120493,-0.0016479917312370842,-0.162010198120493
OLS,repr_bkm,expanding,5,27,0,-0.0042990919406537325,0.012919004006036454,-0.3327727074505872,-0.0042990919406537325,-0.3327727074505872
OLS,repr_bkm,rolling_9m_3m,1,32,0,0.0038868413172521714,0.0034399549832915552,1.1299105180536428,0.0038868413172521714,1.1299105180536428
OLS,repr_bkm,rolling_9m_3m,3,32,0,0.005476675897008596,0.004433771597991199,1.2352183183026173,0.005476675897008596,1.2352183183026173
OLS,repr_bkm,rolling_9m_3m,5,32,0,0.004288250145729731,0.005388895244923661,0.7957568204298019,0.004288250145729731,0.7957568204298019
OLS,repr_grid,expanding,1,27,0,-0.0033353357639065748,0.007310216348356091,-0.4562567788649127,-0.0033353357639065748,-0.4562567788649127
OLS,repr_grid,expanding,3,27,0,-0.0012704268214110816,0.010229428253510798,-0.12419333612072248,-0.0012704268214110816,-0.12419333612072248
OLS,repr_grid,expanding,5,27,0,-0.004093996258516508,0.013071155735077873,-0.3132084370726165,-0.004093996258516508,-0.3132084370726165
OLS,repr_grid,rolling_9m_3m,1,32,0,0.008480864649155033,0.004314163254617846,1.9658191284433157,0.008480864649155033,1.9658191284433157
OLS,repr_grid,rolling_9m_3m,3,32,0,0.011472999474044916,0.004575098409788025,2.5077055062901885,0.011472999474044916,2.5077055062901885
OLS,repr_grid,rolling_9m_3m,5,32,0,0.01038473074231491,0.006240543878569408,1.6640746294528934,0.01038473074231491,1.6640746294528934
OLS,repr_grid_raw,expanding,1,27,0,-0.0033331404543422813,0.007311062063649417,-0.45590372853140554,-0.0033331404543422813,-0.45590372853140554
OLS,repr_grid_raw,expanding,3,27,0,-0.0012722950146563936,0.010228526858216926,-0.12438692612263275,-0.0012722950146563936,-0.12438692612263275
OLS,repr_grid_raw,expanding,5,27,0,-0.0040921152542572415,0.013071449028786944,-0.31305750764473567,-0.0040921152542572415,-0.31305750764473567
OLS,repr_grid_raw,rolling_9m_3m,1,32,0,0.0061646416742913625,0.004259981728740158,1.4471051912503123,0.0061646416742913625,1.4471051912503123
OLS,repr_grid_raw,rolling_9m_3m,3,32,0,0.0083276756020915,0.005998068642861104,1.388392847421493,0.0083276756020915,1.388392847421493
OLS,repr_grid_raw,rolling_9m_3m,5,32,0,0.006325394087939541,0.007406190132491746,0.854068552762285,0.006325394087939541,0.854068552762285
OLS,repr_svi,expanding,1,27,0,-0.0033161643857618967,0.007307963908277308,-0.45377405080036987,-0.0033161643857618967,-0.45377405080036987
OLS,repr_svi,expanding,3,27,0,-0.0012665309957006615,0.01022404007890073,-0.12387774166832459,-0.0012665309957006615,-0.12387774166832459
OLS,repr_svi,expanding,5,27,0,-0.004080294216448143,0.013066225245041365,-0.31227796398172575,-0.004080294216448143,-0.31227796398172575
OLS,repr_svi,rolling_9m_3m,1,32,0,0.004785174329486167,0.0041614748044244455,1.1498746368471604,0.004785174329486167,1.1498746368471604
OLS,repr_svi,rolling_9m_3m,3,32,0,0.006256147526514295,0.005929500808649909,1.0550884009304589,0.006256147526514295,1.0550884009304589
OLS,repr_svi,rolling_9m_3m,5,32,0,0.0018124303634393358,0.007626711272502892,0.23764245146840893,0.0018124303634393358,0.23764245146840893
TFT,A,expanding,1,27,0,-0.008385573418395709,0.006743503566687447,-1.2435039642923897,-0.008385573418395709,-1.2435039642923897
TFT,A,rolling_9m_3m,1,32,0,-0.0002453829433304406,0.005258826088358181,-0.04666116338657052,-0.0002453829433304406,-0.04666116338657052
TFT,B,expanding,1,27,0,-0.0005245624466149809,0.006911291951495321,-0.07589933261341782,-0.0005245624466149809,-0.07589933261341782
TFT,B,rolling_9m_3m,1,32,0,-0.0023406936424820784,0.005619813396078688,-0.41650736021152124,-0.0023406936424820784,-0.41650736021152124
TFT,C,expanding,1,27,0,-0.006262152592322778,0.005174595646445591,-1.2101723535875166,-0.006262152592322778,-1.2101723535875166
TFT,C,rolling_9m_3m,1,32,0,-0.008467373212893975,0.004165805552038791,-2.0325896413359836,-0.008467373212893975,-2.0325896413359836
XGBoost,A,expanding,1,27,0,0.013600008905711192,0.0037379974522868957,3.6383141185371186,0.013600008905711192,3.6383141185371186
XGBoost,A,expanding,3,27,0,0.006149650741913114,0.005931218982812246,1.036827464933237,0.006149650741913114,1.036827464933237
XGBoost,A,expanding,5,27,0,0.00421137788566346,0.006454142973537825,0.6525076842781811,0.00421137788566346,0.6525076842781811
XGBoost,A,rolling_9m_3m,1,32,0,0.0007233292703954152,0.004609079410664669,0.1569357361736375,0.0007233292703954152,0.1569357361736375
XGBoost,A,rolling_9m_3m,3,32,0,0.002447655030859897,0.004112207610440085,0.5952167941729846,0.002447655030859897,0.5952167941729846
XGBoost,A,rolling_9m_3m,5,32,0,0.0032427246161859757,0.008522928430268743,0.3804707082450212,0.0032427246161859757,0.3804707082450212
XGBoost,B,expanding,1,27,0,0.004584680631962882,0.0037938748096889127,1.2084427826280364,0.004584680631962882,1.2084427826280364
XGBoost,B,expanding,3,27,0,0.014605918606470716,0.010213792509587026,1.4300191229419519,0.014605918606470716,1.4300191229419519
XGBoost,B,expanding,5,27,0,0.018775345810687384,0.009737063842756922,1.9282348471663497,0.018775345810687384,1.9282348471663497
XGBoost,B,rolling_9m_3m,1,32,0,0.008548096032956937,0.0027952837418638602,3.05804233929296,0.008548096032956937,3.05804233929296
XGBoost,B,rolling_9m_3m,3,32,0,0.007982710856023855,0.004395498742286211,1.8161103720102176,0.007982710856023855,1.8161103720102176
XGBoost,B,rolling_9m_3m,5,32,0,0.011912588081776955,0.006553179588915598,1.8178333006357021,0.011912588081776955,1.8178333006357021
XGBoost,C,expanding,1,27,0,0.008224760083755571,0.00467754988296187,1.7583479149446448,0.008224760083755571,1.7583479149446448
XGBoost,C,expanding,3,27,0,0.006349143946435523,0.006630322119632084,0.9575920795214451,0.006349143946435523,0.9575920795214451
XGBoost,C,expanding,5,27,0,0.007698054740977315,0.007829112032355156,0.9832602610824543,0.007698054740977315,0.9832602610824543
XGBoost,C,rolling_9m_3m,1,32,0,0.007236992115378053,0.0044242873624847365,1.6357418771536723,0.007236992115378053,1.6357418771536723
XGBoost,C,rolling_9m_3m,3,32,0,0.01121374568407744,0.0050591897888969,2.216510182853305,0.01121374568407744,2.216510182853305
XGBoost,C,rolling_9m_3m,5,32,0,0.003772708097424882,0.006012409099345625,0.6274869249724696,0.003772708097424882,0.6274869249724696
XGBoost,D,expanding,1,27,0,0.005277849172962897,0.005167594268451378,1.0213358283920693,0.005277849172962897,1.0213358283920693
XGBoost,D,expanding,3,27,0,0.01184760643220201,0.008047239920377177,1.4722571402651443,0.01184760643220201,1.4722571402651443
XGBoost,D,expanding,5,27,0,0.016718949748900005,0.0086621679268719,1.9301114790252727,0.016718949748900005,1.9301114790252727
XGBoost,D,rolling_9m_3m,1,32,0,0.005968271998777947,0.0023185500856541166,2.57413977627926,0.005968271998777947,2.57413977627926
XGBoost,D,rolling_9m_3m,3,32,0,0.005238403196571328,0.00492749905118459,1.0630957291228693,0.005238403196571328,1.0630957291228693
XGBoost,D,rolling_9m_3m,5,32,0,-0.002510512398478021,0.006482948334214637,-0.3872485586887145,-0.002510512398478021,-0.3872485586887145
XGBoost,candidate_6,expanding,1,27,0,-0.00028553663185278854,0.005866674869828658,-0.04867094873814405,-0.00028553663185278854,-0.04867094873814405
XGBoost,candidate_6,expanding,3,27,0,0.005869905271382862,0.008724015226788309,0.6728444550805571,0.005869905271382862,0.6728444550805571
XGBoost,candidate_6,expanding,5,27,0,0.016247959136450215,0.010820598999620588,1.5015766813851923,0.016247959136450215,1.5015766813851923
XGBoost,candidate_6,rolling_9m_3m,1,32,0,0.0026142041232360973,0.003744401102484199,0.6981634850768845,0.0026142041232360973,0.6981634850768845
XGBoost,candidate_6,rolling_9m_3m,3,32,0,0.012184097442901418,0.00465567111124909,2.617044278205574,0.012184097442901418,2.617044278205574
XGBoost,candidate_6,rolling_9m_3m,5,32,0,0.012450014334108288,0.005972974257054813,2.0843910919929547,0.012450014334108288,2.0843910919929547
XGBoost,repr_bkm,expanding,1,27,0,0.005553834432225217,0.0028991116941775134,1.9157021246816281,0.005553834432225217,1.9157021246816281
XGBoost,repr_bkm,expanding,3,27,0,0.009672715395278697,0.006647384876903909,1.4551158951072904,0.009672715395278697,1.4551158951072904
XGBoost,repr_bkm,expanding,5,27,0,-0.004032605966291148,0.00836432196116699,-0.48211988790165106,-0.004032605966291148,-0.48211988790165106
XGBoost,repr_bkm,rolling_9m_3m,1,32,0,-0.003359250066177071,0.0033486814450011215,-1.0031560545096716,-0.003359250066177071,-1.0031560545096716
XGBoost,repr_bkm,rolling_9m_3m,3,32,0,0.004383720494899134,0.004974286701558306,0.881276202581133,0.004383720494899134,0.881276202581133
XGBoost,repr_bkm,rolling_9m_3m,5,32,0,0.0036883638956667474,0.0071075691003521695,0.5189346517199522,0.0036883638956667474,0.5189346517199522
XGBoost,repr_grid,expanding,1,27,0,0.012220410388544012,0.00522610686423368,2.338339170248852,0.012220410388544012,2.338339170248852
XGBoost,repr_grid,expanding,3,27,0,0.013826036334332992,0.008476593056893853,1.6310841208884668,0.013826036334332992,1.6310841208884668
XGBoost,repr_grid,expanding,5,27,0,0.013041197619013178,0.009794888490261389,1.3314289011027993,0.013041197619013178,1.3314289011027993
XGBoost,repr_grid,rolling_9m_3m,1,32,0,0.0019893344379844384,0.0025182273750570723,0.7899741134135486,0.0019893344379844384,0.7899741134135486
XGBoost,repr_grid,rolling_9m_3m,3,32,0,0.007334607340537696,0.005839448892081934,1.2560444446192753,0.007334607340537696,1.2560444446192753
XGBoost,repr_grid,rolling_9m_3m,5,32,0,0.005332236574174025,0.006763839467568435,0.788344637648672,0.005332236574174025,0.788344637648672
XGBoost,repr_grid_raw,expanding,1,27,0,0.005246268357680759,0.0033633125829036444,1.5598515535988347,0.005246268357680759,1.5598515535988347
XGBoost,repr_grid_raw,expanding,3,27,0,0.009600571149827548,0.006994885663184351,1.3725129490475452,0.009600571149827548,1.3725129490475452
XGBoost,repr_grid_raw,expanding,5,27,0,0.017662409398656938,0.009296799936553446,1.8998375268043932,0.017662409398656938,1.8998375268043932
XGBoost,repr_grid_raw,rolling_9m_3m,1,32,0,0.008330035444586967,0.0034524605719122425,2.4127822088271214,0.008330035444586967,2.4127822088271214
XGBoost,repr_grid_raw,rolling_9m_3m,3,32,0,0.007213396509895694,0.005255235128153,1.3726115642766505,0.007213396509895694,1.3726115642766505
XGBoost,repr_grid_raw,rolling_9m_3m,5,32,0,-0.00044541699240793504,0.006450413204377972,-0.06905247436018909,-0.00044541699240793504,-0.06905247436018909
XGBoost,repr_svi,expanding,1,27,0,0.004115047139156889,0.004503441263716335,0.9137561473958395,0.004115047139156889,0.9137561473958395
XGBoost,repr_svi,expanding,3,27,0,0.010886205872369705,0.006309213442538625,1.725445805807046,0.010886205872369705,1.725445805807046
XGBoost,repr_svi,expanding,5,27,0,-0.004858365458371565,0.009293317302881543,-0.522780542192953,-0.004858365458371565,-0.522780542192953
XGBoost,repr_svi,rolling_9m_3m,1,32,0,0.00197671222582235,0.003024105198999505,0.6536519385887519,0.00197671222582235,0.6536519385887519
XGBoost,repr_svi,rolling_9m_3m,3,32,0,0.0011915654172046718,0.004720756946088195,0.25240982130885803,0.0011915654172046718,0.25240982130885803
XGBoost,repr_svi,rolling_9m_3m,5,32,0,0.007372608334438613,0.00802780879284976,0.9183836492225969,0.007372608334438613,0.9183836492225969
