target,feature_set,lift,n_cells,se_ddof0,se_ddof1
return,B,0.0054758278947711755,12,0.0023047068007745132,0.0024071877452638965
vol,B,0.01222406122937191,12,0.004254079462876644,0.004443241086881043
return,C,0.0028065903422622705,12,0.001838964195113785,0.0019207354588311857
vol,C,0.03577266176779766,12,0.003270128249139504,0.0034155375617082903
return,D,0.002674510800909101,12,0.0016335264235734304,0.001706162704544143
vol,D,0.036248934657051056,12,0.0035453108241728917,0.0037029563874382805
return,candidate_6,0.0014270591795172668,12,0.0029458983053717728,0.0030768904300978845
vol,candidate_6,-0.00042507407801168723,12,0.002653531082297875,0.0027715228248720004
return,repr_svi,-0.002497576406868129,12,0.002423403687251056,0.002531162599866353
vol,repr_svi,0.023501034572927234,12,0.0026448742889852985,0.0027624810991443228
return,repr_grid,0.00351277160470306,12,0.0011412636814496042,0.001192011038964704
vol,repr_grid,0.03328260450274235,12,0.0039050815446762996,0.004078724649678636
return,repr_grid_raw,0.0015957663362620661,12,0.002648429806655426,0.0027661947162346714
vol,repr_grid_raw,0.036676889839095735,12,0.0035129347479278764,0.0036691406786676295
return,repr_bkm,-0.0009712091438446897,12,0.0010961870846892062,0.0011449300691496423
vol,repr_bkm,0.0036608800946187577,12,0.0012730195377229267,0.0013296255426756792
