scheme,horizon,conditioner,unconditional_daily_ic,high_ic,low_ic,diff,iid_high_ci_lo,iid_high_ci_hi,iid_diff_p,mbb10_high_ci_lo,mbb10_high_ci_hi,mbb10_diff_p,mbb21_high_ci_lo,mbb21_high_ci_hi,mbb21_diff_p,mbb63_high_ci_lo,mbb63_high_ci_hi,mbb63_diff_p
expanding,3,VIX,0.00883851654368693,0.007697714872030758,0.007545593885858542,0.00015212098617221632,-0.017372436179141203,0.03271004697052608,0.9948,-0.026709593147772902,0.040180093044979825,0.999,-0.02365777251487472,0.039024351519718954,0.973,-0.017361038301974132,0.03403556221467488,0.9705
expanding,3,VRP,0.00883851654368693,0.031244050215448627,-0.002473823025283506,0.03371787324073213,0.016485775577706457,0.04648216798651933,0.0024,0.00904271878314217,0.05345942729682611,0.005,0.007928787850944283,0.054535136607098564,0.004,0.008192645253338042,0.053657129765014584,0.0015
expanding,3,EARN,0.00883851654368693,0.023981446514075293,0.007053903503805944,0.016927543010269348,-0.00789395387579069,0.05615003798701843,0.318,-0.022995706341495125,0.06753156044550165,0.495,-0.02263944953902102,0.06696748854520014,0.4815,-0.021957138718519738,0.06609390763360666,0.4685
expanding,5,VIX,0.015854641036413927,0.016009410062032794,0.014413653793487429,0.001595756268545365,-0.011104577897930358,0.04359623897823649,0.916,-0.034135151650431905,0.06495163118140321,0.906,-0.031171778145154972,0.06070088143658008,0.8815,-0.02235535461772093,0.05308807663794154,0.9035
expanding,5,VRP,0.015854641036413927,0.027797495124370648,0.015609013391871627,0.01218848173249902,0.013186822440958763,0.041876865357931205,0.2316,0.0002475953799187349,0.05323508121990054,0.4375,0.0003105017532795595,0.05478484279411323,0.414,-0.002573735942097702,0.05848439918895695,0.4685
expanding,5,EARN,0.015854641036413927,0.0634913882436597,0.012297956036961932,0.05119343220669777,0.030906970171563783,0.09697996779962571,0.0024,0.010626941802398324,0.1136217207413049,0.058,0.007306366512786171,0.11417505579615059,0.071,0.00580482005961367,0.11586871471977331,0.109
rolling_9m_3m,3,VIX,0.008304406036141892,0.01132823957570262,0.008127127374980638,0.0032011122007219815,-0.014754751307618167,0.03776886891105315,0.812,-0.0235305322734641,0.04806510778873312,0.8895,-0.020284385240020908,0.04353574948351816,0.8785,-0.011558017413215264,0.038457377429423574,0.899
rolling_9m_3m,3,VRP,0.008304406036141892,0.023103632551194037,-0.010418785072146794,0.03352241762334083,0.01041464681702104,0.03563977531327935,0.0012,0.006157771764903532,0.04153763043935971,0.001,0.00706401923703637,0.04166074609758146,0.0015,0.008132849443865806,0.040354378285256017,0.0015
rolling_9m_3m,3,EARN,0.008304406036141892,-0.0029822104244825345,0.008726693969979774,-0.01170890439446231,-0.03219495600712746,0.02600020476751718,0.4404,-0.03712544722123338,0.0314287391527206,0.4935,-0.033319309728311444,0.03061008169154732,0.524,-0.033171448968658306,0.03024652340698464,0.526
rolling_9m_3m,5,VIX,-0.001734417241702143,0.013390890061681782,-0.010205876733987637,0.023596766795669417,-0.011999513965685231,0.03909049512903941,0.1284,-0.03284827737869492,0.05960055655074165,0.3955,-0.030112860865140898,0.06409024858168168,0.3765,-0.01954483089235169,0.051827724256313455,0.272
rolling_9m_3m,5,VRP,-0.001734417241702143,0.019036326521702156,-0.017529019261942672,0.03656534578364483,0.006328454486040968,0.031411954549062565,0.0,-0.0018711277424106549,0.04048608429238142,0.0025,-0.0009393948768324608,0.04070873997560965,0.0055,-0.0021296397651585017,0.043796653039024885,0.0045
rolling_9m_3m,5,EARN,-0.001734417241702143,0.0098795749873475,-0.003186488236579893,0.013066063223927393,-0.01955013522611158,0.04096884558098805,0.4084,-0.03259582179988509,0.05518652209657596,0.558,-0.02992206416671644,0.056450450882102585,0.4855,-0.02845710325220267,0.054759697274802004,0.4765
