target,model,feature_set,scheme,horizon,n_windows_primary,ic_primary,nw_se_primary,t_primary,ic_stocks_primary,t_stocks_primary,ic_pooled_primary,t_pooled_primary,n_windows_pooled_defined_primary,ic_pooled0_primary,t_pooled0_primary,share_constant_dates_primary,oos_r2_mean_primary,indicators_mean_primary,n_windows_unfiltered,ic_unfiltered,nw_se_unfiltered,t_unfiltered,ic_stocks_unfiltered,t_stocks_unfiltered,ic_pooled_unfiltered,t_pooled_unfiltered,n_windows_pooled_defined_unfiltered,ic_pooled0_unfiltered,t_pooled0_unfiltered,share_constant_dates_unfiltered,oos_r2_mean_unfiltered,indicators_mean_unfiltered,d_ic
return,ElasticNet,A,expanding,1,27,0.0,0.0,,0.0,,,,0,0.0,,1.0,0.0,7.0,27,0.0,0.0,,0.0,,,,0,0.0,,1.0,0.0,7.0,0.0
return,ElasticNet,A,expanding,3,27,0.013725431977953916,0.006083609936374675,2.256132809549116,0.013466675643079976,2.1285473823085987,0.017011878753731068,2.014653454854719,22,0.013861530836373462,1.9682475769154133,0.18518518518518517,0.0002460745499202896,7.0,27,0.01337056469055391,0.005593514471646802,2.39036919602667,0.013592378313456277,2.2383606533818132,0.01614276728358013,2.2268652000626066,26,0.015544887013817905,2.3349042681824255,0.037037037037037035,0.0004064910766981075,7.0,-0.00035486728740000487
return,ElasticNet,A,expanding,5,27,0.0021364715254132585,0.005686209906718018,0.3757285714846909,0.002093962488270245,0.34009359008703793,0.001753340675664607,0.14348405151174046,15,0.0009740781531470038,0.17253274204015967,0.4444444444444444,-0.0005693067043641364,7.0,27,0.005159244644804096,0.004381173307441812,1.1775942841705578,0.005263029236262075,1.1360760975617754,0.010724577481044854,0.9444959622514906,17,0.0067525117473245366,1.149327327564292,0.37037037037037035,0.0006315985704944037,7.0,0.0030227731193908374
return,ElasticNet,A,rolling_9m_3m,1,32,0.0022280204851262537,0.002176821308630402,1.023520155877225,0.0023828563345119004,1.0115637307898502,0.004407957125974739,1.2869307779504109,18,0.0024794758833607913,1.2877226570552944,0.4375,8.858183265354714e-05,1.25,32,0.0022529676264761724,0.002177047450643329,1.0348730000397595,0.0022006464210537406,0.9610834716283638,0.004259062833654374,1.1979836187544495,18,0.002395722843930584,1.2594052809500529,0.4375,7.584658986860643e-05,1.25,2.494714134991874e-05
return,ElasticNet,A,rolling_9m_3m,3,32,0.003129831142937172,0.003041113036956578,1.0291729064005395,0.0035613324466840027,1.0520742594944876,0.0058640624891827505,0.5077296181804906,10,0.0018325195278696097,0.5217591794999376,0.6875,-0.0012649249457077907,1.25,32,0.003699306773167085,0.00322164017380386,1.1482681409448758,0.0040602046241144055,1.1502553860022489,0.005071734389489242,0.5373147127937904,12,0.001901900396058466,0.524720667919895,0.625,-0.0019747506478798157,1.25,0.0005694756302299128
return,ElasticNet,A,rolling_9m_3m,5,32,0.004170019202605178,0.0031494725519196523,1.3240373217615395,0.00471314746369495,1.3974491058503078,0.03944478334833347,,4,0.004930597918541684,1.540758638689942,0.8754960317460317,0.0008763797019263563,1.25,32,-0.0008145887933090532,0.0032864511365144813,-0.247862742962606,-0.0003747735088505751,-0.1061621465614421,-0.008965881935525439,-1.7118112626143167,5,-0.0014009190524258495,-0.3516109412957687,0.84375,-0.0034079919060873536,1.25,-0.0049846079959142316
return,ElasticNet,B,expanding,1,27,0.0006243841661548332,0.0005712425158111716,1.0930281778277653,0.0007440975372488742,1.0930281778277655,0.006021790383062,,1,0.00022302927344674072,1.0930281778277655,0.9629629629629629,1.5523759442085184e-05,12.555555555555555,27,-0.0011584228060975519,0.003794801107076294,-0.30526575001187856,-0.0014129282643592627,-0.32140903446554864,-0.002456970473699535,-0.42159648881816947,17,-0.0015469814093663741,-0.42015297905124604,0.40505584950029394,-0.00020577433270028126,17.666666666666668,-0.001782806972252385
return,ElasticNet,B,expanding,3,27,0.016398587366661988,0.010899187883481752,1.504569656195655,0.017506542222071698,1.4731454513626394,0.01831255132002951,1.6327778513138185,27,0.01831255132002951,1.6327778513138185,0.0,0.0002339670073111547,12.481481481481481,27,0.02185806404449693,0.011252217016099575,1.9425562103203842,0.02298382602218099,1.861375258563064,0.02027186970543848,1.7670323455151713,27,0.02027186970543848,1.7670323455151713,0.0,0.0008113480013607435,17.555555555555557,0.005459476677834942
return,ElasticNet,B,expanding,5,27,0.013019496976806814,0.010670320130288643,1.2201599218986716,0.012959060347877518,1.0938208800096156,0.015153493982161264,1.1642169584246416,24,0.01346977242858779,1.217395198983926,0.1111111111111111,0.0005831271495026778,12.481481481481481,27,0.019309332969882295,0.012246502920393308,1.5767221953401662,0.02041117451771089,1.5034348901043983,0.020720985328080102,1.5967075699612356,27,0.020720985328080102,1.5967075699612356,0.0,0.0016754454234136887,17.555555555555557,0.00628983599307548
return,ElasticNet,B,rolling_9m_3m,1,32,0.0036641457940621187,0.00337747470135674,1.084877347146441,0.004102335681371506,1.0675690220772134,0.00952606219838169,1.0624976433247526,11,0.003274583880693706,0.9619619725921195,0.65625,2.6822296978862822e-05,4.59375,32,0.004739724153827597,0.0031141231865641768,1.5220092044775377,0.005206757277885213,1.4672541394094876,0.013704147457046173,2.766022901661952,10,0.004282546080326927,1.412879237154749,0.6875,0.0001185559882871815,6.40625,0.0010755783597654785
return,ElasticNet,B,rolling_9m_3m,3,32,0.011915251836766512,0.006697907854178575,1.7789512928776752,0.012255145360613942,1.7475113581683166,0.01915499562245268,1.8994283288686749,19,0.01137327865083128,1.7124523634181374,0.40625,-0.002958201433425547,4.5625,32,0.014163594424245975,0.005226445737138801,2.7099859324282938,0.014192699819214552,2.5047442092611583,0.023290773692249193,2.8893490463628373,19,0.01382889687977296,2.584219933468217,0.40625,-0.002732371343402175,6.375,0.002248342587479463
return,ElasticNet,B,rolling_9m_3m,5,32,0.006556523573047184,0.005025999527429607,1.304521327004644,0.007581978024310938,1.4128545663984065,0.016470437642508256,1.3532413254359146,14,0.007205816468597362,1.3958637965102678,0.5629960317460317,-0.007247219363181591,4.5625,32,0.01357085562870015,0.0050622294270388805,2.6808061199704136,0.01397450767062074,2.5861806864700654,0.024571072809830077,1.9930925430678477,16,0.012285536404915039,2.595306352494916,0.5,-0.0064654998481083106,6.375,0.0070143320556529665
return,ElasticNet,C,expanding,1,27,0.0,0.0,,0.0,,,,0,0.0,,1.0,0.0,17.555555555555557,27,-0.00033337445590429256,0.0012593072451679032,-0.2647284506489469,-0.0007285448186503445,-0.47942721174768643,0.000479591897389749,0.09312064488752582,6,0.00010657597719772213,0.08283925776105365,0.8124632569077014,-6.18814446494516e-05,24.666666666666668,-0.00033337445590429256
return,ElasticNet,C,expanding,3,27,0.010232285436176698,0.011262857387478379,0.9084981798271341,0.010175896367460835,0.832945747608051,0.011616056103584405,1.0366370842600503,26,0.01118583180345165,1.0374786879910474,0.037037037037037035,0.0003558484142634176,17.48148148148148,27,0.011005993512943053,0.010881787291842724,1.0114141379324182,0.011016836992579463,0.9292630887370877,0.012865276003844826,1.1625102486121834,26,0.012388784299998722,1.1545014140168914,0.037037037037037035,0.0004589487506166705,24.555555555555557,0.0007737080767663551
return,ElasticNet,C,expanding,5,27,0.007960730077420129,0.010175047195376633,0.782377705435838,0.00785967351060201,0.6965214440762221,0.010109095781473147,0.8891861521550257,24,0.008985862916865019,0.9147960524741225,0.1111111111111111,0.000457819878784263,17.48148148148148,27,0.011892619919700032,0.010306376448015301,1.153908939740911,0.012369525905246261,1.0702282030464667,0.01514442404166414,1.3166667306216253,25,0.014022614853392722,1.3319473496404872,0.07407407407407407,0.0008923512957770739,24.555555555555557,0.003931889842279903
return,ElasticNet,C,rolling_9m_3m,1,32,0.0001319503214588659,0.0032748485595442177,0.0402920376498968,0.0003252053197109905,0.089263227433389,-3.381225626409861e-05,-0.004036638595304316,14,-1.4792862115543793e-05,-0.004698141986859085,0.5625,-0.0003272870255054981,5.78125,32,0.004502724798228247,0.003353936892209323,1.3425192372245824,0.004606104399412619,1.277540833941341,0.007499626028918947,1.6726648018387662,15,0.0035154497010557563,1.0334102571438155,0.53125,5.820853520542385e-05,7.65625,0.004370774476769381
return,ElasticNet,C,rolling_9m_3m,3,32,0.009237456117002402,0.004347459400667437,2.12479410746981,0.009263654471817838,2.001753710228032,0.016873643735458778,1.9686000702579405,16,0.00843682186772939,1.677073214318378,0.5,-0.003432847235762209,5.75,32,0.009139131251565496,0.004973221762545366,1.837668153146655,0.009094265696709306,1.71127815412746,0.01858380772042338,1.7627473330491363,15,0.00871115986894846,1.5650908711109486,0.53125,-0.003943439284390574,7.625,-9.83248654369065e-05
return,ElasticNet,C,rolling_9m_3m,5,32,-0.0011842309211064213,0.006674328787648013,-0.17743071382669118,-0.0003447953930208966,-0.048497832693844195,0.004138209313315435,0.20586583424567154,11,0.0014225094514521805,0.20355441199394528,0.6567460317460317,-0.00900998536925275,5.75,32,0.0034222541124481025,0.006539484672810721,0.5233216810916067,0.0037803968579470586,0.5418353175107605,0.01166172424895332,0.8301382129093513,14,0.005102004358917079,0.753993856519773,0.5625,-0.009301237872305046,7.625,0.004606485033554524
return,ElasticNet,D,expanding,1,27,0.0,0.0,,0.0,,,,0,0.0,,1.0,0.0,14.0,27,0.00017104529050012955,0.0012291694637595716,0.13915517391472265,-0.0002006296948966518,-0.14201521558831273,-0.0010168285470881985,-0.06881059778547699,3,-0.00011298094967646664,-0.08588681715389394,0.8888888888888888,2.1796413555126845e-06,14.0,0.00017104529050012955
return,ElasticNet,D,expanding,3,27,0.012130661303770194,0.010394574853948006,1.1670185143900136,0.012596949305223383,1.088316056848072,0.015150277582667961,1.4018118104314885,27,0.015150277582667961,1.4018118104314885,0.0,0.0005613311299072723,14.0,27,0.01302041696813261,0.010416630328838683,1.2499643893558634,0.013545529412544596,1.1570902968218524,0.014900492666423947,1.4002795924485754,27,0.014900492666423947,1.4002795924485754,0.0,0.0008476366840749998,14.0,0.0008897556643624165
return,ElasticNet,D,expanding,5,27,0.00873440970694008,0.010742557290867732,0.8130661508656991,0.008908732762590304,0.7408489727016317,0.011416695253636705,0.9582968821186935,25,0.01057101412373769,0.9565080749671553,0.07407407407407407,0.0005063564579292332,14.0,27,0.010192242669320128,0.010918839895818825,0.9334547228980861,0.010423605184832633,0.8500322649005441,0.013225508026374322,1.1017015711256628,25,0.012245840765161406,1.0680265786133452,0.07407407407407407,0.000871135693768541,14.0,0.001457832962380048
return,ElasticNet,D,rolling_9m_3m,1,32,-0.0007658647785255971,0.003559088819091201,-0.2151856324622878,-0.0006864765015513062,-0.17057108284031827,-0.001206708007644594,-0.15340470228527334,16,-0.000603354003822297,-0.16736674880410704,0.5,-0.0002121612482598902,8.25,32,0.0024305148234698083,0.003221429895097526,0.7544832272056091,0.0025031849141651033,0.71259019589886,0.0038243216709069757,0.5986229094840306,16,0.001912160835453488,0.6191938495997402,0.5,-0.00045640151877313095,8.25,0.0031963796019954054
return,ElasticNet,D,rolling_9m_3m,3,32,0.008676282925904156,0.004462878320660111,1.9441002650103247,0.008763046892392152,1.8914624873880932,0.017594915556517154,1.663092263783596,14,0.007697775555976257,1.3839552895494378,0.5625,-0.0012853837125964315,8.25,32,0.00935259014963865,0.004354688779925587,2.1477057540260014,0.009431418101530878,2.0885953168581937,0.016896593791449567,1.6434385141592314,15,0.007920278339741984,1.434425971940348,0.53125,-0.0021278024326547127,8.25,0.0006763072237344937
return,ElasticNet,D,rolling_9m_3m,5,32,0.00576518144614648,0.004659851173542242,1.237202913020076,0.006248197403207751,1.2400265337369076,0.03126773709818455,1.9670107437436566,7,0.00683981749022787,1.1639752097912488,0.78125,-0.00288819058638255,8.25,32,0.0065816251982967235,0.004751006680390305,1.3853117120340546,0.0071033915958727935,1.3641754042439243,0.034257335759741284,2.2223381672288753,7,0.007493792197443406,1.2599892955959326,0.78125,-0.0030156283861218717,8.25,0.0008164437521502432
return,ElasticNet,candidate_6,expanding,1,27,0.0025002611357310377,0.002041473954242846,1.2247333014142467,0.0026151690880713654,1.1126741516113687,0.005338542798981893,0.8554724751472396,11,0.002174961881066697,0.769378157289706,0.5925925925925926,-3.379383375265535e-05,3.888888888888889,27,0.0035846999157769822,0.004312466403078633,0.8312412389387881,0.003813310066247497,0.7759857307788725,0.003279966000559936,0.6016664701764438,22,0.002672564889345133,0.5981598278069282,0.18518518518518517,0.00013599858520844143,6.0,0.0010844387800459446
return,ElasticNet,candidate_6,expanding,3,27,0.014041380897952102,0.010542893825889172,1.3318336625445313,0.014977216544486109,1.3101955224467237,0.0158251565318801,1.3832887672126002,26,0.01523903962329195,1.4432173616664459,0.037037037037037035,0.00021250244779991902,3.8518518518518516,27,0.017537139939519726,0.010774533320555599,1.627647288079054,0.018225679835665906,1.545589664902546,0.01775642470948542,1.5891752999112199,27,0.01775642470948542,1.5891752999112199,0.0,0.0008192767942978962,6.0,0.0034957590415676237
return,ElasticNet,candidate_6,expanding,5,27,0.023103478399723154,0.012573999884495741,1.8374008757714952,0.023959560495763525,1.7392964129121709,0.022539385936355696,1.6919103902456967,27,0.022539385936355696,1.6919103902456967,0.0,0.0013184483132736371,3.8518518518518516,27,0.02292094282852071,0.01289618839200903,1.7773424310956405,0.023729069446687782,1.6778892151282314,0.021784618129079367,1.5959723294767025,27,0.021784618129079367,1.5959723294767025,0.0,0.0017562041186507445,6.0,-0.00018253557120244401
return,ElasticNet,candidate_6,rolling_9m_3m,1,32,0.0070971865786735415,0.0030655424786254436,2.3151486655816442,0.006768648366116551,2.1739428372553413,0.00955853942376765,1.865899658748954,18,0.005376678425869303,1.9171941326604618,0.4375,-0.0014440028049009204,0.34375,32,0.008537447272435378,0.003023148988651518,2.824024652600243,0.008708574810924236,2.655473419479159,0.01739295049380897,5.865344025264041,13,0.007065886138109894,2.668444331892766,0.59375,-0.0009007276915476803,1.625,0.0014402606937618367
return,ElasticNet,candidate_6,rolling_9m_3m,3,32,0.019517035566691016,0.004622183685361334,4.222470783344755,0.018934651836855936,3.6918189674809723,0.023131665383179106,3.3164884930578307,21,0.015180155407711289,3.3359735706002187,0.34375,-0.0018947547273243997,0.3125,32,0.02199995453059769,0.004641215734270538,4.740127542047005,0.021473731973895023,4.219958520863747,0.024957097640688784,3.8323421028319222,21,0.016378095326702015,3.281751983914612,0.34375,-0.0032175083763563723,1.59375,0.002482918963906674
return,ElasticNet,candidate_6,rolling_9m_3m,5,32,0.022902274100518108,0.006772822749819955,3.3814961569940585,0.02256845568617944,3.171904522008491,0.027085882189334137,2.424259054435681,21,0.01777511018675053,2.7147555075720833,0.34424603174603174,-0.0053604814051933245,0.3125,32,0.023117438687273804,0.006402262481291931,3.6108233229776716,0.022852402606041818,3.319877979125944,0.028297573016607964,2.8136726993725807,20,0.017685983135379977,2.8956241245541934,0.375,-0.004411484556866078,1.59375,0.00021516458675569644
return,ElasticNet,repr_bkm,expanding,1,27,0.0,0.0,,0.0,,,,0,0.0,,1.0,0.0,8.0,27,0.0,0.0,,0.0,,,,0,0.0,,1.0,0.0,8.0,0.0
return,ElasticNet,repr_bkm,expanding,3,27,0.013815522351122721,0.00611108741743886,2.26073060445808,0.01356587051020776,2.133886027994359,0.017012790477754055,2.0147685268985125,22,0.013862273722614414,1.9683320587216964,0.18518518518518517,0.0002460745110160004,8.0,27,0.011091238289477267,0.005589137950566709,1.9844273638571892,0.011097315300798424,1.7890860341926262,0.014531194302833086,1.9508307383723655,25,0.013454809539660263,2.0093091310129214,0.07407407407407407,0.00019900171707131856,8.0,-0.002724284061645455
return,ElasticNet,repr_bkm,expanding,5,27,0.0010421686347405219,0.005468662655749056,0.19057102263291345,0.00097676004269299,0.15909293530240434,0.0051618718945132605,0.5154767385655623,17,0.0032500674891379777,0.5543682800456632,0.37037037037037035,4.507616066411408e-06,8.0,27,0.004623027791332271,0.004263301447791179,1.0843774121877932,0.005697343368288347,1.1150492050803054,0.009641330851290006,1.092712156613284,20,0.007141726556511115,1.203436323084127,0.25925925925925924,0.0006087651487176741,8.0,0.0035808591565917487
return,ElasticNet,repr_bkm,rolling_9m_3m,1,32,0.002196546263849288,0.0021712446756209434,1.0116530340925804,0.002361950035158066,1.004290500043737,0.004402791981439661,1.284533847423636,18,0.00247657048955981,1.2861078597499107,0.4375,8.857467366526117e-05,2.25,32,0.0012928538928994224,0.00197803961848227,0.6536036390875811,0.0012336913277339314,0.5994224794579235,0.0029635596643652574,0.7275671372000827,18,0.0016670023112054563,0.8563570176893741,0.4375,7.412592264291579e-05,2.25,-0.0009036923709498657
return,ElasticNet,repr_bkm,rolling_9m_3m,3,32,0.0015546695285352337,0.003329280357478024,0.46696864235035984,0.0019765298916802534,0.5357091265219432,0.0014499099205037083,0.13373804850516566,12,0.0005437162201888902,0.13920438677493735,0.625,-0.0023667238957771532,2.25,32,0.00334792089034151,0.003731697750335448,0.8971575712530739,0.0037092683283304817,0.9203926193533791,0.0037527462125232407,0.4121119633774395,15,0.0017590997871202692,0.4103357126289922,0.53125,-0.0031937056941247063,2.25,0.0017932513618062764
return,ElasticNet,repr_bkm,rolling_9m_3m,5,32,-0.0025726053272654066,0.003686179304555558,-0.6979056401532223,-0.001686117702663816,-0.43156011229320396,-0.010179121219141819,-0.38563627913674275,5,-0.001590487690490909,-0.3807125466264289,0.8442460317460317,-0.003286757970898469,2.25,32,-0.0016622783464340187,0.003325186672964361,-0.4999052714692012,-0.0009272911666313903,-0.25339707567703457,-0.006612398844929718,-0.37616849958035675,6,-0.0012398247834243224,-0.33085856495444865,0.8125,-0.0034332423495077626,2.25,0.0009103269808313878
return,ElasticNet,repr_grid,expanding,1,27,0.001424211894940911,0.0012727977132061055,1.1189617015836726,0.001583148994784963,1.1143032585130885,0.014471877673105767,4.673821852335334,3,0.001607986408122863,1.137748318075556,0.8888888888888888,6.228235664795554e-05,12.0,27,-0.001376968529943185,0.0045721043982781765,-0.30116734221155184,-0.002026171595950926,-0.40007955715530946,4.679014587793973e-05,0.006007697959861555,15,2.5994525487744293e-05,0.00613492509129677,0.4444444444444444,-0.0003075415188585503,12.0,-0.002801180424884096
return,ElasticNet,repr_grid,expanding,3,27,0.008991942841312621,0.011058137638372639,0.8131516477159633,0.009192224572086072,0.7533050360379488,0.011184383919042883,0.9945215704606868,26,0.01077014747759685,0.9830172310399008,0.037037037037037035,0.0004762676344830952,12.0,27,0.015070420020369861,0.010299622144045116,1.4632012523957547,0.015606873389978808,1.3449431452853033,0.01655858950191066,1.5299326014761312,27,0.01655858950191066,1.5299326014761312,0.0,0.0008669762841474705,12.0,0.00607847717905724
return,ElasticNet,repr_grid,expanding,5,27,0.011272913292465202,0.010092092228189155,1.1170045851322867,0.011540569240449484,0.9933208282896111,0.012697736152141937,1.1704572250971261,26,0.012227449627988536,1.1942767991115464,0.037037037037037035,0.0005364463573584221,12.0,27,0.012945720283710906,0.010455862015315382,1.2381303678977846,0.013225079982716962,1.1011109901182707,0.014218003256725684,1.2874886376318238,26,0.013691410543513622,1.274664746312386,0.037037037037037035,0.0006848263543936808,12.0,0.0016728069912457042
return,ElasticNet,repr_grid,rolling_9m_3m,1,32,0.00258235819410951,0.00380028635803346,0.6795167392190432,0.003015715250228147,0.713965434638383,0.005249949827242027,0.9794806110503552,19,0.0031171577099249536,0.9392805874126847,0.40625,9.165133060314185e-05,6.25,32,0.006845340785881346,0.002876669257726236,2.3796064728317115,0.007531520390116994,2.3497078411021426,0.010858464885451087,2.81491915333095,17,0.005768559470395891,2.118212436865185,0.46875,-0.00023090098262058906,6.25,0.004262982591771837
return,ElasticNet,repr_grid,rolling_9m_3m,3,32,0.009477583055196394,0.0050402556804864905,1.8803774363846575,0.009739866710414397,1.8221531413859322,0.01817495963537718,1.782680797952777,14,0.007951544840477515,1.4393466761932576,0.5625,-0.0013491968535599063,6.25,32,0.009881468416316447,0.0052403816727450295,1.8856390685643156,0.010117589699356607,1.8238983444344856,0.015286795491761018,1.5951666540950475,16,0.00764339774588051,1.3489772643297897,0.5,-0.0023774890982475815,6.25,0.00040388536112005366
return,ElasticNet,repr_grid,rolling_9m_3m,5,32,0.0028031549905349127,0.005989491145437368,0.4680122104647037,0.003580584359159256,0.5562376529771151,0.012682401462239621,0.7045768152722236,9,0.0035669254112548933,0.5416492882028542,0.71875,-0.005102085247150394,6.25,32,0.005796903555889521,0.00636102793655396,0.9113155316576004,0.006658556564571594,0.970254166740293,0.021682813092406536,1.2841015023906042,9,0.006098291182239338,0.8437320477012354,0.71875,-0.004745994062349847,6.25,0.0029937485653546082
return,ElasticNet,repr_grid_raw,expanding,1,27,0.0004179819252082778,0.00040858635059042703,1.0229953218071866,0.00037328736692787034,1.0229953218071866,0.0092160200694996,,1,0.00034133407664813336,1.0229953218071866,0.9629629629629629,-3.9316097775648154e-05,7.0,27,0.0018111662391488482,0.0020258560725251633,0.8940251302706261,0.0017234662733162927,0.734910662952095,0.003976007331510562,0.7912893849764915,8,0.0011780762463735,0.5964370694422635,0.7037037037037037,0.00013455551923311239,8.0,0.0013931843139405704
return,ElasticNet,repr_grid_raw,expanding,3,27,0.009945674030859926,0.009490183742523469,1.047995939877908,0.009933263730142227,0.9276628965882845,0.011716009863796468,1.1215437591730009,26,0.011282083572544746,1.1560742508795516,0.037037037037037035,0.00039307152654813543,7.0,27,0.014343541120650175,0.008306004840810344,1.7268881243814447,0.014525274092885124,1.5322270151272808,0.014759507946015953,1.5607309724875118,27,0.014759507946015953,1.5607309724875118,0.0,0.0008176146653000556,8.0,0.00439786708979025
return,ElasticNet,repr_grid_raw,expanding,5,27,0.010935315141760058,0.009137360653860801,1.1967695657432071,0.011011928691516645,1.0377294720796564,0.013016998402023318,1.3042428333329183,26,0.012534887350096531,1.3435354018382288,0.037037037037037035,0.0004886302473916778,7.0,27,0.012611434608550314,0.009235842547799319,1.3654882641492538,0.012778188034700948,1.1934650069086503,0.01458048169328535,1.4838241649295845,26,0.014040463852793299,1.4707342333692646,0.037037037037037035,0.0005809364203757223,8.0,0.001676119466790256
return,ElasticNet,repr_grid_raw,rolling_9m_3m,1,32,0.0008814778742122691,0.0033048344116079257,0.26672376416687005,0.001122420032033944,0.30910248195721635,0.0014230947380373523,0.24291272625892268,19,0.0008449625007096777,0.25841764939192874,0.40625,-0.00034943596602403924,1.25,32,0.005579316779922101,0.003460246517911203,1.6124044200440628,0.005740519267116133,1.490174758252624,0.0081296842515738,1.678180342521692,19,0.004827000024371943,1.418050495886121,0.40625,-0.0009936091809494283,2.25,0.004697838905709832
return,ElasticNet,repr_grid_raw,rolling_9m_3m,3,32,0.006282801746377326,0.0041862052607379375,1.5008346115521827,0.0065716232043170585,1.435531392379105,0.008373153611752723,0.8873104598218827,14,0.003663254705141816,0.7310986315711234,0.5625,-0.002186571560904416,1.25,32,0.009497485922091414,0.004308041460111776,2.204594828074146,0.00963183120138007,1.9877423243590013,0.011168588112289393,1.3248245265237861,17,0.00593331243465374,1.2297431881396539,0.46875,-0.002940796339296921,2.25,0.003214684175714088
return,ElasticNet,repr_grid_raw,rolling_9m_3m,5,32,0.008400743126468975,0.004223294766593866,1.9891443980937817,0.009214109607335931,2.0048719103266013,0.03766589674846424,4.7997819608463885,8,0.00941647418711606,2.3428192376325665,0.7504960317460317,-0.0005624044784901061,1.25,32,0.012042329330203447,0.0048197141377559335,2.498556757934688,0.012352314381792635,2.425588556415889,0.032417764629244214,2.599607415990789,10,0.010130551446638818,1.9039233353060083,0.6875,-0.0033603173347659934,2.25,0.0036415862037344725
return,ElasticNet,repr_svi,expanding,1,27,0.0,0.0,,0.0,,,,0,0.0,,1.0,0.0,9.0,27,-0.0013006463648246,0.0011899476987038387,-1.0930281778277657,-0.0015203393768626334,-1.0930281778277655,-0.0286017117893597,,1,-0.0010593226588651741,-1.0930281778277655,0.9629629629629629,5.51927892759411e-07,9.0,-0.0013006463648246
return,ElasticNet,repr_svi,expanding,3,27,0.0068930706848397616,0.010810818199229796,0.6376086025876238,0.006485328194941926,0.5678569202271543,0.012399137498389045,1.1687974392027638,26,0.011939910183633894,1.109191016162078,0.037037037037037035,0.00030511127539277033,9.0,27,0.009590366274388265,0.010864392281997821,0.8827337991356771,0.009089071068690243,0.7982540091174348,0.015045570991035715,1.412185407978169,26,0.014488327620997355,1.3701242005218088,0.037037037037037035,0.000575033658401329,9.0,0.0026972955895485035
return,ElasticNet,repr_svi,expanding,5,27,0.006600422719324007,0.011499911918062093,0.5739541977671319,0.006799022828132534,0.5596558454098353,0.012445057770731384,1.1020519453609834,26,0.01198412970514874,1.0692836578413567,0.037037037037037035,0.0003830963416636518,9.0,27,0.008927458116436908,0.010764438126671298,0.8293473390234032,0.009377154180654058,0.821023471172829,0.014430030235179572,1.3862025047467748,26,0.013895584670913662,1.312404403685984,0.037037037037037035,0.000664499511598411,9.0,0.0023270353971129006
return,ElasticNet,repr_svi,rolling_9m_3m,1,32,-0.0008640791489812221,0.0032541399974780004,-0.26553226033633903,-0.0006556642830670032,-0.18055287306386572,-0.0014865214409010563,-0.21342453307429152,16,-0.0007432607204505277,-0.24050830156187425,0.5,-0.00047858930727205705,3.25,32,0.001019867283742874,0.002507215883241212,0.4067728234173585,0.001214417773518212,0.44224651793485054,0.0007179232367525443,0.13263061871295678,16,0.0003589616183762716,0.1487231976902071,0.5,-0.00043766124986820154,3.25,0.0018839464327240962
return,ElasticNet,repr_svi,rolling_9m_3m,3,32,0.0055093629936972775,0.0041789179371286185,1.318370706624314,0.005769314237754421,1.2879400380827444,0.013789295846211138,1.1554046912210663,11,0.004740070447135078,0.8878857534373041,0.65625,-0.0004231433304845844,3.25,32,0.009527498863963106,0.004924878716834947,1.9345651764773018,0.009533718782660896,1.8560596009862524,0.013822892240661473,1.278606801965456,17,0.007343411502851408,1.197565834430729,0.46875,-0.0020817987910036655,3.25,0.004018135870265829
return,ElasticNet,repr_svi,rolling_9m_3m,5,32,0.0022497306915797593,0.004102562922440308,0.5483720138146139,0.0026434865299420508,0.591699692504991,0.01248944412457539,0.5344477739340882,7,0.0027320659022508666,0.5318847412140362,0.78125,-0.003412633902224122,3.25,32,0.004160259710741878,0.0040174015401180305,1.0355598436445193,0.004677481040262991,1.0539366275311688,0.02158638082645473,1.4356014654305518,6,0.004047446404960262,0.7819840238840666,0.8125,-0.0031051931399322156,3.25,0.0019105290191621187
return,OLS,A,expanding,1,27,0.01093426746491504,0.004725366981356314,2.313950960434526,0.011088373207927238,2.256286677420937,0.007595469653659011,1.7075270643911666,27,0.007595469653659011,1.7075270643911666,0.0,-0.0012249639302343957,7.0,27,0.013360448676547529,0.0048222468819550685,2.770585787829022,0.013432355052167553,2.6115097773857308,0.010531838988999424,2.30291562277889,27,0.010531838988999424,2.30291562277889,0.0,-0.0010665019749063554,7.0,0.002426181211632489
return,OLS,A,expanding,3,27,0.01577123032132953,0.007676901419072724,2.0543744748560937,0.016155259528334506,1.9848975549301102,0.011773646453015017,1.520294509489595,27,0.011773646453015017,1.520294509489595,0.0,-0.003838086656089689,7.0,27,0.017720040227995282,0.007835313516158402,2.2615610966239026,0.018224413044797334,2.181704764795917,0.015326242686322468,1.990674802431894,27,0.015326242686322468,1.990674802431894,0.0,-0.0034689131491339818,7.0,0.0019488099066657522
return,OLS,A,expanding,5,27,0.014451262247985224,0.01024042348659582,1.4111977172527261,0.01517017423185914,1.4056627116769018,0.011687474310507803,1.1468769296397578,27,0.011687474310507803,1.1468769296397578,0.0,-0.006447301521410113,7.0,27,0.017110263808101316,0.009748545325761762,1.755160717454458,0.017937540661016008,1.7223880058511503,0.01488814612256518,1.5070666977391973,27,0.01488814612256518,1.5070666977391973,0.0,-0.005968811912083063,7.0,0.0026590015601160918
return,OLS,A,rolling_9m_3m,1,32,0.009481152287474415,0.004425728768665267,2.1422804656720498,0.009193380908459512,2.1114183032870724,0.006782143794109733,1.5226603588473033,32,0.006782143794109733,1.5226603588473033,0.0,-0.015026693172583285,1.25,32,0.010007562153317485,0.004119842401191526,2.429112858885848,0.009880161599173213,2.442707699430122,0.007187994661740425,1.7282043977663164,32,0.007187994661740425,1.7282043977663164,0.0,-0.015724332024211363,1.25,0.0005264098658430694
return,OLS,A,rolling_9m_3m,3,32,0.009838397225096449,0.00740801314848027,1.3280750219935509,0.009643341571066291,1.3281903348817126,0.005489054608189133,0.7861833852331653,32,0.005489054608189133,0.7861833852331653,0.0,-0.04261256239727759,1.25,32,0.011820572764465215,0.007367661021280106,1.6043860772535148,0.011679123403747445,1.612364463454938,0.0073820763347132185,1.1057044305434118,32,0.0073820763347132185,1.1057044305434118,0.0,-0.04409903723789106,1.25,0.001982175539368766
return,OLS,A,rolling_9m_3m,5,32,0.00522885251936725,0.008213141751213413,0.6366446212370238,0.005132531661702468,0.6308494608417906,0.0029194787685733314,0.3531780746364969,32,0.0029194787685733314,0.3531780746364969,0.0,-0.07102375865263266,1.25,32,0.009441997625077688,0.008137335022229453,1.1603304520809548,0.009455049962568744,1.1598035957962411,0.006284112908160496,0.7995787475441191,32,0.006284112908160496,0.7995787475441191,0.0,-0.07293928227052934,1.25,0.004213145105710438
return,OLS,B,expanding,1,27,0.009908597121103672,0.006393957966950155,1.549681304181291,0.010327559624608866,1.4825119866291492,0.007262430847611074,1.3182572649876858,27,0.007262430847611074,1.3182572649876858,0.0,-0.0011132544340029039,12.555555555555555,27,0.009361802225308535,0.006573322183752633,1.4242116792096733,0.009850749523391825,1.4013965857811457,0.005871307414076852,1.11105449605079,27,0.005871307414076852,1.11105449605079,0.0,-0.001032146867698873,17.666666666666668,-0.0005467948957951375
return,OLS,B,expanding,3,27,0.020963431435312256,0.009122834181862279,2.29790775732733,0.021003633031959762,2.2072528120517814,0.01806775528110405,2.2663123834621435,27,0.01806775528110405,2.2663123834621435,0.0,-0.0022692851923175484,12.481481481481481,27,0.02294693086302931,0.009352804877327503,2.4534811924341384,0.022811196662491557,2.3828207415761598,0.02017759576625029,2.486129105978029,27,0.02017759576625029,2.486129105978029,0.0,-0.0023022569993194227,17.555555555555557,0.0019834994277170524
return,OLS,B,expanding,5,27,0.022692710166338365,0.011003727117632563,2.0622748932018835,0.022851100161581428,1.976189739083495,0.020040922550498334,1.9376576604520692,27,0.020040922550498334,1.9376576604520692,0.0,-0.0037812886489207672,12.481481481481481,27,0.025594495073032634,0.01190127714206824,2.1505671002788485,0.025912303606539195,2.0918537124304115,0.02251826095439743,2.109286350318478,27,0.02251826095439743,2.109286350318478,0.0,-0.003007181511837808,17.555555555555557,0.0029017849066942693
return,OLS,B,rolling_9m_3m,1,32,0.012452224261235559,0.005416871477128743,2.2987852515629488,0.012599067885998672,2.3024739504146727,0.011562269675780345,2.264102129554308,32,0.011562269675780345,2.264102129554308,0.0,-0.013388500924748276,4.59375,32,0.013799671131241031,0.005613062662714846,2.4584922635740902,0.013628053334600019,2.382025719982248,0.012374494175996032,2.630533529258567,32,0.012374494175996032,2.630533529258567,0.0,-0.0140744535081102,6.40625,0.0013474468700054726
return,OLS,B,rolling_9m_3m,3,32,0.017035110134748344,0.008176789848125718,2.083349389082456,0.016521403661991917,1.9930499447841883,0.014622548038790208,1.9265503070346763,32,0.014622548038790208,1.9265503070346763,0.0,-0.03368876452872035,4.5625,32,0.018387847541120467,0.00795752140674176,2.310750622114813,0.017979608111187057,2.1998353154304535,0.01534086337038578,2.173389880456728,32,0.01534086337038578,2.173389880456728,0.0,-0.03486527419141501,6.375,0.0013527374063721231
return,OLS,B,rolling_9m_3m,5,32,0.0137066180917857,0.010149683724601297,1.3504478034682927,0.013229755004590709,1.2886015420306032,0.012272989378340505,1.2280280809419823,32,0.012272989378340505,1.2280280809419823,0.0,-0.055320899570904566,4.5625,32,0.017025775096713127,0.010141714286675846,1.6787867036524131,0.016549727945404623,1.5870955876729753,0.014515170209304614,1.4863626843288158,32,0.014515170209304614,1.4863626843288158,0.0,-0.05402424234620018,6.375,0.003319157004927426
return,OLS,C,expanding,1,27,0.006029946204026736,0.005720042774854587,1.0541785160304205,0.006332921732525997,1.0290152017215375,0.0047343897059479575,0.9923973305732218,27,0.0047343897059479575,0.9923973305732218,0.0,-0.002228697501164041,17.555555555555557,27,0.007347485347426922,0.005461304537708173,1.3453718423309684,0.007699574320137181,1.3148959881815012,0.005481852425373625,1.2398066849350973,27,0.005481852425373625,1.2398066849350973,0.0,-0.002298313828840007,24.666666666666668,0.0013175391434001862
return,OLS,C,expanding,3,27,0.014696399042190115,0.007757227280150949,1.894542793633879,0.014458883497081658,1.8161834723427643,0.012253887458126651,1.614381223818531,27,0.012253887458126651,1.614381223818531,0.0,-0.005439184047977447,17.48148148148148,27,0.017841260220635504,0.0073649159953410705,2.422466221192693,0.01755523167386158,2.3339033395530113,0.01619973211816323,2.3323748668051034,27,0.01619973211816323,2.3323748668051034,0.0,-0.006023020847815323,24.555555555555557,0.003144861178445389
return,OLS,C,expanding,5,27,0.01407221058217715,0.010002013337091586,1.4069377942130508,0.014300201156811613,1.3691340456442644,0.012599846532107335,1.2495372388330304,27,0.012599846532107335,1.2495372388330304,0.0,-0.009002874430664626,17.48148148148148,27,0.01644609644479765,0.009374211997624412,1.754397750868593,0.016667249332245143,1.708856905973504,0.015696136632463747,1.6715263657292392,27,0.015696136632463747,1.6715263657292392,0.0,-0.00906608920454607,24.555555555555557,0.0023738858626205003
return,OLS,C,rolling_9m_3m,1,32,0.008101949929952187,0.004408652604472186,1.8377383424889229,0.007837643784187356,1.7523064329813667,0.007994894303884273,1.8225610954162792,32,0.007994894303884273,1.8225610954162792,0.0,-0.02672194494456756,5.78125,32,0.008294294815017898,0.004327045711004839,1.9168493630476977,0.008005119137982342,1.7946333055774537,0.008883175406436456,2.197391780249951,32,0.008883175406436456,2.197391780249951,0.0,-0.029373484214864673,7.65625,0.0001923448850657105
return,OLS,C,rolling_9m_3m,3,32,0.010428681496679039,0.006738810554816352,1.547555226823444,0.009888860511117484,1.431160448039162,0.008041750958094403,1.3299517481409642,32,0.008041750958094403,1.3299517481409642,0.0,-0.0700710455578619,5.75,32,0.012004635041236434,0.006531225755604137,1.8380370684531646,0.011542553624320542,1.6948263425501489,0.00989180558174551,1.7781049179628943,32,0.00989180558174551,1.7781049179628943,0.0,-0.0748190194161894,7.625,0.0015759535445573954
return,OLS,C,rolling_9m_3m,5,32,0.0057426590060281595,0.007561281546184412,0.7594822347180064,0.0053583226797649834,0.695187990707787,0.004997603214752955,0.6737447823503429,32,0.004997603214752955,0.6737447823503429,0.0,-0.11452644401519119,5.75,32,0.009444983672409148,0.007859688924208545,1.2016994264642908,0.009173366316223452,1.1266645769603714,0.008266531591702838,1.1531741415576946,32,0.008266531591702838,1.1531741415576946,0.0,-0.11531009459618026,7.625,0.0037023246663809885
return,OLS,D,expanding,1,27,0.009339087902952901,0.004858328523326168,1.9222841473386119,0.008662763326619157,1.7261995002363508,0.008003872590883162,1.644113826934447,27,0.008003872590883162,1.644113826934447,0.0,-0.004171419728773855,14.0,27,0.010723127015144272,0.0051996907425317694,2.0622624586944376,0.010300509041119925,1.90453206476967,0.009152954255666326,1.8032555230801557,27,0.009152954255666326,1.8032555230801557,0.0,-0.004712998539573952,14.0,0.0013840391121913709
return,OLS,D,expanding,3,27,0.01435578250829623,0.007689045549154055,1.8670434992904479,0.01419686075168378,1.771070643549015,0.011959616001273883,1.4975625880257422,27,0.011959616001273883,1.4975625880257422,0.0,-0.007617008904972308,14.0,27,0.016645484091422115,0.007191507784473686,2.3146028051807668,0.016569200779727084,2.219447926436373,0.01363858282177596,1.7983285637357567,27,0.01363858282177596,1.7983285637357567,0.0,-0.007514707825303912,14.0,0.0022897015831258843
return,OLS,D,expanding,5,27,0.014159403063394718,0.010006132734413482,1.4150724799699235,0.014420546172123171,1.3904133303986654,0.012230726953342019,1.2264683116612254,27,0.012230726953342019,1.2264683116612254,0.0,-0.011022032071615737,14.0,27,0.013889722104541235,0.0089152032245401,1.557981546209537,0.014230582066839362,1.530703114759731,0.012151911637276023,1.3364250309826784,27,0.012151911637276023,1.3364250309826784,0.0,-0.010646964123061261,14.0,-0.0002696809588534823
return,OLS,D,rolling_9m_3m,1,32,0.007760302557127993,0.0037446245468897564,2.0723846836857422,0.007213483791753762,1.8822757118321112,0.004781154287804803,1.1465952834563942,32,0.004781154287804803,1.1465952834563942,0.0,-0.042097549206271144,8.25,32,0.009182101533239156,0.003450551018138277,2.661053694025165,0.008727976249738405,2.4838303398659116,0.0061432309974342875,1.6726378495090388,32,0.0061432309974342875,1.6726378495090388,0.0,-0.0403552559024775,8.25,0.0014217989761111625
return,OLS,D,rolling_9m_3m,3,32,0.008618695305573673,0.0058192791552153615,1.4810589208200151,0.008479325908542664,1.4592750588311045,0.004876876096600731,0.8594772350622537,32,0.004876876096600731,0.8594772350622537,0.0,-0.09310210020454018,8.25,32,0.010435916525191803,0.005576600404955789,1.8713760655896483,0.010284029879894532,1.8376657137272512,0.007320665337203454,1.4572070905553638,32,0.007320665337203454,1.4572070905553638,0.0,-0.08598922659154505,8.25,0.00181722121961813
return,OLS,D,rolling_9m_3m,5,32,0.006192064762592257,0.007431713810444942,0.8331947274247277,0.00584207311226846,0.7805961700237128,0.004778868462681116,0.6712313022107951,32,0.004778868462681116,0.6712313022107951,0.0,-0.12875257771737392,8.25,32,0.010020102186598379,0.007200658426753492,1.391553604232838,0.009724426054313264,1.3231247868188976,0.00799692415312454,1.1784416950350012,32,0.00799692415312454,1.1784416950350012,0.0,-0.12048899269212718,8.25,0.0038280374240061213
return,OLS,candidate_6,expanding,1,27,0.014042956797923738,0.006127696704005682,2.291718646705187,0.014399308240305385,2.2958511185087285,0.009937191663444008,1.6272085702847525,27,0.009937191663444008,1.6272085702847525,0.0,-0.00045409811854789036,3.888888888888889,27,0.013989123200999517,0.006245514869555359,2.23986708753052,0.01454040621745286,2.2651475964820507,0.009473997833319522,1.5564988342624195,27,0.009473997833319522,1.5564988342624195,0.0,-0.0004822961824236224,6.0,-5.3833596924221516e-05
return,OLS,candidate_6,expanding,3,27,0.022676733931417788,0.010564914022025735,2.1464191648073356,0.02312687485189707,2.12773886395702,0.017768122095436524,1.8655716116484007,27,0.017768122095436524,1.8655716116484007,0.0,-0.0011546860823911558,3.8518518518518516,27,0.02461325908952377,0.010664871508123345,2.3078814471206757,0.025036014760325524,2.2670614888704885,0.01911030687273293,2.0020239376587083,27,0.01911030687273293,2.0020239376587083,0.0,-0.0009745846333652962,6.0,0.0019365251581059811
return,OLS,candidate_6,expanding,5,27,0.024005349013688088,0.012260773724261417,1.9578983801150085,0.024359661190355604,1.9339783078598887,0.02008635912572614,1.6928466504741433,27,0.02008635912572614,1.6928466504741433,0.0,-0.002105467559001393,3.8518518518518516,27,0.02687331789221521,0.012854811861006286,2.090525958900463,0.027257417232354576,2.0526596993232404,0.022181157409460455,1.8460717283229884,27,0.022181157409460455,1.8460717283229884,0.0,-0.0017626646610030105,6.0,0.002867968878527121
return,OLS,candidate_6,rolling_9m_3m,1,32,0.015619906889229547,0.005737629223075778,2.722362544168751,0.01547246333469344,2.766202606770703,0.011209506586405911,1.9633217622386376,32,0.011209506586405911,1.9633217622386376,0.0,-0.006835862944043244,0.34375,32,0.0169321563346051,0.005367267905565996,3.1547067581713253,0.016918208548321295,3.238621569820613,0.01222410269140111,2.406789525974893,32,0.01222410269140111,2.406789525974893,0.0,-0.007617866781747497,1.625,0.0013122494453755539
return,OLS,candidate_6,rolling_9m_3m,3,32,0.017479557913834085,0.009140394923442227,1.9123416504690118,0.017542065087745112,1.9651205232974618,0.011891220668392523,1.3540090005266896,32,0.011891220668392523,1.3540090005266896,0.0,-0.019784163861853336,0.3125,32,0.02036661123635114,0.00891271686293245,2.285118168743234,0.020587487387299406,2.3671422396625132,0.01397910766633666,1.6558127258229076,32,0.01397910766633666,1.6558127258229076,0.0,-0.020720020671357385,1.59375,0.0028870533225170553
return,OLS,candidate_6,rolling_9m_3m,5,32,0.014825928727312374,0.011137238776535024,1.3312032744192417,0.014657309523561021,1.3554358620718572,0.01090608606306023,0.9548145039548863,32,0.01090608606306023,0.9548145039548863,0.0,-0.033769265517721886,0.3125,32,0.02021011916358205,0.011318719480684114,1.7855481972206746,0.020130582137161068,1.8146079151338477,0.014594445020856921,1.2730605800582586,32,0.014594445020856921,1.2730605800582586,0.0,-0.033419629110789016,1.59375,0.005384190436269675
return,OLS,repr_bkm,expanding,1,27,0.009872423743499748,0.0046393786800774574,2.1279624760733955,0.00996464260023602,2.09295480796696,0.0066790776489899515,1.5161588272324003,27,0.0066790776489899515,1.5161588272324003,0.0,-0.0012628674436775606,8.0,27,0.012281602973975,0.004867139200956779,2.523372039895775,0.012428989436503914,2.443223905689111,0.009591072520604151,2.034558974537929,27,0.009591072520604151,2.034558974537929,0.0,-0.0011521790163426073,8.0,0.0024091792304752526
return,OLS,repr_bkm,expanding,3,27,0.014509245937194874,0.007434947073721205,1.9514928342230913,0.015046740683394073,1.9296699701774251,0.011225134197477208,1.4798339380142982,27,0.011225134197477208,1.4798339380142982,0.0,-0.0039058257051687068,8.0,27,0.0165879320824447,0.007718482239392158,2.1491183846723505,0.017125907602098055,2.1176466197404853,0.014466801498133851,1.8829169752263104,27,0.014466801498133851,1.8829169752263104,0.0,-0.003656767339337282,8.0,0.002078686145249826
return,OLS,repr_bkm,expanding,5,27,0.013239087569697288,0.009957530360124507,1.3295553305781482,0.014024466914867908,1.358004698432262,0.011065578763273829,1.1054943999392512,27,0.011065578763273829,1.1054943999392512,0.0,-0.006531156644736371,8.0,27,0.015344121500365394,0.00959711783111637,1.5988259986363542,0.016290485714044595,1.620675351710628,0.013822519088400102,1.408615200929714,27,0.013822519088400102,1.408615200929714,0.0,-0.006229374817388185,8.0,0.002105033930668106
return,OLS,repr_bkm,rolling_9m_3m,1,32,0.008876086008865828,0.004165902757447996,2.1306512719234134,0.008652737319022455,2.1021907012166614,0.006214595219073091,1.4488167876589906,32,0.006214595219073091,1.4488167876589906,0.0,-0.015681427084453154,2.25,32,0.008887444844327158,0.003942456517120496,2.254291152161749,0.008825018694677115,2.2751683281231116,0.006684086460575969,1.680694575495186,32,0.006684086460575969,1.680694575495186,0.0,-0.01627062041697985,2.25,1.1358835461329833e-05
return,OLS,repr_bkm,rolling_9m_3m,3,32,0.009422101484900138,0.007375789218309132,1.277436380843339,0.009129725218137198,1.2516420913093436,0.005993043392149839,0.8805286090382428,32,0.005993043392149839,0.8805286090382428,0.0,-0.043688636002571564,2.25,32,0.011191589435306551,0.007294074050624343,1.5343399803226014,0.010956741149410308,1.516962928783121,0.007975466928536243,1.2352220607774438,32,0.007975466928536243,1.2352220607774438,0.0,-0.045040406945692224,2.25,0.0017694879504064134
return,OLS,repr_bkm,rolling_9m_3m,5,32,0.004347537252540292,0.008264250509565682,0.5260655213086918,0.004446648515449125,0.5437516187709491,0.003351957493251765,0.40883771124911894,32,0.003351957493251765,0.40883771124911894,0.0,-0.07245907298951888,2.25,32,0.008607006020799111,0.008162170271483821,1.0544996899745418,0.0087356174527227,1.0687055859238204,0.007024269120074195,0.9073556670559089,32,0.007024269120074195,0.9073556670559089,0.0,-0.0742305342481808,2.25,0.004259468768258819
return,OLS,repr_grid,expanding,1,27,0.010109356171190124,0.0048871006984286276,2.0685794697131232,0.009893331970066326,1.9586406664002096,0.009066207795963541,1.9360486401551955,27,0.009066207795963541,1.9360486401551955,0.0,-0.003305913088636489,12.0,27,0.011351287712181959,0.005143543471857795,2.2069003157626645,0.011110658341694193,2.0729952017086424,0.010170628332204371,2.1128790898866576,27,0.010170628332204371,2.1128790898866576,0.0,-0.0037639142627675006,12.0,0.0012419315409918346
return,OLS,repr_grid,expanding,3,27,0.0156637406500023,0.007884694654973207,1.9866007924761582,0.015555635719602891,1.9032198042478587,0.01249645824129924,1.537144472425556,27,0.01249645824129924,1.537144472425556,0.0,-0.006433335309275118,12.0,27,0.017303707277082147,0.007243453259756427,2.3888753963829696,0.01736942163007325,2.3036943314560445,0.014254291052790684,1.8737188524026804,27,0.014254291052790684,1.8737188524026804,0.0,-0.006397214781464222,12.0,0.001639966627079846
return,OLS,repr_grid,expanding,5,27,0.013977352781451353,0.00971417783882823,1.4388611175701276,0.014371366559806253,1.4206145159460064,0.012170445288900319,1.2345653902695246,27,0.012170445288900319,1.2345653902695246,0.0,-0.009815485836136372,12.0,27,0.014423358075543265,0.008906439290350954,1.6194303475654097,0.014759843331271897,1.585601326952968,0.012764700122749618,1.39931037650145,27,0.012764700122749618,1.39931037650145,0.0,-0.009441121757557942,12.0,0.0004460052940919116
return,OLS,repr_grid,rolling_9m_3m,1,32,0.008782654538020124,0.0037809184111145477,2.322889198614353,0.008585220093517459,2.248363133190988,0.005449561576075247,1.1968185573391426,32,0.005449561576075247,1.1968185573391426,0.0,-0.03551728764819637,6.25,32,0.009514186782426935,0.0033262405565936343,2.8603423656677154,0.009298510504442603,2.7280342283833576,0.006658050092965474,1.6800256172876125,32,0.006658050092965474,1.6800256172876125,0.0,-0.03389196330894004,6.25,0.0007315322444068108
return,OLS,repr_grid,rolling_9m_3m,3,32,0.009862664086028938,0.006217816595951576,1.586194113935513,0.009872525048716675,1.5617923104203204,0.005650741385552209,0.9564594720809168,32,0.005650741385552209,0.9564594720809168,0.0,-0.07963068177908399,6.25,32,0.011691679886449029,0.005938126873808467,1.96891715770136,0.01152532982890124,1.879502438174281,0.008050974118635982,1.5119238429853252,32,0.008050974118635982,1.5119238429853252,0.0,-0.0758613541759307,6.25,0.0018290158004200911
return,OLS,repr_grid,rolling_9m_3m,5,32,0.0063847641772340185,0.007138805960770369,0.8943742430204701,0.006218765700541586,0.8578320714883396,0.005008302384201568,0.7297396581730057,32,0.005008302384201568,0.7297396581730057,0.0,-0.11397826354328353,6.25,32,0.009618667260397234,0.007187001543074767,1.338342172705607,0.009486751239570781,1.2710611522124873,0.007788115561479753,1.1614437910553326,32,0.007788115561479753,1.1614437910553326,0.0,-0.11083217860307891,6.25,0.0032339030831632157
return,OLS,repr_grid_raw,expanding,1,27,0.011178585084613701,0.0042930258158826815,2.603894214485475,0.011171349962744317,2.419085880387822,0.007416381435824649,1.8275196594254168,27,0.007416381435824649,1.8275196594254168,0.0,-0.0016951994992208176,7.0,27,0.013394346030511383,0.004456305146417925,3.005706653925629,0.013438485701732077,2.7312008270225796,0.009628748163128465,2.2613575656225873,27,0.009628748163128465,2.2613575656225873,0.0,-0.0015885243298787916,8.0,0.002215760945897682
return,OLS,repr_grid_raw,expanding,3,27,0.014869316385964441,0.00741000392503071,2.0066543198089892,0.015367360765918443,1.9331974623212096,0.011975737379024983,1.6133242590829924,27,0.011975737379024983,1.6133242590829924,0.0,-0.00424904277325213,7.0,27,0.01706147344825179,0.0074922186779200805,2.277225770055638,0.017415231199692342,2.1667295510988205,0.014619560160905253,1.9980104261725455,27,0.014619560160905253,1.9980104261725455,0.0,-0.003989730670024692,8.0,0.002192157062287349
return,OLS,repr_grid_raw,expanding,5,27,0.014079664055631273,0.009542764000260849,1.4754282988918523,0.014861113688632101,1.4789849479537103,0.012145700456695826,1.2337142397580976,27,0.012145700456695826,1.2337142397580976,0.0,-0.007229651679589493,7.0,27,0.016769830790221704,0.009211096468854197,1.8206117856789492,0.01740048373298163,1.7777060286802002,0.015127096427686934,1.5912329754215668,27,0.015127096427686934,1.5912329754215668,0.0,-0.006519075745265386,8.0,0.002690166734590431
return,OLS,repr_grid_raw,rolling_9m_3m,1,32,0.008350877958720436,0.004255735490077928,1.9622643320267823,0.008098498100002694,1.913245625261238,0.006158876027449144,1.4419809362161011,32,0.006158876027449144,1.4419809362161011,0.0,-0.02151335125696931,1.25,32,0.009581177013328616,0.0038836514119198018,2.4670538102162887,0.009313241915168167,2.3822729604208135,0.006857969039854028,1.7402074670039975,32,0.006857969039854028,1.7402074670039975,0.0,-0.023704414014758438,2.25,0.0012302990546081798
return,OLS,repr_grid_raw,rolling_9m_3m,3,32,0.010321897884783805,0.006489783204211688,1.590484236528145,0.010287244481485805,1.6206883443687563,0.006284542302788134,0.9760481655968039,32,0.006284542302788134,0.9760481655968039,0.0,-0.05287294319176691,1.25,32,0.011700029222676801,0.006255502324411793,1.8703580649339713,0.011599649828033281,1.8703444035853014,0.007238137412145324,1.1763514767238585,32,0.007238137412145324,1.1763514767238585,0.0,-0.05584769748070126,2.25,0.001378131337892996
return,OLS,repr_grid_raw,rolling_9m_3m,5,32,0.005699212174818264,0.007651890791115877,0.7448109663869297,0.005532822539880414,0.7334421901866602,0.00370251919518137,0.4794653170269268,32,0.00370251919518137,0.4794653170269268,0.0,-0.08508035941641617,1.25,32,0.009342849257372918,0.007391337843763383,1.264026818264865,0.009241651205936908,1.2481106886306246,0.006601350445971913,0.8743470448746548,32,0.006601350445971913,0.8743470448746548,0.0,-0.08795565321857993,2.25,0.003643637082554654
return,OLS,repr_svi,expanding,1,27,0.008682378456849875,0.005099868401015341,1.7024710784931796,0.008372530948523797,1.5736999092832218,0.005857915264414209,1.1473393757481543,27,0.005857915264414209,1.1473393757481543,0.0,-0.0016500304643570147,9.0,27,0.011099616723509826,0.005189823819920532,2.1387270760339194,0.010941779396421467,1.999049446243314,0.008187799764704259,1.6327976431888425,27,0.008187799764704259,1.6327976431888425,0.0,-0.0016223490893600963,9.0,0.0024172382666599514
return,OLS,repr_svi,expanding,3,27,0.01353135016614655,0.007822792685849839,1.7297339594110124,0.01361612396948209,1.653257673200376,0.010483384446642811,1.3011426736973002,27,0.010483384446642811,1.3011426736973002,0.0,-0.004543517795992219,9.0,27,0.01591204816089548,0.008136257764554069,1.9556961715516132,0.016110663061373147,1.8699776033497009,0.01300920767979831,1.6024067927083923,27,0.01300920767979831,1.6024067927083923,0.0,-0.004323702355449078,9.0,0.0023806979947489284
return,OLS,repr_svi,expanding,5,27,0.01302130355833337,0.010107937769517806,1.2882255367263251,0.013125640347664103,1.2566542423318716,0.01025373506736292,0.9862685821076048,27,0.01025373506736292,0.9862685821076048,0.0,-0.00734280216556393,9.0,27,0.014781486188720423,0.009649336254047325,1.5318655915343882,0.01488248438958546,1.4636692123255208,0.012404342176720805,1.2368046477164638,27,0.012404342176720805,1.2368046477164638,0.0,-0.007073280876776385,9.0,0.0017601826303870523
return,OLS,repr_svi,rolling_9m_3m,1,32,0.007208290786050897,0.003891079273412148,1.8525170729122244,0.0066780709016045145,1.7153741203508683,0.003984377702613548,1.0360978238151382,32,0.003984377702613548,1.0360978238151382,0.0,-0.0212189876581571,3.25,32,0.007410425649031831,0.0037602075534668047,1.9707490992617225,0.0070049569540748995,1.86289185126431,0.004575760181955673,1.3259929667984356,32,0.004575760181955673,1.3259929667984356,0.0,-0.022195762982227037,3.25,0.00020213486298093376
return,OLS,repr_svi,rolling_9m_3m,3,32,0.007285262946108695,0.006858398440246931,1.0622396773212837,0.007191619444534681,1.063629058657737,0.0026819239951541554,0.41383910827149334,32,0.0026819239951541554,0.41383910827149334,0.0,-0.05087054459266597,3.25,32,0.00898182743777424,0.006549761779569185,1.371321238856572,0.008838010882183805,1.3636823632961237,0.004460562184688124,0.7583499895051606,32,0.004460562184688124,0.7583499895051606,0.0,-0.05283913646173609,3.25,0.0016965644916655453
return,OLS,repr_svi,rolling_9m_3m,5,32,0.0038076033248753936,0.007978198425611456,0.4772510185573099,0.0035065024384706243,0.44309886396149845,0.0013585906558465123,0.1684796298207587,32,0.0013585906558465123,0.1684796298207587,0.0,-0.0819362264159598,3.25,32,0.007543016476023481,0.007642990633293287,0.9869194976068251,0.007357849439616353,0.9614433848315027,0.004556939969982578,0.6138607151601758,32,0.004556939969982578,0.6138607151601758,0.0,-0.08448536161016529,3.25,0.003735413151148087
return,XGBoost,A,expanding,1,27,0.005666212362136143,0.004667593382969926,1.213947295154234,0.006092330926836992,1.2765767400226153,0.005360023238697501,1.0769067931400693,27,0.005360023238697501,1.0769067931400693,0.007642563198118754,7.811079095853002e-05,7.0,27,0.001830159784268796,0.002848148903484715,0.642578687522128,0.003198032290407889,1.1022609944357178,0.004420538343449358,1.7471484983542396,27,0.004420538343449358,1.7471484983542396,0.006466784244562022,-0.00012538348790840225,7.0,-0.0038360525778673464
return,XGBoost,A,expanding,3,27,0.009302979880933473,0.00658067884825548,1.4136808823909812,0.010083674344476037,1.4444587108262075,0.012532045689907245,1.8321291630607646,27,0.012532045689907245,1.8321291630607646,0.0,2.9657794029256328e-05,7.0,27,0.013277656398989921,0.0054850428263261445,2.4207024118867695,0.014191455054326677,2.4295637838263993,0.013833640448758762,2.4377010250383186,27,0.013833640448758762,2.4377010250383186,0.0,9.448639134302322e-05,7.0,0.003974676518056448
return,XGBoost,A,expanding,5,27,0.005906494306145943,0.006065894535854283,0.9737218923332481,0.007022397677624065,1.0691215648765804,0.005451963431181617,0.7860974007665428,27,0.005451963431181617,0.7860974007665428,0.0,-0.0006398052764700567,7.0,27,0.015776685599075826,0.008176309785383626,1.9295606469411184,0.01680656829545882,2.0743736576899954,0.013923608485022386,1.7095105147473337,27,0.013923608485022386,1.7095105147473337,0.0,-0.0006846887766942396,7.0,0.009870191292929882
return,XGBoost,A,rolling_9m_3m,1,32,0.005306697597730106,0.0034658729028949425,1.5311287362261832,0.004988991168495928,1.5891649751796557,0.002386900486514306,0.7409568077290895,32,0.002386900486514306,0.7409568077290895,0.0,-0.0007224954921832851,1.25,32,0.003824879366942059,0.003980951968304479,0.960795155881046,0.003860782552689535,1.0094346295659826,0.0013675770899613665,0.3474836424822649,32,0.0013675770899613665,0.3474836424822649,0.001488095238095238,-0.0010168950737339544,1.25,-0.0014818182307880469
return,XGBoost,A,rolling_9m_3m,3,32,0.007673407159024356,0.00673794101952617,1.1388356082054234,0.007395424499218983,1.1301064163695178,0.00927537976140003,1.3515276639100209,32,0.00927537976140003,1.3515276639100209,0.0,-0.004575554582967016,1.25,32,0.0030096070539795804,0.00436505539793226,0.6894774016854953,0.0021609486339258643,0.4811870247633753,0.0014645136594927878,0.32253777762593666,32,0.0014645136594927878,0.32253777762593666,0.000496031746031746,-0.006671324930080557,1.25,-0.004663800105044776
return,XGBoost,A,rolling_9m_3m,5,32,0.009907661199575882,0.004886962767995905,2.027365803656187,0.010229821207193682,2.1936892095195364,0.005809223382979954,1.2336308504933458,32,0.005809223382979954,1.2336308504933458,0.001984126984126984,-0.007290843559841284,1.25,32,0.006431471982872937,0.007420803694298171,0.866681325610945,0.0066584204569185915,0.8531010159248078,0.0027481487057540244,0.4220849351762588,32,0.0027481487057540244,0.4220849351762588,0.00496031746031746,-0.003997597551447417,1.25,-0.003476189216702945
return,XGBoost,B,expanding,1,27,0.000853169224723681,0.0057270502440012975,0.14897184211319237,0.0008341880395619698,0.14204131302516182,0.0012711605745534369,0.21488035187177051,27,0.0012711605745534369,0.21488035187177051,0.0,-0.0008195321782605012,12.555555555555555,27,0.006081142209457945,0.0040069701375667404,1.5176410107090939,0.0058886824487570065,1.3309617636577205,0.005279686549670982,1.2892280702191077,27,0.005279686549670982,1.2892280702191077,0.0,-0.001018791062090558,17.666666666666668,0.005227972984734264
return,XGBoost,B,expanding,3,27,0.010337750343993297,0.007859147685059244,1.3153780483914355,0.00967676982770981,1.2704731637674018,0.011014445142571081,1.3746421405013756,27,0.011014445142571081,1.3746421405013756,0.0,-0.0004346427943739442,12.481481481481481,27,0.0087597454816612,0.009410118938580691,0.9308857346900244,0.009398742783322598,0.9789849955218491,0.010959322698824383,1.1179650979400875,27,0.010959322698824383,1.1179650979400875,0.0,-0.0004787233775668314,17.555555555555557,-0.0015780048623320973
return,XGBoost,B,expanding,5,27,0.015899323049837582,0.012149561751816989,1.3086334614052897,0.01602851551084947,1.2903612183289743,0.01751286668588081,1.3422521000613892,27,0.01751286668588081,1.3422521000613892,0.0,-0.0006917717178917675,12.481481481481481,27,0.008227190995891835,0.01184799247742202,0.6943953595151144,0.008881963737102398,0.6978119885071361,0.010436992027122304,0.880745212892543,27,0.010436992027122304,0.880745212892543,0.001763668430335097,-0.0004365613906084465,17.555555555555557,-0.007672132053945747
return,XGBoost,B,rolling_9m_3m,1,32,0.01499646866717634,0.002722623766679067,5.508094379660967,0.015607378203535267,5.583245308602267,0.01475008297684589,5.049737482375973,32,0.01475008297684589,5.049737482375973,0.0,-0.0024365541455599765,4.59375,32,0.009052787842228079,0.001980805479279847,4.57025585648085,0.009366442189097528,4.153461728806145,0.007732033563029638,3.421583905450551,32,0.007732033563029638,3.421583905450551,0.0,-0.002704492803204651,6.40625,-0.005943680824948262
return,XGBoost,B,rolling_9m_3m,3,32,0.009921623272691409,0.003921999299785989,2.5297361152595816,0.009381043598940368,2.193593119647157,0.011552518614751503,2.4346770328689114,32,0.011552518614751503,2.4346770328689114,0.0,-0.0025174051913716897,4.5625,32,0.008469229233632108,0.004445390852909586,1.9051708868498818,0.00854529871278507,1.8375729047545672,0.010314273920133711,2.442908235200206,32,0.010314273920133711,2.442908235200206,0.0,-0.003152024748272798,6.375,-0.0014523940390593001
return,XGBoost,B,rolling_9m_3m,5,32,0.00886602243376735,0.004651733270358302,1.9059610511770466,0.008736898461556689,1.7877544260697642,0.010096602759017314,1.8524557090408356,32,0.010096602759017314,1.8524557090408356,0.0,-0.005481045848666103,4.5625,32,0.01349454479772371,0.004558481333822155,2.960315905562549,0.013477912652596884,2.862828607586224,0.014623335440631824,3.0838292021801768,32,0.014623335440631824,3.0838292021801768,0.0,-0.0016634418331746244,6.375,0.004628522363956361
return,XGBoost,C,expanding,1,27,0.002055758592275277,0.005586686895993182,0.3679745492359137,0.0018036003055737898,0.30881051018527966,0.0033832193400715,0.5406047710099603,27,0.0033832193400715,0.5406047710099603,0.0011757789535567313,-0.0008206244882749673,17.555555555555557,27,0.003461175855220922,0.003924755923272489,0.8818830834033035,0.003153621729286037,0.7524206192290399,0.005631334988006853,1.2413565527631156,27,0.005631334988006853,1.2413565527631156,0.0,-0.0019737102480980703,24.666666666666668,0.0014054172629456448
return,XGBoost,C,expanding,3,27,0.006759523701724435,0.008805263227644035,0.7676685553820787,0.0073000778928857864,0.7628901224688105,0.012742993382875642,1.367980904901603,27,0.012742993382875642,1.367980904901603,0.0,-0.0003748187617311311,17.48148148148148,27,0.007205318535939967,0.008357941225784912,0.862092510738289,0.007389393723252035,0.8211232873595125,0.00781265949433059,0.9075479339611906,27,0.00781265949433059,0.9075479339611906,0.0005878894767783657,-0.00041391359690690695,24.555555555555557,0.00044579483421553195
return,XGBoost,C,expanding,5,27,0.014433581592574558,0.008857436828682955,1.6295438366361727,0.014463038830000772,1.6240223583782618,0.014949785502935428,1.7514144910822909,27,0.014949785502935428,1.7514144910822909,0.0,-0.001158984497488593,17.48148148148148,27,0.010735414373511387,0.01030164851047514,1.0421064514669838,0.011772412901206687,1.0649331865610583,0.00744095476874022,0.7070361184553946,27,0.00744095476874022,0.7070361184553946,0.0,-0.0012686607179831345,24.555555555555557,-0.003698167219063171
return,XGBoost,C,rolling_9m_3m,1,32,0.012176746632703125,0.003861828620934834,3.1531038344615863,0.012663564120390762,3.2238580537142605,0.010278009489578124,2.4067400293094883,32,0.010278009489578124,2.4067400293094883,0.0,-0.0034160978631272475,5.78125,32,0.009171838826616804,0.003674557422925411,2.4960390520485767,0.009310166627200257,2.352076599188732,0.009393068878457535,2.467749683017386,32,0.009393068878457535,2.467749683017386,0.003472222222222222,-0.0022393530179698235,7.65625,-0.0030049078060863203
return,XGBoost,C,rolling_9m_3m,3,32,0.0016680233291835444,0.004374137266800752,0.38133767356677817,0.0008667552156109912,0.19564368107871485,0.004577771043646567,0.8993774739466811,32,0.004577771043646567,0.8993774739466811,0.0,-0.0025488783406969616,5.75,32,0.004987325518111863,0.004855083751029644,1.0272377931800196,0.0038073188682686003,0.7729484976767466,0.008041274739270632,1.7471708480024204,32,0.008041274739270632,1.7471708480024204,0.0,-0.0017949541655442633,7.625,0.003319302188928319
return,XGBoost,C,rolling_9m_3m,5,32,0.0005843597217078172,0.006438771620350376,0.0907563982951174,-0.0011981415661498152,-0.187690703351721,0.001183232228111206,0.17581048584740014,32,0.001183232228111206,0.17581048584740014,0.000496031746031746,-0.0009440089301811062,5.75,32,0.008448439206758071,0.006278256540498202,1.3456664525033342,0.007911806011834239,1.1939408930193625,0.008455632567125169,1.2863901176945207,32,0.008455632567125169,1.2863901176945207,0.0,-0.0009995856128382405,7.625,0.007864079485050253
return,XGBoost,D,expanding,1,27,0.006141964012490818,0.005657041834980945,1.0857200974741432,0.006030752481110652,1.0101936017189213,0.006356490768596546,1.1686452002911183,27,0.006356490768596546,1.1686452002911183,0.0,-0.0004572402567968294,14.0,27,0.0007956043743141781,0.006523631378128539,0.12195728547470694,0.001195033280958355,0.17518528284953994,0.001503760989691848,0.23032596210123207,27,0.001503760989691848,0.23032596210123207,0.0005878894767783657,-0.0008554369243536007,14.0,-0.00534635963817664
return,XGBoost,D,expanding,3,27,0.00482033023954754,0.007850609675563077,0.6140071203070998,0.005688059454529752,0.651659988924022,0.003839452996943923,0.40524010590843323,27,0.003839452996943923,0.40524010590843323,0.0,-0.000785326210657341,14.0,27,0.007439854556901584,0.00836395066448921,0.8895143999938859,0.007745546090560097,0.8459832559840854,0.013308593745718052,1.4595516798198302,27,0.013308593745718052,1.4595516798198302,0.0,-0.0012558404724349436,14.0,0.002619524317354044
return,XGBoost,D,expanding,5,27,0.008226430892092266,0.010376242335728805,0.7928140675517925,0.0074829737529989405,0.6538004756452718,0.011883153550249107,1.0729871725933715,27,0.011883153550249107,1.0729871725933715,0.0,-0.001774256828982294,14.0,27,0.012346246113188993,0.00795624023268092,1.5517688948701873,0.011913730518856146,1.3491770775363467,0.011866313391552794,1.338670182469124,27,0.011866313391552794,1.338670182469124,0.0,-0.0025387958733571092,14.0,0.004119815221096727
return,XGBoost,D,rolling_9m_3m,1,32,0.0058593602104443695,0.004027274498896642,1.4549195025195494,0.006287679609197341,1.3965194370870324,0.0060001066699117995,1.3796060581210219,32,0.0060001066699117995,1.3796060581210219,0.0,-0.002417395501407957,8.25,32,0.006029614652224063,0.0039844954556123744,1.5132693008172537,0.0066340094221638245,1.5564038154310749,0.007353227026222081,1.9074624840864405,32,0.007353227026222081,1.9074624840864405,0.000496031746031746,-0.005124748076173693,8.25,0.00017025444177969345
return,XGBoost,D,rolling_9m_3m,3,32,0.009458872676881171,0.006292600157269141,1.5031739567870663,0.010309071877745277,1.5791049688656449,0.012453316997983362,1.9872327705059984,32,0.012453316997983362,1.9872327705059984,0.0,-0.005177407016510943,8.25,32,0.009944482843003135,0.006359967063423117,1.5636060287473768,0.01056066011303188,1.712615430383506,0.012051830608747916,1.8867744951298109,32,0.012051830608747916,1.8867744951298109,0.000496031746031746,-0.0028061014377451323,8.25,0.0004856101661219643
return,XGBoost,D,rolling_9m_3m,5,32,0.005725309261988365,0.00914252972630587,0.6262281265014528,0.006651842683527289,0.6924117937962888,0.008850170246255857,1.0731603116204407,32,0.008850170246255857,1.0731603116204407,0.000496031746031746,-0.0017446775946883678,8.25,32,0.007609102693478596,0.006433493430583247,1.1827326437152779,0.00847460305577546,1.2275755867914775,0.007707895781480324,1.222830719317365,32,0.007707895781480324,1.222830719317365,0.0,-0.0024594501613074576,8.25,0.0018837934314902315
return,XGBoost,candidate_6,expanding,1,27,-8.863882328455876e-05,0.004092559449885673,-0.02165853040620703,0.00043638841073942236,0.10378081240880993,0.001906517760302319,0.46755121632058505,27,0.001906517760302319,0.46755121632058505,0.0,-0.00013814636873736227,3.888888888888889,27,0.000531486706103189,0.005806526929753302,0.09153263431532382,0.0015936504457424077,0.2613216477319414,0.0008133357463774776,0.13430861481436915,27,0.0008133357463774776,0.13430861481436915,0.0,-0.0005567276623243895,6.0,0.0006201255293877477
return,XGBoost,candidate_6,expanding,3,27,0.010974830639369968,0.008686551717271137,1.263427767033164,0.011038033921690811,1.2415456279549484,0.013314930117248132,1.5158347776245464,27,0.013314930117248132,1.5158347776245464,0.0,-0.0004051904874749378,3.8518518518518516,27,0.012163305018502933,0.007436520045657727,1.6356178620946813,0.013178966391382017,1.683671955501374,0.012439356826800172,1.6508247286671063,27,0.012439356826800172,1.6508247286671063,0.0,-2.584266013382021e-05,6.0,0.0011884743791329647
return,XGBoost,candidate_6,expanding,5,27,0.013465835494644758,0.01036385209452646,1.2993079572948145,0.014343157745837724,1.3093591478092736,0.014457420827149906,1.2539794626026648,27,0.014457420827149906,1.2539794626026648,0.0,1.989057091509407e-05,3.8518518518518516,27,0.012824445582095537,0.010747969466474744,1.1931970612772742,0.01368168031826751,1.213135293522499,0.013007114760233454,1.1665458260810722,27,0.013007114760233454,1.1665458260810722,0.0,2.24788945879538e-05,6.0,-0.0006413899125492211
return,XGBoost,candidate_6,rolling_9m_3m,1,32,0.008470619880241781,0.0031241902843706904,2.711300884141898,0.00858425791330942,2.5616026303214676,0.007851719398383826,2.2571616182638063,32,0.007851719398383826,2.2571616182638063,0.0,-0.00042359390360858145,0.34375,32,0.007714523487116204,0.004165736218918806,1.8518991798089577,0.007766221186071719,1.8394987689746127,0.0071339862630148305,1.9170708094142033,32,0.0071339862630148305,1.9170708094142033,0.0,-0.00044812912938470707,1.625,-0.0007560963931255767
return,XGBoost,candidate_6,rolling_9m_3m,3,32,0.01828269663454047,0.0035100294010714213,5.208701849893267,0.017813965972746655,5.004157756461022,0.018099923145352487,4.7602111555327395,32,0.018099923145352487,4.7602111555327395,0.0,-0.0031211647019482353,0.3125,32,0.016411525568767654,0.003115725294762576,5.267321094178247,0.014897442222781596,4.929021160163813,0.015412054538777559,6.17898555432629,32,0.015412054538777559,6.17898555432629,0.0,-0.0013207474531832595,1.59375,-0.0018711710657728156
return,XGBoost,candidate_6,rolling_9m_3m,5,32,0.020143329815457748,0.006184194291514561,3.2572278401887784,0.019594554522211434,2.9773562133860207,0.02004755864826161,3.0316773051711525,32,0.02004755864826161,3.0316773051711525,0.0,-0.004675097776909506,0.3125,32,0.017535121224150213,0.003557856662466255,4.928563145653856,0.016866239089918644,4.8184344486918835,0.01575487275454157,5.551295619859999,32,0.01575487275454157,5.551295619859999,0.0,-0.004087531512944416,1.59375,-0.002608208591307535
return,XGBoost,repr_bkm,expanding,1,27,0.00348528732122626,0.003923925334893886,0.8882144851822243,0.0037325156423830036,0.8324568749398311,0.006045889425544897,1.8099500624802656,27,0.006045889425544897,1.8099500624802656,0.023515579071134628,0.00022689278029458925,8.0,27,0.0013253720317093704,0.004152824029661345,0.31914957682843403,0.002533839145654081,0.5413176372138071,0.005187077300556374,1.315454632276164,27,0.005187077300556374,1.315454632276164,0.01352145796590241,0.00016679764643403943,8.0,-0.0021599152895168897
return,XGBoost,repr_bkm,expanding,3,27,0.007129132572210082,0.004371064136225415,1.630983291488916,0.008174643244388166,1.62353844038836,0.011093567730426992,2.1761233034590073,27,0.011093567730426992,2.1761233034590073,0.0,6.93791724888577e-05,8.0,27,0.010939997264018354,0.004663598616796908,2.3458273670070375,0.011615829452485637,2.0504459523650818,0.00985614102338765,1.982255687092867,27,0.00985614102338765,1.982255687092867,0.0,-0.0002523833062085751,8.0,0.003810864691808272
return,XGBoost,repr_bkm,expanding,5,27,0.008493839685232412,0.005278432708645306,1.6091594141800343,0.009267956412541963,1.70363331556865,0.006325752609198541,1.0771568573364607,27,0.006325752609198541,1.0771568573364607,0.0,-0.0007072065721134341,8.0,27,0.012202216222924053,0.007908245149201238,1.5429739458894394,0.012778118970288533,1.6557693379753282,0.01313002661510011,1.835035429165268,27,0.01313002661510011,1.835035429165268,0.0,-0.0006815909434570317,8.0,0.0037083765376916406
return,XGBoost,repr_bkm,rolling_9m_3m,1,32,0.005520826056915694,0.0037058491527643777,1.489760060200355,0.005117709352001853,1.379903119623292,0.005499705086768216,1.4356537955843673,32,0.005499705086768216,1.4356537955843673,0.0,-0.0013670594369174453,2.25,32,0.006030015541481023,0.004173567550781202,1.4448108166722575,0.004771866321474941,1.102827061412322,0.005800572857686881,1.378977060140069,32,0.005800572857686881,1.378977060140069,0.0,-0.001636693872078174,2.25,0.000509189484565329
return,XGBoost,repr_bkm,rolling_9m_3m,3,32,0.008190983087477195,0.00652215324156817,1.2558709959884007,0.00851695338134495,1.2843935587483388,0.012229854888424678,1.8871463888227205,32,0.012229854888424678,1.8871463888227205,0.0,-0.0034010628445898684,2.25,32,0.0074209553324473786,0.005512321881448841,1.3462485486237388,0.007345798271731776,1.2297259719689073,0.008615542376479568,1.5748128429823816,32,0.008615542376479568,1.5748128429823816,0.001984126984126984,-0.004550284054116147,2.25,-0.000770027755029816
return,XGBoost,repr_bkm,rolling_9m_3m,5,32,0.0076605066834861246,0.00635747715611247,1.2049601587826142,0.007561512152926284,1.1684617626492255,0.007386233977113936,1.1176968549274666,32,0.007386233977113936,1.1176968549274666,0.0,-0.0038418930980158115,2.25,32,0.005042433259524017,0.0052481330519543986,0.9608051491084473,0.005457197491053601,0.9477390209999283,0.003111735586731994,0.5192303335652054,32,0.003111735586731994,0.5192303335652054,0.0,-0.004172133465371547,2.25,-0.002618073423962108
return,XGBoost,repr_grid,expanding,1,27,0.009413687847152359,0.0059454524009199886,1.5833425637543919,0.009871414823516398,1.5667876354007628,0.009190705975792572,1.676244463233866,27,0.009190705975792572,1.676244463233866,0.0,-0.0006501627006227387,12.0,27,0.010219993098955195,0.0042604819760972325,2.3987880141948414,0.010481113915711257,2.383872110786523,0.010100853732085736,1.7877828433953615,27,0.010100853732085736,1.7877828433953615,0.006466784244562022,-0.001057024032535472,12.0,0.0008063052518028357
return,XGBoost,repr_grid,expanding,3,27,0.005819659945752553,0.007188992251499039,0.8095237471620651,0.007010515110207423,0.8420645196135208,0.008873515361756115,1.1575404702536995,27,0.008873515361756115,1.1575404702536995,0.0,-0.0013628294702619007,12.0,27,0.011734456239454946,0.008525389019896804,1.3764129955910196,0.012322411975285198,1.3037396880908305,0.016546379897159194,1.9344440305422186,27,0.016546379897159194,1.9344440305422186,0.0,-0.0004926036202702931,12.0,0.005914796293702393
return,XGBoost,repr_grid,expanding,5,27,0.009091102095121371,0.010131391570169145,0.897320178788588,0.009245551374785367,0.8305548751397795,0.01229631977760711,1.114728129402514,27,0.01229631977760711,1.114728129402514,0.0,-0.0019012576067682077,12.0,27,0.009779988621195059,0.00958136099979189,1.0207306270380045,0.009626433851465067,0.9211829113564807,0.01096679807086914,1.0271824805069238,27,0.01096679807086914,1.0271824805069238,0.0,-0.0009864594325876173,12.0,0.0006888865260736877
return,XGBoost,repr_grid,rolling_9m_3m,1,32,0.007475037697236682,0.003967740135144273,1.8839534451932745,0.007331487682359655,1.7540951045972304,0.006033009341941946,1.9249000612434337,32,0.006033009341941946,1.9249000612434337,0.003968253968253968,-0.0033973790233037134,6.25,32,0.008925445768115424,0.004321304588827707,2.0654516673486185,0.009595379687339771,2.2728223375119656,0.0073753792610077905,1.5805237362417142,32,0.0073753792610077905,1.5805237362417142,0.000496031746031746,-0.004123791405299206,6.25,0.0014504080708787424
return,XGBoost,repr_grid,rolling_9m_3m,3,32,0.016519326019790004,0.006136860387969319,2.6918204057850876,0.018083930461731203,2.7711318754762897,0.017002014105595382,2.48121557056618,32,0.017002014105595382,2.48121557056618,0.0,-0.004624137842935729,6.25,32,0.007274912572873028,0.00650346605283016,1.1186208267677744,0.007275474788189985,1.137995803390075,0.009105447721757256,1.4278664268447019,32,0.009105447721757256,1.4278664268447019,0.0,-0.0018493837844418284,6.25,-0.009244413446916976
return,XGBoost,repr_grid,rolling_9m_3m,5,32,0.007241985057008028,0.006505085468882413,1.1132805389953186,0.00862127488274224,1.227535682911681,0.009437012622909989,1.4209118916607204,32,0.009437012622909989,1.4209118916607204,0.0,-0.003138822129430784,6.25,32,0.01678653109592345,0.0072711014006678724,2.3086641446619844,0.017597405305628352,2.3384803901898503,0.016231758523377285,2.100846344600339,32,0.016231758523377285,2.100846344600339,0.0,-0.0005789873928944229,6.25,0.009544546038915422
return,XGBoost,repr_grid_raw,expanding,1,27,0.003908510104709447,0.005202162811602731,0.7513240639051196,0.004477933291691611,0.8197495272474158,0.003204382703294637,0.667910277056124,27,0.003204382703294637,0.667910277056124,0.0,-0.00021016540466214505,7.0,27,0.00532373181685311,0.00506549796937469,1.050978965748218,0.00513448355011835,0.9318367029939306,0.0073282080255741575,1.3458353998760977,27,0.0073282080255741575,1.3458353998760977,0.0,-0.0006498112550171124,8.0,0.001415221712143663
return,XGBoost,repr_grid_raw,expanding,3,27,-8.841080584278363e-05,0.008401908015428857,-0.010522705756886448,0.000517829788807092,0.056633849937335626,0.0010145269435063746,0.10935189728758164,27,0.0010145269435063746,0.10935189728758164,0.0,-0.00023808156626595073,7.0,27,0.009524375873227619,0.00659457754746496,1.4442738453942223,0.009680248656465077,1.383702364489513,0.013469889389066693,1.9225877246178988,27,0.013469889389066693,1.9225877246178988,0.0,-0.001285476662954436,8.0,0.009612786679070402
return,XGBoost,repr_grid_raw,expanding,5,27,0.010356462246691834,0.008575268876128608,1.2077128305004663,0.010714475944108785,1.1535412142356738,0.01615331025090501,1.7837242551603816,27,0.01615331025090501,1.7837242551603816,0.0,-0.0015133128004179155,7.0,27,0.015723823753452913,0.008333798827340571,1.886753457723025,0.016426723646320234,1.8360091987522957,0.017979327560155196,2.0885227071738988,27,0.017979327560155196,2.0885227071738988,0.0,-0.0019785543345848225,8.0,0.005367361506761079
return,XGBoost,repr_grid_raw,rolling_9m_3m,1,32,0.006702726088289984,0.003974311772487017,1.686512400635242,0.007442622595726119,1.8772440290833048,0.007251614370880335,1.9698401575046953,32,0.007251614370880335,1.9698401575046953,0.005456349206349206,-0.002236524143815351,1.25,32,0.009949867245767475,0.004534295912367982,2.194357721256722,0.009937922163888672,2.251208373717275,0.01105867461184205,3.4258155593466237,32,0.01105867461184205,3.4258155593466237,0.020337301587301588,-0.0037339391172374293,2.25,0.0032471411574774914
return,XGBoost,repr_grid_raw,rolling_9m_3m,3,32,0.018812468267905717,0.005104393480680918,3.6855442941667897,0.01796801785490546,3.5620912723963016,0.01827394826568479,2.9853124839489515,32,0.01827394826568479,2.9853124839489515,0.0,-0.009213564795688663,1.25,32,0.011939201754149614,0.005581003017246233,2.139257355220107,0.012303766077300592,2.2987221942031772,0.01105015659207487,1.941178832008044,32,0.01105015659207487,1.941178832008044,0.000496031746031746,-0.0012053671585200566,2.25,-0.006873266513756103
return,XGBoost,repr_grid_raw,rolling_9m_3m,5,32,0.013114273007013736,0.006638175092869126,1.9755840759761485,0.013765162173137639,2.0445698435974053,0.010945717979643207,1.7858335472423552,32,0.010945717979643207,1.7858335472423552,0.0,-0.003970891097455699,1.25,32,0.003188486343229909,0.006228936647162765,0.5118829302401463,0.0031571182548468515,0.47631004300064395,0.003450659184978392,0.5617704566030197,32,0.003450659184978392,0.5617704566030197,0.001488095238095238,-0.002824268530260361,2.25,-0.009925786663783827
return,XGBoost,repr_svi,expanding,1,27,0.007809364436493467,0.004966227097067444,1.5724944276319734,0.008373475135947819,1.604374908080521,0.00798317361519409,1.4165099352243342,27,0.00798317361519409,1.4165099352243342,0.026455026455026454,-8.468952553719546e-05,9.0,27,0.0009192730267777145,0.004401128723326739,0.20887210635431075,0.0015688470150518525,0.3383782743565841,0.002235275763777871,0.5011304449910776,27,0.002235275763777871,0.5011304449910776,0.0005878894767783657,6.453759962726973e-05,9.0,-0.006890091409715753
return,XGBoost,repr_svi,expanding,3,27,0.0003308062643136007,0.00408667513796077,0.08094753146409168,5.711391923051485e-05,0.013097805430635571,0.0035764615523500706,0.9223490085022787,27,0.0035764615523500706,0.9223490085022787,0.0,-0.0005439976395397459,9.0,27,0.008064443176913178,0.005782399511582695,1.3946534065588745,0.00862862153815855,1.3968981552011612,0.013086737369289872,2.3105368914413242,27,0.013086737369289872,2.3105368914413242,0.0,-0.0003137558422251457,9.0,0.007733636912599577
return,XGBoost,repr_svi,expanding,5,27,-0.000836835516398741,0.009392417764920008,-0.08909692236265941,-0.00031074759946234836,-0.03136658486890698,-0.0012835146694859566,-0.14743455709514686,27,-0.0012835146694859566,-0.14743455709514686,0.0,-0.0007572837117688709,9.0,27,0.010178145959478151,0.010602450955511057,0.9599804801914829,0.010536422906863864,0.9459669833836452,0.008468257711837516,0.7626503649191124,27,0.008468257711837516,0.7626503649191124,0.0,-0.0011989697258702817,9.0,0.011014981475876892
return,XGBoost,repr_svi,rolling_9m_3m,1,32,0.0037032004649665004,0.002552594054074913,1.4507596533239515,0.0034326835061165217,1.2116281023627622,0.00411227238300485,1.2552160489905495,32,0.00411227238300485,1.2552160489905495,0.0,-0.0018366702343391816,3.25,32,0.0005988570393149,0.003161504673001781,0.18942152590471995,0.0009571225026116144,0.29592114737486985,-0.0005775932478647903,-0.1598358592932751,32,-0.0005775932478647903,-0.1598358592932751,0.0,-0.0021764790917739624,3.25,-0.0031043434256516006
return,XGBoost,repr_svi,rolling_9m_3m,3,32,0.002457625915064331,0.005738968389837479,0.4282347885756395,0.0028865866572648415,0.5264456147791863,0.005484973263559953,1.001342667501807,32,0.005484973263559953,1.001342667501807,0.0,-0.001687689717025668,3.25,32,0.007221665682166375,0.005371428247077361,1.3444591177580643,0.005947204680468244,1.0756202535671695,0.010207912196497734,2.23180328315828,32,0.010207912196497734,2.23180328315828,0.000496031746031746,-0.0030904656849810733,3.25,0.0047640397671020445
return,XGBoost,repr_svi,rolling_9m_3m,5,32,0.002496901243595603,0.007293319376159214,0.3423545733863795,0.0027653596541146216,0.37526274662969017,0.004059211053742472,0.6466265942932939,32,0.004059211053742472,0.6466265942932939,0.0,-0.006093423453961356,3.25,32,-0.0028038485301821146,0.006542028847465938,-0.4285900590713825,-0.002578041268470619,-0.39156291725129044,-0.0049239856752550885,-0.7821266208960921,32,-0.0049239856752550885,-0.7821266208960921,0.0,-0.0028451443820485473,3.25,-0.005300749773777718
volatility,ElasticNet,A,expanding,1,27,0.28054673615339243,0.007580617037450203,37.008430153827746,0.2732892019149376,29.91720597871177,0.2759593565900615,30.23610278198907,27,0.2759593565900615,30.23610278198907,0.0,0.1020602158278743,7.0,27,0.2805221508014846,0.00779989915864726,35.964843274991225,0.27358487639655943,29.748664130457893,0.27678144296846363,31.13556189248453,27,0.27678144296846363,31.13556189248453,0.0,0.10289743288373566,7.0,-2.458535190780209e-05
volatility,ElasticNet,A,expanding,3,27,0.4633173210377564,0.012260787197938305,37.78854600099942,0.45150177443993617,29.363488025933417,0.4418314165496773,25.909334587687173,27,0.4418314165496773,25.909334587687173,0.0,0.20846694244190525,7.0,27,0.46282624687715923,0.012602562770963548,36.72477219820054,0.45150598960122773,28.991708583519166,0.44243115825111584,26.08869558960008,27,0.44243115825111584,26.08869558960008,0.0,0.20924756445012416,7.0,-0.0004910741605971825
volatility,ElasticNet,A,expanding,5,27,0.5397849724716925,0.013676888861361154,39.46694149110545,0.5258443211330274,30.568105365897857,0.5147268718533697,29.39879735419685,27,0.5147268718533697,29.39879735419685,0.0,0.27366178421563947,7.0,27,0.5399740792623446,0.01379319216407376,39.147868951523805,0.52673161177756,30.70685178108815,0.5164042862874137,30.110188319586978,27,0.5164042862874137,30.110188319586978,0.0,0.27423882068898797,7.0,0.0001891067906520938
volatility,ElasticNet,A,rolling_9m_3m,1,32,0.26355722197462006,0.007100645505541116,37.117360917250195,0.25425108890965764,29.007201506830462,0.24822270312062933,27.29932589227827,32,0.24822270312062933,27.29932589227827,0.0,0.08152335642201713,1.25,32,0.2633630302378835,0.007293072578655506,36.11139576598524,0.25460508449715974,28.654209401811126,0.2477582637095998,26.929927666200026,32,0.2477582637095998,26.929927666200026,0.0,0.08238054580011112,1.25,-0.00019419173673657086
volatility,ElasticNet,A,rolling_9m_3m,3,32,0.446246252386519,0.012037460018400016,37.07146289203897,0.4316069945763029,28.72208677913594,0.4230153167835826,29.77670043661471,32,0.4230153167835826,29.77670043661471,0.0,0.2001722347085683,1.25,32,0.4450582076294379,0.012281947283484864,36.23677885573513,0.4315190031355445,28.62627732829432,0.421686123684704,29.920605271032844,32,0.421686123684704,29.920605271032844,0.0,0.20012228097394116,1.25,-0.0011880447570811192
volatility,ElasticNet,A,rolling_9m_3m,5,32,0.515379415838755,0.013280369678738505,38.80761065438283,0.4986728065848247,29.82129215124195,0.4891722655646117,30.717346622155514,32,0.4891722655646117,30.717346622155514,0.0,0.24310524660508046,1.25,32,0.5141847775027923,0.013498879580716766,38.09092261533383,0.49888946984976285,29.963412568834993,0.4873564578696802,30.214692376550836,32,0.4873564578696802,30.214692376550836,0.0,0.24075906200115493,1.25,-0.0011946383359626722
volatility,ElasticNet,D,expanding,1,27,0.2932313929907423,0.007955669814179516,36.85816528837225,0.28605567533206117,29.71376837405128,0.2931080346795209,29.60615863689312,27,0.2931080346795209,29.60615863689312,0.0,0.12368962106851296,14.0,27,0.29243222408401187,0.00794011214568679,36.829734734019624,0.28573604535677455,30.00421324221144,0.2916346007602156,28.756873575911282,27,0.2916346007602156,28.756873575911282,0.0,0.12318495437057375,14.0,-0.0007991689067304297
volatility,ElasticNet,D,expanding,3,27,0.49868393696457114,0.010950756899412507,45.5387642648998,0.4886700822896312,36.7419063934024,0.4891281355530386,35.55902800503301,27,0.4891281355530386,35.55902800503301,0.0,0.2670342627789851,14.0,27,0.49782738589154585,0.011231825795425166,44.32292620620201,0.4883931007573446,36.30051634597819,0.48754412266017877,34.50997701717809,27,0.48754412266017877,34.50997701717809,0.0,0.2658591890890403,14.0,-0.0008565510730252912
volatility,ElasticNet,D,expanding,5,27,0.5843440255136132,0.011696402178614663,49.959296593101904,0.5729064683612084,40.02451589269138,0.5700981094768058,38.38237868519677,27,0.5700981094768058,38.38237868519677,0.0,0.34833144019950524,14.0,27,0.5838092626780204,0.012001348730509367,48.64530443931547,0.5729610622676621,39.50704193945639,0.5685568848580297,37.52667009344596,27,0.5685568848580297,37.52667009344596,0.0,0.3466003331242679,14.0,-0.0005347628355928391
volatility,ElasticNet,D,rolling_9m_3m,1,32,0.2874296676421063,0.0063322714441284775,45.39124233352662,0.2783729917381673,33.80596923511112,0.2859558023297289,35.772278024443146,32,0.2859558023297289,35.772278024443146,0.0,0.11807217966550666,8.25,32,0.28662939428359224,0.0063874174712899,44.87406617336838,0.27820453591757155,33.817478977050705,0.2846341086928182,34.929529292122055,32,0.2846341086928182,34.929529292122055,0.0,0.11833197527665607,8.25,-0.0008002733585140698
volatility,ElasticNet,D,rolling_9m_3m,3,32,0.4886343205609141,0.009839466570350569,49.660651526915515,0.47638437353081453,37.545679649082004,0.4741489856547322,35.92167893926211,32,0.4741489856547322,35.92167893926211,0.0,0.24852568657522425,8.25,32,0.48651498126037873,0.010054856651238038,48.386068358366394,0.47510168142217013,37.41336998044268,0.4716982113955217,35.51384494428784,32,0.4716982113955217,35.51384494428784,0.0,0.24628058811928835,8.25,-0.0021193393005353722
volatility,ElasticNet,D,rolling_9m_3m,5,32,0.5729692574906402,0.010889375124629562,52.617276100140934,0.5589852088059861,39.83553691924095,0.553231305894534,37.815361734921595,32,0.553231305894534,37.815361734921595,0.0,0.3246181144825731,8.25,32,0.5721698939170448,0.011191414259143032,51.125789883937145,0.5592378199286094,39.55713165757727,0.5513052018717948,36.92541633342215,32,0.5513052018717948,36.92541633342215,0.0,0.32210500510179046,8.25,-0.0007993635735954463
volatility,OLS,A,expanding,1,27,0.2802029743061814,0.00745894055890865,37.56605540602124,0.27317778922337527,30.224229827979983,0.27961377426170175,33.00360610069949,27,0.27961377426170175,33.00360610069949,0.0,0.10295846962408131,7.0,27,0.2803697460777182,0.0077168514639891364,36.33214237517335,0.2736927857347111,29.852406617302975,0.27907221470564497,31.869980986196765,27,0.27907221470564497,31.869980986196765,0.0,0.10276484216795752,7.0,0.0001667717715367889
volatility,OLS,A,expanding,3,27,0.4699325984751713,0.011107349243277416,42.30825808953402,0.45917290054363996,33.99641810062734,0.45994404902520053,38.41381053907058,27,0.45994404902520053,38.41381053907058,0.0,0.21976771069879797,7.0,27,0.47030099872492237,0.011458135000668983,41.04516124984248,0.46012923924369203,33.57369914009231,0.4602284749298099,37.340163005975285,27,0.4602284749298099,37.340163005975285,0.0,0.21945703423228166,7.0,0.00036840024975104413
volatility,OLS,A,expanding,5,27,0.546130223412873,0.01209400568789999,45.15709993085867,0.5333837190360019,35.846858759287656,0.5314326350817699,41.55219731191599,27,0.5314326350817699,41.55219731191599,0.0,0.28450356978490254,7.0,27,0.5470245954952754,0.01231368945938099,44.42410191516835,0.5349990737626494,35.82487558837001,0.5325394213559559,41.117038812019004,27,0.5325394213559559,41.117038812019004,0.0,0.2833224584998228,7.0,0.0008943720824023949
volatility,OLS,A,rolling_9m_3m,1,32,0.2747482243196394,0.005955700933558898,46.131971263281756,0.26538925826602233,33.344628741478964,0.2778683971528346,41.59735434663046,32,0.2778683971528346,41.59735434663046,0.0,0.10062802819153352,1.25,32,0.27493268950009847,0.00587219376608714,46.8194171466001,0.2663293258833741,34.135404057909774,0.2776578706444808,41.06917978170552,32,0.2776578706444808,41.06917978170552,0.0,0.10102976427342836,1.25,0.00018446518045905913
volatility,OLS,A,rolling_9m_3m,3,32,0.45432935930896445,0.011107320303099577,40.90359752947618,0.4410465761818305,30.713493159427742,0.45014326459165416,39.18152506002481,32,0.45014326459165416,39.18152506002481,0.0,0.2088050170382445,1.25,32,0.4546384041635356,0.011277537203886417,40.31362485834762,0.44246669162082686,30.906869983755726,0.449992472826928,38.31623583482779,32,0.449992472826928,38.31623583482779,0.0,0.20866652082889592,1.25,0.00030904485457117215
volatility,OLS,A,rolling_9m_3m,5,32,0.5222784993027716,0.013435599227501017,38.872735816183905,0.5072227006036499,29.834147644330944,0.5129313465478603,36.95917345458016,32,0.5129313465478603,36.95917345458016,0.0,0.2630665471434062,1.25,32,0.5222853060959431,0.013643929285002151,38.279684333314165,0.5084596976749233,29.98304905406114,0.512190152029717,35.44258907363777,32,0.512190152029717,35.44258907363777,0.0,0.2605336007672524,1.25,6.806793171554304e-06
volatility,OLS,D,expanding,1,27,0.2921146812332439,0.007762609431252937,37.63099043179539,0.2849523271147241,29.696767519379513,0.29108323604619485,29.31117659696288,27,0.29108323604619485,29.31117659696288,0.0,0.1207982437145266,14.0,27,0.2914911888881636,0.007808067203633279,37.3320543082065,0.28473072725999493,29.863443426937557,0.2890121272867904,27.699694825110083,27,0.2890121272867904,27.699694825110083,0.0,0.11993396449054862,14.0,-0.0006234923450803009
volatility,OLS,D,expanding,3,27,0.4958476639310113,0.011152331178043052,44.46134678167079,0.48599971460667185,35.564480856126636,0.4860720508652701,34.67568262379657,27,0.4860720508652701,34.67568262379657,0.0,0.26365618914733996,14.0,27,0.4950320762256602,0.011372452847555625,43.529050668437065,0.4857689357271647,35.3187041088349,0.4836975114354865,32.67505520913915,27,0.4836975114354865,32.67505520913915,0.0,0.2614796937609116,14.0,-0.0008155877053511174
volatility,OLS,D,expanding,5,27,0.5809613486780326,0.012054972556965861,48.19267285202812,0.5696160959021056,38.38567753313682,0.5672077616137235,37.4941046528178,27,0.5672077616137235,37.4941046528178,0.0,0.3451240462418185,14.0,27,0.58070289728839,0.012194126657160576,47.62152416609454,0.5699958168629848,38.37091095660524,0.5648897757542428,35.71208560514067,27,0.5648897757542428,35.71208560514067,0.0,0.3419514916980906,14.0,-0.00025845138964264436
volatility,OLS,D,rolling_9m_3m,1,32,0.2756359193466815,0.00702286321302095,39.24836793569188,0.26636162602177005,30.273240456959982,0.2781467142805727,34.60138939320783,32,0.2781467142805727,34.60138939320783,0.0,0.10209114112658482,8.25,32,0.27453761417611167,0.007004788312363947,39.19284951003207,0.2658151510424844,30.229352272509693,0.2765465475726038,33.4297801875617,32,0.2765465475726038,33.4297801875617,0.0,0.10124824750799682,8.25,-0.0010983051705698577
volatility,OLS,D,rolling_9m_3m,3,32,0.46664445008445443,0.0111929999933472,41.6907397803819,0.4537496464883558,32.33883684182114,0.4617328233665461,39.28011795257001,32,0.4617328233665461,39.28011795257001,0.0,0.23247969426273557,8.25,32,0.4666365162858441,0.011252628410214297,41.4691127507833,0.4548058796883985,32.7302893900068,0.46029478043958216,38.32549214189929,32,0.46029478043958216,38.32549214189929,0.0,0.23249210648203888,8.25,-7.933798610304521e-06
volatility,OLS,D,rolling_9m_3m,5,32,0.5412926973830462,0.013288073358808297,40.73522795719955,0.5268522833334941,32.09568120014102,0.5327492682342696,38.90541134853534,32,0.5327492682342696,38.90541134853534,0.0,0.2999910279529842,8.25,32,0.5418237965359531,0.013428687203815294,40.34823272836475,0.52866371827838,32.29215692454059,0.5315078675558105,38.417597080882196,32,0.5315078675558105,38.417597080882196,0.0,0.29829606068979664,8.25,0.0005310991529069442
volatility,XGBoost,A,expanding,1,27,0.2651411941908371,0.008008471841650475,33.10758899243302,0.2576374961593531,26.60539148109816,0.2511625236125839,23.072082443899717,27,0.2511625236125839,23.072082443899717,0.0,0.07716027296996203,7.0,27,0.2648151696848111,0.008097959524472908,32.70146867053498,0.25699163528958874,26.28933088684608,0.25013332011988154,23.02730080733435,27,0.25013332011988154,23.02730080733435,0.0,0.07472598645326431,7.0,-0.0003260245060259792
volatility,XGBoost,A,expanding,3,27,0.44565556663340405,0.011780878543040676,37.82872092308144,0.4338624002384151,29.752902166904942,0.4171875507916318,24.117861714464606,27,0.4171875507916318,24.117861714464606,0.0,0.17374466995949456,7.0,27,0.4472432126039319,0.011902339631387851,37.576075499013626,0.43534772246504727,29.868261609714942,0.41825815290053936,24.12431669528651,27,0.41825815290053936,24.12431669528651,0.0,0.15859909591504517,7.0,0.0015876459705278512
volatility,XGBoost,A,expanding,5,27,0.515706702928248,0.013191761723420506,39.093088075769906,0.5008994717343992,30.37197224716478,0.479979287030924,24.97894669807667,27,0.479979287030924,24.97894669807667,0.0,0.2168557234477923,7.0,27,0.5153329210347554,0.013156764988732434,39.16866505376442,0.5011038940710205,30.809494683417473,0.47909220850447887,25.316777541180773,27,0.47909220850447887,25.316777541180773,0.0,0.20223958593957803,7.0,-0.0003737818934926862
volatility,XGBoost,A,rolling_9m_3m,1,32,0.24697829779589944,0.006264979915132069,39.42204143374226,0.23832068873026052,29.89886443974679,0.23364178039977773,27.20726559829485,32,0.23364178039977773,27.20726559829485,0.0,0.06400293664554377,1.25,32,0.2457723370522597,0.006470796306318411,37.98177618607392,0.23743958088942874,29.007413855800184,0.23401065590800096,27.92702922199907,32,0.23401065590800096,27.92702922199907,0.0,0.06523937859794984,1.25,-0.001205960743639739
volatility,XGBoost,A,rolling_9m_3m,3,32,0.41824742509224766,0.011136044441771211,37.557988141947874,0.4041716049651304,27.781688002250252,0.39289320273371214,26.6953492861914,32,0.39289320273371214,26.6953492861914,0.0,0.14450586039381502,1.25,32,0.4156506805750192,0.011612523364462658,35.79331274777181,0.40244685649261747,26.877755081571035,0.39178946161462574,27.018892552884513,32,0.39178946161462574,27.018892552884513,0.0,0.14136234608621207,1.25,-0.0025967445172284664
volatility,XGBoost,A,rolling_9m_3m,5,32,0.4769717026993136,0.014365976431815882,33.20148163705595,0.4600266073366952,25.306783959129945,0.4495393092938872,24.854460417270626,32,0.4495393092938872,24.854460417270626,0.0,0.18215284384887268,1.25,32,0.47187683043671924,0.01539238707083492,30.65650754916492,0.4556060994632477,24.171135941256708,0.4464718108967378,24.179258401845154,32,0.4464718108967378,24.179258401845154,0.0,0.18085423552618557,1.25,-0.005094872262594363
volatility,XGBoost,D,expanding,1,27,0.2890044861908886,0.007376889023854485,39.177014220539455,0.28212938081692696,30.30335022210255,0.2842727659865193,29.986050436194798,27,0.2842727659865193,29.986050436194798,0.0,0.09661478726851001,14.0,27,0.28916903618422596,0.007598715072970168,38.05499132515785,0.2826643601085216,29.899731522749423,0.28393271207560433,28.710222774503354,27,0.28393271207560433,28.710222774503354,0.0,0.09804282216871477,14.0,0.00016454999333737064
volatility,XGBoost,D,expanding,3,27,0.49135769402686613,0.009904405438552347,49.61001415736513,0.48170022238875176,37.61741802618119,0.47734884818906215,32.671414268166046,27,0.47734884818906215,32.671414268166046,0.0,0.21972765189762822,14.0,27,0.491140952141479,0.010270510327761648,47.82050126700161,0.4820532421480972,36.75468154290068,0.47604741705367093,32.266005004886225,27,0.47604741705367093,32.266005004886225,0.0,0.21915930878999232,14.0,-0.00021674188538711725
volatility,XGBoost,D,expanding,5,27,0.5766130306188139,0.01079259630704369,53.426720894071856,0.5652426001516409,40.61816054112726,0.556626889594332,34.16682114007219,27,0.556626889594332,34.16682114007219,0.0,0.29077586747109563,14.0,27,0.5769848681620542,0.011294790886333757,51.08415675585306,0.5662314757847653,39.57451988920727,0.5559895847281231,33.977281375944074,27,0.5559895847281231,33.977281375944074,0.0,0.2857649212239382,14.0,0.0003718375432403276
volatility,XGBoost,D,rolling_9m_3m,1,32,0.27697973503330775,0.006112038128840583,45.31708232092608,0.2685141566061947,33.469467649321814,0.26993938997406375,33.73202558877503,32,0.26993938997406375,33.73202558877503,0.0,0.08373397769426821,8.25,32,0.27692573186674285,0.006285685755394297,44.05656640233544,0.26877322381470126,32.94390476565457,0.2693003981837959,32.36533575841341,32,0.2693003981837959,32.36533575841341,0.0,0.08606893876256289,8.25,-5.4003166564897676e-05
volatility,XGBoost,D,rolling_9m_3m,3,32,0.47146187520984173,0.010104378969019761,46.659163977850966,0.4589089736009249,33.82137524382474,0.4540850183419966,34.034513701818184,32,0.4540850183419966,34.034513701818184,0.0,0.19472649512112744,8.25,32,0.47059116552432195,0.010357612943387362,45.43432623872692,0.45863064004549126,33.607425609531084,0.45260465031437214,33.986422199559414,32,0.45260465031437214,33.986422199559414,0.0,0.19596913019121173,8.25,-0.0008707096855197771
volatility,XGBoost,D,rolling_9m_3m,5,32,0.5517226977951205,0.011689775872515601,47.1970295933819,0.5376381116231913,34.81356760183687,0.5309641336595283,33.12857646169382,32,0.5309641336595283,33.12857646169382,0.0,0.2623501899104781,8.25,32,0.5493473067120174,0.011883056193259878,46.22946300831343,0.5360501511557281,34.654014810576236,0.5275666190802659,33.08725203933562,32,0.5275666190802659,33.08725203933562,0.0,0.2592055973188588,8.25,-0.00237539108310314
