target,family,model,feature_set,nested_on_A,scheme,horizon,n_windows,mean_ic_A,se_ic_A,mean_ic_X,se_ic_X,corr_icX_icA,mean_dic,se_dic,t_dic,dt_3se,mde80,p_raw,p_raw_normal,degenerate,p_holm,clears_t3,holm_sig_5pct
return,nonnested,ElasticNet,B,False,expanding,1,27,0.0,0.0,0.0006243841661548336,0.0005712425158111717,,0.0006243841661548336,0.0005712425158111717,1.0930281778277655,0.0017137275474335151,0.002194497378259808,0.28440573608177694,0.27438142814022926,False,1.0,False,False
return,nonnested,ElasticNet,B,False,expanding,3,27,0.01372543197795393,0.00608360993637468,0.016398587366662012,0.010899187883481756,0.533441809287884,0.002673155388708078,0.009777769786376051,0.2733911154701908,0.029333309359128153,0.03756248802832994,0.7867125961611663,0.7845525815758502,False,1.0,False,False
return,nonnested,ElasticNet,B,False,expanding,5,27,0.0021364715254132607,0.005686209906718021,0.013019496976806825,0.010670320130288652,0.36841128050095956,0.010883025451393566,0.009925676766047364,1.096451728976405,0.02977703029814209,0.03813069062202889,0.28293330503453873,0.2728811367919918,False,1.0,False,False
return,nonnested,ElasticNet,B,False,rolling_9m_3m,1,32,0.0022280204851262506,0.0021768213086304057,0.0036641457940621252,0.0033774747013567445,0.269976232386503,0.0014361253089358748,0.003062109234343839,0.46899871919285513,0.009186327703031516,0.011763463854174991,0.6423522588195913,0.6390705515221563,False,1.0,False,False
return,nonnested,ElasticNet,B,False,rolling_9m_3m,3,32,0.0031298311429371816,0.0030411130369565826,0.011915251836766522,0.006697907854178583,0.2141343029154433,0.008785420693829342,0.007334101722654091,1.1978863978246053,0.022002305167962272,0.028174840906931644,0.24004010967181102,0.23096124583635158,False,1.0,False,False
return,nonnested,ElasticNet,B,False,rolling_9m_3m,5,32,0.00417001920260518,0.0031494725519196545,0.0065565235730471886,0.00502599952742961,-0.24391824079791044,0.0023865043704420098,0.0071236396519096835,0.33501194432290565,0.02137091895572905,0.027366325347098205,0.7398725065948248,0.7376160760808887,False,1.0,False,False
return,nonnested,OLS,B,False,expanding,1,27,0.010934267464915057,0.004725366981356319,0.009908597121103683,0.0063939579669501645,0.7384174714019389,-0.001025670343811374,0.004172654190302678,-0.24580765551936942,0.012517962570908033,0.016029756937823762,0.8077612145877251,0.8058311306097793,False,1.0,False,False
return,nonnested,OLS,B,False,expanding,3,27,0.015771230321329526,0.007676901419072728,0.020963431435312267,0.009122834181862287,0.8943176644615886,0.00519220111398274,0.0037528289073912075,1.3835432528663072,0.011258486722173623,0.014416947216600303,0.1782631453084085,0.16649835456210738,False,1.0,False,False
return,nonnested,OLS,B,False,expanding,5,27,0.01445126224798524,0.010240423486595823,0.022692710166338382,0.01100372711763257,0.898474462606961,0.008241447918353148,0.004810728724744892,1.7131391915660725,0.014432186174234675,0.018480997617939126,0.09858869389336002,0.08668693540060539,False,1.0,False,False
return,nonnested,OLS,B,False,rolling_9m_3m,1,32,0.00948115228747443,0.004425728768665274,0.012452224261235573,0.005416871477128751,0.6883987742686661,0.0029710719737611416,0.003248111171731523,0.9147075997947769,0.009744333515194568,0.012478012846329217,0.36740558827242653,0.3603451535792298,False,1.0,False,False
return,nonnested,OLS,B,False,rolling_9m_3m,3,32,0.009838397225096468,0.007408013148480275,0.017035110134748357,0.008176789848125724,0.8659942732890423,0.007196712909651888,0.0031579160438872035,2.2789437114968925,0.009473748131661611,0.012131517328037656,0.0297112730372122,0.022670411558392875,False,1.0,False,False
return,nonnested,OLS,B,False,rolling_9m_3m,5,32,0.005228852519367259,0.008213141751213422,0.01370661809178571,0.010149683724601304,0.8985127350417222,0.008477765572418453,0.003969327455974661,2.1358191447918107,0.011907982367923982,0.015248652637876213,0.0406998537311637,0.03269415803038118,False,1.0,False,False
return,nonnested,XGBoost,B,False,expanding,1,27,0.005666212362136149,0.004667593382969933,0.0008531692247236718,0.005727050244001306,0.3628897274896963,-0.004813043137412477,0.004720853768979103,-1.019528113545722,0.01416256130693731,0.018135732079502843,0.31734589781613,0.3079523133177384,False,1.0,False,False
return,nonnested,XGBoost,B,False,expanding,3,27,0.009302979880933485,0.006580678848255488,0.01033775034399331,0.007859147685059251,0.25781580707280033,0.001034770463059825,0.009239743753688572,0.11199125112606476,0.027719231261065715,0.03549559579694272,0.911690486531453,0.9108303435210497,False,1.0,False,False
return,nonnested,XGBoost,B,False,expanding,5,27,0.005906494306145962,0.006065894535854289,0.015899323049837596,0.01214956175181699,0.45804271169397853,0.00999282874369163,0.010493840244901034,0.9522566105908801,0.0314815207347031,0.0403133595065338,0.3497362884253007,0.34096685705127927,False,1.0,False,False
return,nonnested,XGBoost,B,False,rolling_9m_3m,1,32,0.005306697597730103,0.0034658729028949494,0.014996468667176365,0.0027226237666790718,-0.20418447002868498,0.009689771069446263,0.00461732071295754,2.098570073820941,0.013851962138872619,0.017737997293113712,0.04409755753191826,0.03585481672134972,False,1.0,False,False
return,nonnested,XGBoost,B,False,rolling_9m_3m,3,32,0.007673407159024369,0.006737941019526178,0.009921623272691409,0.0039219992997859944,0.2804068828358892,0.0022482161136670406,0.007223377684790279,0.3112416672328985,0.021670133054370835,0.027749481092007092,0.7577003424173201,0.7556169090885078,False,1.0,False,False
return,nonnested,XGBoost,B,False,rolling_9m_3m,5,32,0.009907661199575896,0.00488696276799591,0.008866022433767355,0.0046517332703583094,0.43729941330133537,-0.001041638765808539,0.006367773717114602,-0.16357973949497245,0.019103321151343805,0.02446257472225498,0.8711238102444169,0.8700619953819024,False,1.0,False,False
return,nonnested,ElasticNet,candidate_6,False,expanding,1,27,0.0,0.0,0.002500261135731042,0.0020414739542428473,,0.002500261135731042,0.0020414739542428473,1.224733301414248,0.006124421862728542,0.007842569690405383,0.23165662615005556,0.22067572260554513,False,1.0,False,False
return,nonnested,ElasticNet,candidate_6,False,expanding,3,27,0.01372543197795393,0.00608360993637468,0.014041380897952116,0.010542893825889178,0.5109667677777244,0.00031594891999818314,0.009524233080531826,0.03317316127468615,0.02857269924159548,0.03658849603566863,0.9737898606027815,0.9735365005392886,False,1.0,False,False
return,nonnested,ElasticNet,candidate_6,False,expanding,5,27,0.0021364715254132607,0.005686209906718021,0.02310347839972317,0.012573999884495745,0.3247185414917739,0.020967006874309916,0.012229331352995632,1.7144851397925325,0.0366879940589869,0.046980458998067,0.09833792096040948,0.08643966393882324,False,1.0,False,False
return,nonnested,ElasticNet,candidate_6,False,rolling_9m_3m,1,32,0.0022280204851262506,0.0021768213086304057,0.007097186578673558,0.0030655424786254493,-0.08465415403303161,0.004869166093547307,0.0034951431324603856,1.393123517124658,0.010485429397381157,0.013427016072036366,0.17349261747756903,0.16358244273457534,False,1.0,False,False
return,nonnested,ElasticNet,candidate_6,False,rolling_9m_3m,3,32,0.0031298311429371816,0.0030411130369565826,0.01951703556669103,0.004622183685361337,0.1601589865133311,0.016387204423753847,0.005174157384765045,3.1671252351165156,0.015522472154295135,0.019877152875161497,0.003446556004028988,0.0015395400255945931,False,0.12407601614504357,True,False
return,nonnested,ElasticNet,candidate_6,False,rolling_9m_3m,5,32,0.00417001920260518,0.0031494725519196545,0.022902274100518122,0.006772822749819958,-0.28863883299173304,0.018732254897912942,0.008719572464154017,2.1482996987433567,0.026158717392462054,0.03349729472597177,0.03961460622785854,0.031689954819147464,False,1.0,False,False
return,nonnested,OLS,candidate_6,False,expanding,1,27,0.010934267464915057,0.004725366981356319,0.014042956797923747,0.006127696704005688,0.7503754975292296,0.0031086893330086927,0.0036771340570409656,0.8454109327497004,0.011031402171122896,0.01412615627222269,0.4055946071338199,0.3978814425128119,False,1.0,False,False
return,nonnested,OLS,candidate_6,False,expanding,3,27,0.015771230321329526,0.007676901419072728,0.022676733931417805,0.010564914022025739,0.8825572748434144,0.00690550361008828,0.005369186489170111,1.2861359209662373,0.016107559467510333,0.02062638082380871,0.20973163859020105,0.1983956296919971,False,1.0,False,False
return,nonnested,OLS,candidate_6,False,expanding,5,27,0.01445126224798524,0.010240423486595823,0.0240053490136881,0.012260773724261423,0.9073513584707241,0.009554086765702866,0.005668741828314288,1.685398110385274,0.017006225484942863,0.021777158975295113,0.1038788221782765,0.09191178797986274,False,1.0,False,False
return,nonnested,OLS,candidate_6,False,rolling_9m_3m,1,32,0.00948115228747443,0.004425728768665274,0.015619906889229564,0.0057376292230757854,0.7567497959668956,0.006138754601755137,0.0033882670318637525,1.8117682414123215,0.010164801095591258,0.013016438574622865,0.07972023563044235,0.0700220142287385,False,1.0,False,False
return,nonnested,OLS,candidate_6,False,rolling_9m_3m,3,32,0.009838397225096468,0.007408013148480275,0.0174795579138341,0.009140394923442234,0.8761188342869836,0.007641160688737629,0.004317209793963859,1.7699303609060597,0.012951629381891577,0.016585084814280508,0.08657498210249381,0.07673874236475102,False,1.0,False,False
return,nonnested,OLS,candidate_6,False,rolling_9m_3m,5,32,0.005228852519367259,0.008213141751213422,0.014825928727312384,0.011137238776535031,0.897432336604675,0.009597076207945126,0.0050091802261191705,1.915897567011758,0.015027540678357511,0.019243373119452976,0.06464032675901578,0.0553781352470647,False,1.0,False,False
return,nonnested,XGBoost,candidate_6,False,expanding,1,27,0.005666212362136149,0.004667593382969933,-8.863882328455686e-05,0.004092559449885677,-0.07899255082039829,-0.005754851185420706,0.00560091957859531,-1.0274832738919635,0.01680275873578593,0.021516611580666003,0.31365761379755636,0.3041929574217074,False,1.0,False,False
return,nonnested,XGBoost,candidate_6,False,expanding,3,27,0.009302979880933485,0.006580678848255488,0.010974830639369977,0.008686551717271144,0.44744256227228474,0.0016718507584364917,0.00834777019610515,0.20027512966474967,0.02504331058831545,0.03206897123834468,0.8428237168316723,0.8412654121539069,False,1.0,False,False
return,nonnested,XGBoost,candidate_6,False,expanding,5,27,0.005906494306145962,0.006065894535854289,0.013465835494644763,0.010363852094526466,0.4786776891741919,0.007559341188498804,0.008849977633996897,0.8541650048311811,0.02654993290199069,0.03399826199540786,0.40081542467880593,0.39301357023819783,False,1.0,False,False
return,nonnested,XGBoost,candidate_6,False,rolling_9m_3m,1,32,0.005306697597730103,0.0034658729028949494,0.008470619880241803,0.003124190284370699,-0.05950732396608884,0.0031639222825117002,0.0045477846881427616,0.6957062612838412,0.013643354064428286,0.017470866223687008,0.49179583671397964,0.4866128035759377,False,1.0,False,False
return,nonnested,XGBoost,candidate_6,False,rolling_9m_3m,3,32,0.007673407159024369,0.006737941019526178,0.018282696634540477,0.003510029401071422,0.3409870076386484,0.010609289475516107,0.006402316690598329,1.6571016380829193,0.019206950071794987,0.02459527574266081,0.10758700931121458,0.09749892802575094,False,1.0,False,False
return,nonnested,XGBoost,candidate_6,False,rolling_9m_3m,5,32,0.009907661199575896,0.00488696276799591,0.02014332981545775,0.0061841942915145665,0.37767751392560656,0.01023566861588186,0.0055587461294680654,1.8413628500896018,0.016676238388404197,0.02135459716300577,0.07515558370348455,0.06556840307931812,False,1.0,False,False
return,ols,OLS,C,True,expanding,1,27,0.010934267464915057,0.004725366981356319,0.006029946204026745,0.005720042774854593,0.9192289364383446,-0.004904321260888311,0.0023669106748428347,-2.0720347890669606,0.0071007320245285045,0.00909277430644663,0.04831744652770588,0.03826219694672899,False,1.0,False,False
return,ols,OLS,C,True,expanding,3,27,0.015771230321329526,0.007676901419072728,0.014696399042190134,0.007757227280150955,0.9643565157565765,-0.0010748312791393942,0.0026350836346971805,-0.4078926622998484,0.007905250904091542,0.010122993243293181,0.6866919356956387,0.6833524800625692,False,1.0,False,False
return,ols,OLS,C,True,expanding,5,27,0.01445126224798524,0.010240423486595823,0.014072210582177166,0.010002013337091591,0.9637357168438158,-0.00037905166580807457,0.0030900439514951325,-0.12266869719593101,0.009270131854485397,0.011870778456737254,0.9033127444183517,0.902369452633647,False,1.0,False,False
return,ols,OLS,C,True,rolling_9m_3m,1,32,0.00948115228747443,0.004425728768665274,0.008101949929952211,0.004408652604472196,0.8400201731768013,-0.0013792023575222184,0.0021339015760459524,-0.6463289464727018,0.006401704728137857,0.008197641604892838,0.5228229206308976,0.5180663453452121,False,1.0,False,False
return,ols,OLS,C,True,rolling_9m_3m,3,32,0.009838397225096468,0.007408013148480275,0.01042868149667906,0.006738810554816355,0.9064543129765504,0.0005902842715825919,0.0024322090534063335,0.24269471029058656,0.007296627160219,0.00934362594405405,0.8098405202111019,0.8082419055419934,False,1.0,False,False
return,ols,OLS,C,True,rolling_9m_3m,5,32,0.005228852519367259,0.008213141751213422,0.005742659006028163,0.007561281546184414,0.917657992447927,0.0005138064866609022,0.0027440637761899024,0.18724290999326407,0.008232191328569708,0.010541653668889402,0.8526903193941431,0.8514701824292973,False,1.0,False,False
return,ols,OLS,D,True,expanding,1,27,0.010934267464915057,0.004725366981356319,0.009339087902952918,0.004858328523326176,0.908022136459445,-0.0015951795619621354,0.0018076305603996017,-0.8824699011558529,0.005422891681198805,0.006944231943286416,0.3856091808093617,0.3775227494805782,False,1.0,False,False
return,ols,OLS,D,True,expanding,3,27,0.015771230321329526,0.007676901419072728,0.014355782508296232,0.007689045549154062,0.9727667168704786,-0.0014154478130332922,0.002072432820956315,-0.6829885141368008,0.006217298462868945,0.007961501930139194,0.5006552066107209,0.49461410039789333,False,1.0,False,False
return,ols,OLS,D,True,expanding,5,27,0.01445126224798524,0.010240423486595823,0.014159403063394718,0.01000613273441349,0.972998506410622,-0.0002918591845905191,0.0029251015833625937,-0.09977745260217871,0.008775304750087781,0.011237132353003491,0.9212863824456332,0.9205210089234978,False,1.0,False,False
return,ols,OLS,D,True,rolling_9m_3m,1,32,0.00948115228747443,0.004425728768665274,0.007760302557128013,0.0037446245468897594,0.8750331798759989,-0.001720849730346417,0.001996614129621629,-0.8618839788900667,0.005989842388864887,0.007670235235606153,0.3953696720063331,0.3887513660590314,False,1.0,False,False
return,ols,OLS,D,True,rolling_9m_3m,3,32,0.009838397225096468,0.007408013148480275,0.008618695305573694,0.005819279155215366,0.9211162610789986,-0.0012197019195227766,0.0032586189895633753,-0.37430025523978344,0.009775856968690126,0.012518379902430578,0.7107291295775515,0.7081809422035918,False,1.0,False,False
return,ols,OLS,D,True,rolling_9m_3m,5,32,0.005228852519367259,0.008213141751213422,0.00619206476259228,0.007431713810444947,0.9248607273189976,0.0009632122432250218,0.00378002613489717,0.25481629196492966,0.01134007840469151,0.014521428663281521,0.8005478935661244,0.7988649913860663,False,1.0,False,False
return,ols,OLS,repr_bkm,True,expanding,1,27,0.010934267464915057,0.004725366981356319,0.009872423743499762,0.004639378680077464,0.9888836203775905,-0.0010618437214152936,0.000685973192688123,-1.5479376347845997,0.002057919578064369,0.0026352491826924975,0.1337245814239849,0.12163731245573,False,1.0,False,False
return,ols,OLS,repr_bkm,True,expanding,3,27,0.015771230321329526,0.007676901419072728,0.014509245937194881,0.007434947073721211,0.9970107263940606,-0.0012619843841346443,0.0005514921039903056,-2.2883090709796057,0.0016544763119709168,0.00211862377683696,0.030494475952670456,0.02211952863649116,False,1.0,False,False
return,ols,OLS,repr_bkm,True,expanding,5,27,0.01445126224798524,0.010240423486595823,0.013239087569697302,0.009957530360124518,0.997848110923298,-0.0012121746782879366,0.0007149600510157244,-1.695443929441698,0.002144880153047173,0.002746605713138381,0.10193616261344,0.08999123840989834,False,1.0,False,False
return,ols,OLS,repr_bkm,True,rolling_9m_3m,1,32,0.00948115228747443,0.004425728768665274,0.008876086008865846,0.004165902757448001,0.9950483145761221,-0.0006050662786085841,0.0004644100375163082,-1.3028708032335254,0.0013932301125489247,0.0017840874612070434,0.20221430779158223,0.19261887325769922,False,1.0,False,False
return,ols,OLS,repr_bkm,True,rolling_9m_3m,3,32,0.009838397225096468,0.007408013148480275,0.009422101484900152,0.007375789218309139,0.9971548071602087,-0.00041629574019631826,0.0004329281599076076,-0.9615815711437229,0.001298784479722823,0.0016631460117127155,0.3437007734554891,0.33625983237943136,False,1.0,False,False
return,ols,OLS,repr_bkm,True,rolling_9m_3m,5,32,0.005228852519367259,0.008213141751213422,0.0043475372525403014,0.00826425050956569,0.9977980245335545,-0.0008813152668269587,0.0005606264072043959,-1.5720188266223507,0.0016818792216131877,0.0021537143100181025,0.12609826062920546,0.11594618510059335,False,1.0,False,False
return,ols,OLS,repr_grid,True,expanding,1,27,0.010934267464915057,0.004725366981356319,0.010109356171190147,0.004887100698428627,0.9340735147393475,-0.0008249112937249101,0.0017764698573517006,-0.46435423056074765,0.0053294095720551014,0.006824524324804539,0.6462588812342875,0.642393976112591,False,1.0,False,False
return,ols,OLS,repr_grid,True,expanding,3,27,0.015771230321329526,0.007676901419072728,0.015663740650002315,0.007884694654973212,0.9774114911384192,-0.00010748967132721253,0.0017467485889256782,-0.061537001952480797,0.005240245766777034,0.006710346468930411,0.9514021605997762,0.9509315469343083,False,1.0,False,False
return,ols,OLS,repr_grid,True,expanding,5,27,0.01445126224798524,0.010240423486595823,0.013977352781451359,0.009714177838828233,0.9798768712633186,-0.000473909466533878,0.0024558325502275647,-0.19297303738805976,0.007367497650682694,0.009434378471053733,0.8484795942665202,0.8469800842339633,False,1.0,False,False
return,ols,OLS,repr_grid,True,rolling_9m_3m,1,32,0.00948115228747443,0.004425728768665274,0.008782654538020136,0.0037809184111145546,0.9297083218636994,-0.0006984977494542931,0.0020045719900183097,-0.3484523144753275,0.006013715970054929,0.00770080632107985,0.7298559347038357,0.7275005199367025,False,1.0,False,False
return,ols,OLS,repr_grid,True,rolling_9m_3m,3,32,0.009838397225096468,0.007408013148480275,0.009862664086028934,0.006217816595951585,0.9612707410257157,2.426686093246486e-05,0.0025213262709003373,0.009624641289998313,0.007563978812701011,0.00968598053905595,0.9923824392861518,0.992320765870965,False,1.0,False,False
return,ols,OLS,repr_grid,True,rolling_9m_3m,5,32,0.005228852519367259,0.008213141751213422,0.00638476417723404,0.00713880596077037,0.956730712974689,0.0011559116578667792,0.0028078343846293483,0.411673731255117,0.008423503153888045,0.010786636192348242,0.6834111619073913,0.6805785814291216,False,1.0,False,False
return,ols,OLS,repr_grid_raw,True,expanding,1,27,0.010934267464915057,0.004725366981356319,0.011178585084613724,0.0042930258158826885,0.98258219471417,0.0002443176196986673,0.001180970696990204,0.20687864679566548,0.0035429120909706117,0.004536842105784972,0.8377162957094355,0.8361046331557859,False,1.0,False,False
return,ols,OLS,repr_grid_raw,True,expanding,3,27,0.015771230321329526,0.007676901419072728,0.01486931638596445,0.007410003925030716,0.9882294910939043,-0.0009019139353650741,0.0016350796993077597,-0.5516024299897525,0.004905239097923279,0.0062813568914447055,0.5859308690363337,0.5812207712010846,False,1.0,False,False
return,ols,OLS,repr_grid_raw,True,expanding,5,27,0.01445126224798524,0.010240423486595823,0.014079664055631276,0.009542764000260854,0.9897427890751973,-0.00037159819235396143,0.0015506112137886167,-0.23964626919344506,0.00465183364136585,0.00595686096390662,0.8124837192813187,0.8106044921149951,False,1.0,False,False
return,ols,OLS,repr_grid_raw,True,rolling_9m_3m,1,32,0.00948115228747443,0.004425728768665274,0.008350877958720446,0.004255735490077936,0.9307247501859489,-0.0011302743287539831,0.0011919497522897913,-0.9482566916790521,0.0035758492568693737,0.004579019477748437,0.35033289393533973,0.34299879261824084,False,1.0,False,False
return,ols,OLS,repr_grid_raw,True,rolling_9m_3m,3,32,0.009838397225096468,0.007408013148480275,0.010321897884783816,0.006489783204211695,0.9635024377463337,0.0004835006596873475,0.0018367233890475927,0.26324086826054954,0.005510170167142778,0.007055995571565237,0.7941067685376934,0.792364932933638,False,1.0,False,False
return,ols,OLS,repr_grid_raw,True,rolling_9m_3m,5,32,0.005228852519367259,0.008213141751213422,0.005699212174818275,0.007651890791115883,0.961263452231332,0.00047035965545101687,0.0022365777198311582,0.2103032911758259,0.006709733159493475,0.00859208445903947,0.8348071491588358,0.8334309667410625,False,1.0,False,False
return,ols,OLS,repr_svi,True,expanding,1,27,0.010934267464915057,0.004725366981356319,0.008682378456849884,0.00509986840101535,0.9603051523950558,-0.0022518890080651718,0.0017801375766335551,-1.2650084114980331,0.005340412729900665,0.006838614313076496,0.2170892364458256,0.20586831259609173,False,1.0,False,False
return,ols,OLS,repr_svi,True,expanding,3,27,0.015771230321329526,0.007676901419072728,0.013531350166146561,0.007822792685849842,0.9910829477631715,-0.0022398801551829634,0.00155449311068217,-1.4409070968478077,0.00466347933204651,0.005971773741439435,0.1615465311168218,0.1496109308650891,False,1.0,False,False
return,ols,OLS,repr_svi,True,expanding,5,27,0.01445126224798524,0.010240423486595823,0.013021303558333383,0.010107937769517808,0.9847290317604653,-0.0014299586896518556,0.0026212495995885537,-0.5455255729467008,0.007863748798765662,0.010069848120273887,0.5900421361739623,0.5853920971910191,False,1.0,False,False
return,ols,OLS,repr_svi,True,rolling_9m_3m,1,32,0.00948115228747443,0.004425728768665274,0.007208290786050904,0.0038910792734121527,0.8852283874929754,-0.0022728615014235252,0.0019518315275902985,-1.1644762723089965,0.005855494582770895,0.007498197440747948,0.2531145889669153,0.24423105364637876,False,1.0,False,False
return,ols,OLS,repr_svi,True,rolling_9m_3m,3,32,0.009838397225096468,0.007408013148480275,0.007285262946108709,0.006858398440246936,0.9550234042212542,-0.002553134278987757,0.0022620496107785865,-1.1286818232554061,0.00678614883233576,0.008689937816162363,0.2676913141278196,0.25903207979006904,False,1.0,False,False
return,ols,OLS,repr_svi,True,rolling_9m_3m,5,32,0.005228852519367259,0.008213141751213422,0.0038076033248754144,0.007978198425611462,0.9545331694227557,-0.0014212491944918452,0.0029425127672265206,-0.48300527709568797,0.008827538301679563,0.011304019526636795,0.6324857436045253,0.6290919892840978,False,1.0,False,False
return,primary,ElasticNet,C,True,expanding,1,27,0.0,0.0,0.0,0.0,,0.0,0.0,,0.0,0.0,1.0,1.0,True,1.0,False,False
return,primary,ElasticNet,C,True,expanding,3,27,0.01372543197795393,0.00608360993637468,0.010232285436176712,0.011262857387478386,0.7257824262476484,-0.003493146541777225,0.007682652885636615,-0.4546797302671275,0.023047958656909846,0.029513842455631843,0.6531132781660135,0.6493396654761974,False,1.0,False,False
return,primary,ElasticNet,C,True,expanding,5,27,0.0021364715254132607,0.005686209906718021,0.007960730077420137,0.01017504719537664,0.6999723212256165,0.005824258552006874,0.007779572427068776,0.7486604960115225,0.02333871728120633,0.029886170623945784,0.4607814240809692,0.45406185947254885,False,1.0,False,False
return,primary,ElasticNet,C,True,rolling_9m_3m,1,32,0.0022280204851262506,0.0021768213086304057,0.00013195032145886992,0.003274848559544222,0.5970572943233757,-0.0020960701636673802,0.003016769216404947,-0.6948062689943667,0.00905030764921484,0.011589284678530366,0.4923519487242347,0.4871767189469537,False,1.0,False,False
return,primary,ElasticNet,C,True,rolling_9m_3m,3,32,0.0031298311429371816,0.0030411130369565826,0.009237456117002416,0.004347459400667441,0.7838308362115411,0.0061076249740652355,0.002929363855982712,2.0849663184010008,0.008788091567948136,0.011253506390004216,0.04539968551103398,0.03707235798855203,False,1.0,False,False
return,primary,ElasticNet,C,True,rolling_9m_3m,5,32,0.00417001920260518,0.0031494725519196545,-0.0011842309211064234,0.006674328787648017,-0.3530994934547886,-0.005354250123711602,0.008227085767727986,-0.6508076219059822,0.024681257303183955,0.03160534737572935,0.5199657631852549,0.5151706794679007,False,1.0,False,False
return,primary,XGBoost,C,True,expanding,1,27,0.005666212362136149,0.004667593382969933,0.0020557585922752804,0.00558668689599319,0.41908410604263413,-0.0036104537698608695,0.004603481582791842,-0.7842876537959911,0.013810444748375526,0.017684832596814987,0.4399587862873894,0.43287134221499834,False,1.0,False,False
return,primary,XGBoost,C,True,expanding,3,27,0.009302979880933485,0.006580678848255488,0.006759523701724441,0.008805263227644048,0.22409310225521592,-0.002543456179209044,0.010564749235997357,-0.24074931854915255,0.03169424770799207,0.040585764992380674,0.8116377309853753,0.8097494122494795,False,1.0,False,False
return,primary,XGBoost,C,True,expanding,5,27,0.005906494306145962,0.006065894535854289,0.014433581592574563,0.008857436828682962,0.449908761977517,0.008527087286428599,0.007300172097150921,1.1680666117113203,0.021900516291452763,0.02804449613715149,0.25337967256184135,0.2427798968315903,False,1.0,False,False
return,primary,XGBoost,C,True,rolling_9m_3m,1,32,0.005306697597730103,0.0034658729028949494,0.012176746632703146,0.0038618286209348377,0.3747823954769618,0.006870049034973041,0.005035745110303689,1.3642567057089852,0.015107235330911068,0.01934542534260363,0.18230996356855445,0.17248678676127072,False,1.0,False,False
return,primary,XGBoost,C,True,rolling_9m_3m,3,32,0.007673407159024369,0.006737941019526178,0.0016680233291835435,0.004374137266800756,0.18454465431784473,-0.0060053838298408276,0.007793902150636251,-0.7705233801723546,0.023381706451908752,0.029941219994273825,0.44682237397723934,0.440989491621935,False,1.0,False,False
return,primary,XGBoost,C,True,rolling_9m_3m,5,32,0.009907661199575896,0.00488696276799591,0.0005843597217078137,0.00643877162035038,0.3338205254010439,-0.009323301477868081,0.007780132919219584,-1.1983473257682198,0.02334039875765875,0.029888323822493575,0.23986328929728576,0.2307818296141657,False,1.0,False,False
return,primary,ElasticNet,D,True,expanding,1,27,0.0,0.0,0.0,0.0,,0.0,0.0,,0.0,0.0,1.0,1.0,True,1.0,False,False
return,primary,ElasticNet,D,True,expanding,3,27,0.01372543197795393,0.00608360993637468,0.012130661303770208,0.010394574853948013,0.6479494850295475,-0.0015947706741837237,0.008224766093163314,-0.19389860527575947,0.024674298279489942,0.03159643606466673,0.8477622264033532,0.8462552758033586,False,1.0,False,False
return,primary,ElasticNet,D,True,expanding,5,27,0.0021364715254132607,0.005686209906718021,0.00873440970694008,0.010742557290867741,0.5519464868982529,0.006597938181526819,0.00923916388672666,0.7141271940208433,0.027717491660179984,0.0354933681677092,0.48151100642346956,0.4751485317156783,False,1.0,False,False
return,primary,ElasticNet,D,True,rolling_9m_3m,1,32,0.0022280204851262506,0.0021768213086304057,-0.0007658647785255953,0.0035590888190912065,0.48979137680473145,-0.002993885263651846,0.0035923538221093844,-0.8334048960394093,0.010777061466328154,0.013800462721522227,0.41099199083263926,0.40461641437704865,False,1.0,False,False
return,primary,ElasticNet,D,True,rolling_9m_3m,3,32,0.0031298311429371816,0.0030411130369565826,0.008676282925904166,0.004462878320660118,0.7275018960442063,0.005546451782966987,0.0036863003106153668,1.5046120271305565,0.0110589009318461,0.014161369546586422,0.14254530006544144,0.13242385232113854,False,1.0,False,False
return,primary,ElasticNet,D,True,rolling_9m_3m,5,32,0.00417001920260518,0.0031494725519196545,0.0057651814461464855,0.004659851173542244,-0.2855524002696302,0.0015951622435413058,0.005902411727024705,0.2702560101386552,0.017707235181074116,0.02267483021982788,0.7887544406762852,0.7869633053304436,False,1.0,False,False
return,primary,XGBoost,D,True,expanding,1,27,0.005666212362136149,0.004667593382969933,0.006141964012490836,0.005657041834980951,0.3395520707231736,0.0004757516503546866,0.006166825536013886,0.07714692876850916,0.018500476608041657,0.023690607922890614,0.9390972822216883,0.938506660454999,False,1.0,False,False
return,primary,XGBoost,D,True,expanding,3,27,0.009302979880933485,0.006580678848255488,0.004820330239547544,0.007850609675563086,0.26559806095120536,-0.004482649641385937,0.008800607368437354,-0.5093568493309436,0.026401822105312063,0.03380860013492719,0.6147982350550354,0.6105021165810189,False,1.0,False,False
return,primary,XGBoost,D,True,expanding,5,27,0.005906494306145962,0.006065894535854289,0.008226430892092282,0.01037624233572881,0.6621438569602284,0.0023199365859463174,0.007854942313679319,0.29534737408652467,0.023564826941037956,0.030175713180720827,0.7700743164265371,0.7677285303865932,False,1.0,False,False
return,primary,XGBoost,D,True,rolling_9m_3m,1,32,0.005306697597730103,0.0034658729028949494,0.005859360210444381,0.00402727449889665,0.3517371770233658,0.0005526626127142788,0.004713897272948516,0.11724112357853558,0.014141691818845548,0.018109007856640474,0.9074252928762936,0.9066689797072565,False,1.0,False,False
return,primary,XGBoost,D,True,rolling_9m_3m,3,32,0.007673407159024369,0.006737941019526178,0.009458872676881183,0.006292600157269144,0.6294746270438418,0.001785465517856812,0.00432976846889137,0.41236974463763365,0.012989305406674109,0.01663333048654757,0.6829063760045843,0.6800684356316644,False,1.0,False,False
return,primary,XGBoost,D,True,rolling_9m_3m,5,32,0.009907661199575896,0.00488696276799591,0.005725309261988373,0.009142529726305876,0.13761232944696689,-0.0041823519375875215,0.010886772418243115,-0.3841682159699689,0.03266031725472934,0.04182285608699869,0.7034763997195679,0.7008537741586314,False,1.0,False,False
return,primary,ElasticNet,repr_bkm,True,expanding,1,27,0.0,0.0,0.0,0.0,,0.0,0.0,,0.0,0.0,1.0,1.0,True,1.0,False,False
return,primary,ElasticNet,repr_bkm,True,expanding,3,27,0.01372543197795393,0.00608360993637468,0.01381552235112274,0.006111087417438862,0.9999370247162165,9.009037316880846e-05,8.309661922345847e-05,1.084164121365068,0.0002492898576703754,0.0003192257368469613,0.28824354408544905,0.27829203654663426,False,1.0,False,False
return,primary,ElasticNet,repr_bkm,True,expanding,5,27,0.0021364715254132607,0.005686209906718021,0.00104216863474053,0.0054686626557490575,0.9785747272761228,-0.0010943028906727308,0.0008504914131971948,-1.2866712981369113,0.002551474239591584,0.0032672658719097784,0.20954770717052815,0.19820888114896829,False,1.0,False,False
return,primary,ElasticNet,repr_bkm,True,rolling_9m_3m,1,32,0.0022280204851262506,0.0021768213086304057,0.002196546263849284,0.0021712446756209473,0.9999689793479545,-3.147422127696667e-05,2.9265549118862463e-05,-1.07547003984561,8.779664735658739e-05,0.00011242715490719314,0.29046376829818144,0.2821643387526057,False,1.0,False,False
return,primary,ElasticNet,repr_bkm,True,rolling_9m_3m,3,32,0.0031298311429371816,0.0030411130369565826,0.0015546695285352363,0.003329280357478029,0.930113847745378,-0.0015751616144019452,0.00131004926333126,-1.202368230333983,0.00393014778999378,0.0050327130670399225,0.23832488024938422,0.22922089236694476,False,1.0,False,False
return,primary,ElasticNet,repr_bkm,True,rolling_9m_3m,5,32,0.00417001920260518,0.0031494725519196545,-0.002572605327265409,0.0036861793045555595,-0.5416619593817535,-0.006742624529870588,0.006054630059911307,-1.1136311323980972,0.01816389017973392,0.023259595399584124,0.2739980017437602,0.2654374647929282,False,1.0,False,False
return,primary,XGBoost,repr_bkm,True,expanding,1,27,0.005666212362136149,0.004667593382969933,0.0034852873212262723,0.003923925334893893,0.44553162568342736,-0.002180925040909877,0.005478602235213531,-0.3980805591053964,0.016435806705640592,0.02104671467709633,0.6938207789260855,0.6905708043049934,False,1.0,False,False
return,primary,XGBoost,repr_bkm,True,expanding,3,27,0.009302979880933485,0.006580678848255488,0.007129132572210078,0.004371064136225421,0.6551657670653728,-0.0021738473087234067,0.006082904798970422,-0.3573699376474455,0.018248714396911267,0.023368216237527353,0.7236994591904784,0.7208148791146484,False,1.0,False,False
return,primary,XGBoost,repr_bkm,True,expanding,5,27,0.005906494306145962,0.006065894535854289,0.008493839685232414,0.005278432708645312,0.4955766499791726,0.002587345379086448,0.006241029451880053,0.4145702882890633,0.01872308835564016,0.02397567126169634,0.6818571677544373,0.6784565024430638,False,1.0,False,False
return,primary,XGBoost,repr_bkm,True,rolling_9m_3m,1,32,0.005306697597730103,0.0034658729028949494,0.005520826056915696,0.0037058491527643864,0.5851110019570811,0.00021412845918559196,0.004152115896820798,0.05157092540445375,0.012456347690462393,0.015950856593482422,0.9592014673058491,0.9588705866671489,False,1.0,False,False
return,primary,XGBoost,repr_bkm,True,rolling_9m_3m,3,32,0.007673407159024369,0.006737941019526178,0.008190983087477196,0.00652215324156818,0.7567060014882551,0.0005175759284528262,0.0036032847532247573,0.1436400295562603,0.010809854259674272,0.013842455218597767,0.8867144100146906,0.8857847293973371,False,1.0,False,False
return,primary,XGBoost,repr_bkm,True,rolling_9m_3m,5,32,0.009907661199575896,0.00488696276799591,0.007660506683486126,0.006357477156112474,0.6607670670029651,-0.0022471545160897693,0.005528522666753639,-0.40646564218742787,0.016585568000260918,0.021238490066889933,0.6871930442266662,0.6844004968225885,False,1.0,False,False
return,primary,ElasticNet,repr_grid,True,expanding,1,27,0.0,0.0,0.0014242118949409173,0.0012727977132061103,,0.0014242118949409173,0.0012727977132061103,1.1189617015836733,0.0038183931396183306,0.004889606721095642,0.27338815187515436,0.26315647808731923,False,1.0,False,False
return,primary,ElasticNet,repr_grid,True,expanding,3,27,0.01372543197795393,0.00608360993637468,0.008991942841312642,0.011058137638372646,0.4723379117412823,-0.004733489136641289,0.010115457072213214,-0.46794614448456395,0.03034637121663964,0.03885975467590959,0.643722032908123,0.6398231034086628,False,1.0,False,False
return,primary,ElasticNet,repr_grid,True,expanding,5,27,0.0021364715254132607,0.005686209906718021,0.011272913292465212,0.010092092228189159,0.5258358752114501,0.009136441767051954,0.00947799359088442,0.9639636996419835,0.02843398077265326,0.03641086143040958,0.34394490852861415,0.335064125583751,False,1.0,False,False
return,primary,ElasticNet,repr_grid,True,rolling_9m_3m,1,32,0.0022280204851262506,0.0021768213086304057,0.002582358194109521,0.0038002863580334644,0.7883156950799234,0.00035433770898327024,0.0027110729234424997,0.13070017627313946,0.008133218770327499,0.010414915308461302,0.8968569867256367,0.8960124928955155,False,1.0,False,False
return,primary,ElasticNet,repr_grid,True,rolling_9m_3m,3,32,0.0031298311429371816,0.0030411130369565826,0.009477583055196415,0.005040255680486495,0.7240746245327044,0.006347751912259234,0.0038108411038892355,1.6657088918719019,0.011432523311667706,0.01463980810247333,0.10584681314103982,0.09577141007916526,False,1.0,False,False
return,primary,ElasticNet,repr_grid,True,rolling_9m_3m,5,32,0.00417001920260518,0.0031494725519196545,0.0028031549905349214,0.005989491145437373,-0.2001076331168186,-0.0013668642120702582,0.00677584454598226,-0.20172602880636348,0.02032753363794678,0.026030228283234674,0.8414488409519517,0.8401309128533964,False,1.0,False,False
return,primary,XGBoost,repr_grid,True,expanding,1,27,0.005666212362136149,0.004667593382969933,0.009413687847152368,0.00594545240092,0.17802925372329073,0.0037474754850162187,0.006269703479661591,0.5977117573698222,0.018809110438984776,0.024085826015673956,0.5552030965703849,0.5500322790000094,False,1.0,False,False
return,primary,XGBoost,repr_grid,True,expanding,3,27,0.009302979880933485,0.006580678848255488,0.005819659945752568,0.007188992251499045,0.03677880354994288,-0.0034833199351809196,0.009301192233746829,-0.3745025204986783,0.02790357670124049,0.0357316575827053,0.7110676831168852,0.7080304817255885,False,1.0,False,False
return,primary,XGBoost,repr_grid,True,expanding,5,27,0.005906494306145962,0.006065894535854289,0.009091102095121385,0.010131391570169155,0.647854804626288,0.0031846077889754183,0.007937203051578379,0.4012254402817794,0.02381160915473514,0.030491727778123232,0.6915327465201777,0.6882541520531029,False,1.0,False,False
return,primary,XGBoost,repr_grid,True,rolling_9m_3m,1,32,0.005306697597730103,0.0034658729028949494,0.007475037697236696,0.003967740135144279,0.2876042284447047,0.0021683400995065926,0.003269662308411201,0.6631694331027829,0.009808986925233604,0.0125608041506055,0.5121236216477129,0.5072220458332948,False,1.0,False,False
return,primary,XGBoost,repr_grid,True,rolling_9m_3m,3,32,0.007673407159024369,0.006737941019526178,0.016519326019790004,0.006136860387969323,0.5557778853406321,0.008845918860765637,0.004163660455300684,2.1245533721425462,0.012490981365902052,0.015995206414470976,0.04170207932600869,0.033623898094767395,False,1.0,False,False
return,primary,XGBoost,repr_grid,True,rolling_9m_3m,5,32,0.009907661199575896,0.00488696276799591,0.007241985057008044,0.00650508546888242,0.25783272969634324,-0.002665676142567852,0.007682728806021122,-0.3469699646925847,0.023048186418063367,0.029514134112993026,0.7309583392769013,0.728613883386134,False,1.0,False,False
return,primary,ElasticNet,repr_grid_raw,True,expanding,1,27,0.0,0.0,0.00041798192520827945,0.0004085863505904286,,0.00041798192520827945,0.0004085863505904286,1.0229953218071866,0.001225759051771286,0.0015696340001762575,0.31573469606478144,0.3063100577297424,False,1.0,False,False
return,primary,ElasticNet,repr_grid_raw,True,expanding,3,27,0.01372543197795393,0.00608360993637468,0.009945674030859932,0.009490183742523478,0.7342051859527151,-0.003779757947094,0.006165265892058287,-0.6130729822963271,0.01849579767617486,0.02368461636155397,0.5451541599670338,0.5398280837939482,False,1.0,False,False
return,primary,ElasticNet,repr_grid_raw,True,expanding,5,27,0.0021364715254132607,0.005686209906718021,0.010935315141760061,0.009137360653860808,0.6004827096670143,0.008798843616346799,0.008063607735995066,1.091179519691877,0.0241908232079852,0.03097732669780146,0.2852031017039223,0.2751938978144698,False,1.0,False,False
return,primary,ElasticNet,repr_grid_raw,True,rolling_9m_3m,1,32,0.0022280204851262506,0.0021768213086304057,0.0008814778742122759,0.0033048344116079313,0.8091956848926662,-0.0013465426109139753,0.0024549177643296426,-0.5485082353793924,0.007364753292988928,0.009430864210124103,0.5872718885241974,0.5833429760770955,False,1.0,False,False
return,primary,ElasticNet,repr_grid_raw,True,rolling_9m_3m,3,32,0.0031298311429371816,0.0030411130369565826,0.006282801746377328,0.004186205260737943,0.7771980554414698,0.0031529706034401474,0.003032616761133298,1.039686466107202,0.009097850283399895,0.011650164942858796,0.30652709114350896,0.29848559037955547,False,1.0,False,False
return,primary,ElasticNet,repr_grid_raw,True,rolling_9m_3m,5,32,0.00417001920260518,0.0031494725519196545,0.008400743126468987,0.0042232947665938715,0.7101247125437572,0.004230723923863805,0.003069744541949499,1.378200650265512,0.009209233625848497,0.011792795813997755,0.17800817880207132,0.16814134655435553,False,1.0,False,False
return,primary,XGBoost,repr_grid_raw,True,expanding,1,27,0.005666212362136149,0.004667593382969933,0.003908510104709444,0.005202162811602738,0.2661720284276593,-0.0017577022574267035,0.004526475416357982,-0.38831587399649614,0.013579426249073948,0.017389004072726623,0.7009437625801986,0.697782291416706,False,1.0,False,False
return,primary,XGBoost,repr_grid_raw,True,expanding,3,27,0.009302979880933485,0.006580678848255488,-8.841080584279969e-05,0.008401908015428866,0.24366495929031942,-0.009391390686776286,0.010007591972848867,-0.938426617737377,0.0300227759185466,0.03844537781983006,0.35666178748484,0.34802521221793303,False,1.0,False,False
return,primary,XGBoost,repr_grid_raw,True,expanding,5,27,0.005906494306145962,0.006065894535854289,0.010356462246691843,0.008575268876128611,0.581974939622314,0.004449967940545879,0.006580938791447722,0.6761904466166511,0.019742816374343167,0.025281474198069243,0.5048908509839733,0.49891973726588335,False,1.0,False,False
return,primary,XGBoost,repr_grid_raw,True,rolling_9m_3m,1,32,0.005306697597730103,0.0034658729028949494,0.0067027260882900055,0.0039743117724870235,0.17635591562578048,0.0013960284905599027,0.004779992265388452,0.2920566421557698,0.014339976796165357,0.018362919783030573,0.7721890044212074,0.7702433166411012,False,1.0,False,False
return,primary,XGBoost,repr_grid_raw,True,rolling_9m_3m,3,32,0.007673407159024369,0.006737941019526178,0.018812468267905735,0.005104393480680921,0.4327361854877822,0.011139061108881368,0.006529763685339596,1.705890388329123,0.01958929105601879,0.025084878823813918,0.09803012567548308,0.08802848965378751,False,1.0,False,False
return,primary,XGBoost,repr_grid_raw,True,rolling_9m_3m,5,32,0.009907661199575896,0.00488696276799591,0.01311427300701375,0.006638175092869131,0.3982729666617296,0.0032066118074378534,0.007509340616753531,0.4270164280847536,0.022528021850260593,0.028848042363451887,0.6723186310130682,0.6693673621280118,False,1.0,False,False
return,primary,ElasticNet,repr_svi,True,expanding,1,27,0.0,0.0,0.0,0.0,,0.0,0.0,,0.0,0.0,1.0,1.0,True,1.0,False,False
return,primary,ElasticNet,repr_svi,True,expanding,3,27,0.01372543197795393,0.00608360993637468,0.006893070684839755,0.0108108181992298,0.6953644431278861,-0.00683236129311418,0.007139222683035094,-0.9570175348851202,0.021417668049105283,0.02742618945035301,0.3473732458884018,0.33855840455833375,False,1.0,False,False
return,primary,ElasticNet,repr_svi,True,expanding,5,27,0.0021364715254132607,0.005686209906718021,0.006600422719324008,0.0114999119180621,0.6411177096928732,0.00446395119391075,0.009119284168393346,0.489506754201434,0.02735785250518004,0.035032835696285194,0.6285875864992001,0.6244829739334429,False,1.0,False,False
return,primary,ElasticNet,repr_svi,True,rolling_9m_3m,1,32,0.0022280204851262506,0.0021768213086304057,-0.0008640791489812236,0.003254139997478003,0.5589993214770886,-0.003092099634107474,0.0031726432082808736,-0.9746131005329645,0.00951792962484262,0.012188093515482699,0.3372965178270625,0.32975221278318134,False,1.0,False,False
return,primary,ElasticNet,repr_svi,True,rolling_9m_3m,3,32,0.0031298311429371816,0.0030411130369565826,0.00550936299369729,0.004178917937128625,0.7219026008210567,0.002379531850760109,0.003548630676917304,0.6705493096923821,0.010645892030751912,0.01363249495855374,0.5074729640229773,0.5025076838393393,False,1.0,False,False
return,primary,ElasticNet,repr_svi,True,rolling_9m_3m,5,32,0.00417001920260518,0.0031494725519196545,0.0022497306915797623,0.004102562922440312,-0.26359522066319735,-0.0019202885110254173,0.005205545452674972,-0.3688928525326081,0.015616636358024915,0.0199977339433251,0.7147151862866328,0.712207591074318,False,1.0,False,False
return,primary,XGBoost,repr_svi,True,expanding,1,27,0.005666212362136149,0.004667593382969933,0.007809364436493489,0.004966227097067451,0.16212033994947847,0.0021431520743573403,0.004062714830999825,0.5275172301054454,0.012188144492999474,0.01560741156072052,0.6023074999768023,0.5978344544429478,False,1.0,False,False
return,primary,XGBoost,repr_svi,True,expanding,3,27,0.009302979880933485,0.006580678848255488,0.00033080626431359966,0.00408667513796077,0.17699960043737423,-0.008972173616619885,0.007016381184174873,-1.2787466047107323,0.02104914355252462,0.02695427893996766,0.2122829258042757,0.20098630227205938,False,1.0,False,False
return,primary,XGBoost,repr_svi,True,expanding,5,27,0.005906494306145962,0.006065894535854289,-0.0008368355163987317,0.009392417764920013,0.47125672150603826,-0.006743329822544697,0.010060171107431215,-0.6702997146403957,0.030180513322293642,0.03864736693968449,0.5085772755180329,0.5026667490018215,False,1.0,False,False
return,primary,XGBoost,repr_svi,True,rolling_9m_3m,1,32,0.005306697597730103,0.0034658729028949494,0.003703200464966508,0.0025525940540749165,0.4734363859495379,-0.0016034971327635959,0.0033567325312240464,-0.47769583005139643,0.010070197593672139,0.012895294967375253,0.6362178897745889,0.6328667126960947,False,1.0,False,False
return,primary,XGBoost,repr_svi,True,rolling_9m_3m,3,32,0.007673407159024369,0.006737941019526178,0.002457625915064346,0.005738968389837487,0.5011043992852904,-0.005215781243960025,0.00480681423024067,-1.0850806779980093,0.01442044269072201,0.018465959612733,0.28625252651898286,0.27788592428146197,False,1.0,False,False
return,primary,XGBoost,repr_svi,True,rolling_9m_3m,5,32,0.009907661199575896,0.00488696276799591,0.0024969012435956065,0.007293319376159222,0.3954641862289867,-0.007410759955980289,0.008530019818789647,-0.8687857840208192,0.02559005945636894,0.03276910525866009,0.39164103676979156,0.3849643101554032,False,1.0,False,False
volatility,vol_nonnested,ElasticNet,B,False,expanding,1,27,0.2805467361533925,0.007580617037450203,0.2864789977999798,0.006217224429021417,0.9338279483186582,0.005932261646587351,0.002311892092427861,2.5659768749663034,0.006935676277283582,0.008881413752000184,0.01640072523291472,0.010288568718132189,False,0.09840435139748832,False,False
volatility,vol_nonnested,ElasticNet,B,False,expanding,3,27,0.4633173210377564,0.012260787197938303,0.48375008683964893,0.009459356250748004,0.8834664674271795,0.020432765801892464,0.00650803168816511,3.139622973724845,0.01952409506449533,0.025001392722020465,0.004182548935793523,0.0016916539708601477,False,0.04411104703004069,True,True
volatility,vol_nonnested,ElasticNet,B,False,expanding,5,27,0.5397849724716925,0.013676888861361152,0.5654000479984516,0.009975589725992839,0.8690218923830542,0.025615075526759026,0.007430241778488029,3.4474080777451372,0.022290725335464088,0.028544174586820188,0.0019381850155478296,0.0005659929728174278,False,0.025196405202121783,True,True
volatility,vol_nonnested,ElasticNet,B,False,rolling_9m_3m,1,32,0.26355722197462006,0.007100645505541117,0.2841974238540834,0.005682114673544611,0.7909028053673581,0.02064020187946336,0.004524797019960389,4.561575201807406,0.013574391059881168,0.017382556309487276,7.515078606476861e-05,5.077128548956221e-06,False,0.0015781665073601409,True,True
volatility,vol_nonnested,ElasticNet,B,False,rolling_9m_3m,3,32,0.44624625238651905,0.012037460018400012,0.4828147865395472,0.008571101162819216,0.8349700111679512,0.036568534153028145,0.007138463997386231,5.12274547667647,0.021415391992158694,0.02742327486745473,1.5106438073858616e-05,3.0111869304614605e-07,False,0.00034744807569874814,True,True
volatility,vol_nonnested,ElasticNet,B,False,rolling_9m_3m,5,32,0.515379415838755,0.013280369678738505,0.5657097059875076,0.009503900938536279,0.736397842057251,0.05033029014875262,0.008322926084561194,6.047186967347213,0.024968778253683585,0.03197352957190816,1.0729886263508666e-06,1.4739667405053244e-09,False,3.3262647416876864e-05,True,True
volatility,vol_nonnested,OLS,B,False,expanding,1,27,0.2802029743061814,0.007458940558908652,0.2835565223033314,0.006257239191081078,0.922145189362307,0.0033535479971499808,0.0021790214343216804,1.5390156077991612,0.006537064302965041,0.008370975010500674,0.135883440600747,0.1238004859488223,False,0.543533762402988,False,False
volatility,vol_nonnested,OLS,B,False,expanding,3,27,0.4699325984751714,0.011107349243277411,0.47990118556793887,0.009570905549790027,0.9384601869629033,0.009968587092767519,0.00353075008156301,2.8233624194535385,0.01059225024468903,0.013563804483771758,0.008996416569096782,0.004752281750930322,False,0.07197133255277426,False,False
volatility,vol_nonnested,OLS,B,False,expanding,5,27,0.546130223412873,0.012094005687899988,0.5609895739023604,0.010180047678711635,0.934926806005106,0.014859350489487349,0.0038906118488463834,3.819283718547595,0.01167183554653915,0.01494625709011864,0.0007476736474648913,0.00013383975170218874,False,0.01196277835943826,True,True
volatility,vol_nonnested,OLS,B,False,rolling_9m_3m,1,32,0.2747482243196394,0.005955700933558898,0.27665271422250304,0.005531143099096208,0.9091849584931446,0.001904489902863616,0.0022268118395049738,0.8552540762882729,0.006680435518514921,0.008554567645813868,0.39897253379738107,0.3924105051252189,False,0.7979450675947621,False,False
volatility,vol_nonnested,OLS,B,False,rolling_9m_3m,3,32,0.4543293593089645,0.011107320303099577,0.4656109537534725,0.00897019513653505,0.9046979357372661,0.01128159444450798,0.004287587222846096,2.631222143865628,0.01286276166853829,0.016471286116081486,0.013136121947369232,0.008507840468070753,False,0.09195285363158462,False,False
volatility,vol_nonnested,OLS,B,False,rolling_9m_3m,5,32,0.5222784993027716,0.013435599227501016,0.5388281378546822,0.010067591666479095,0.8935652682787417,0.016549638551910537,0.005653931160809763,2.9271029450489943,0.01696179348242929,0.02172026200052634,0.006356181302241207,0.003421356124745635,False,0.05720563172017086,False,False
volatility,vol_nonnested,XGBoost,B,False,expanding,1,27,0.26514119419083715,0.008008471841650473,0.2864954833819005,0.006493536446363239,0.7916110321558526,0.0213542891910634,0.0033423690691240984,6.388968049138723,0.010027107207372295,0.012840115986384472,9.096028257024051e-07,1.670089463917279e-10,False,2.9107290422476962e-05,True,True
volatility,vol_nonnested,XGBoost,B,False,expanding,3,27,0.44565556663340405,0.011780878543040676,0.4789992945603045,0.009377136419424907,0.7552086341690946,0.03334372792690032,0.0067009769331303785,4.975950262124497,0.020102930799391135,0.025742615271995967,3.580631158319577e-05,6.492831903402959e-07,False,0.000787738854830307,True,True
volatility,vol_nonnested,XGBoost,B,False,expanding,5,27,0.515706702928248,0.013191761723420504,0.5590115784162804,0.008972427930789952,0.751284674230333,0.043304875488032184,0.007850323727821752,5.516317159578856,0.023550971183465254,0.030157970323221317,8.649783866879032e-06,3.4617728518571264e-08,False,0.0002075948128050968,True,True
volatility,vol_nonnested,XGBoost,B,False,rolling_9m_3m,1,32,0.24697829779589947,0.006264979915132069,0.2714526419692953,0.00701619036244617,0.5859106973340965,0.024474344173395807,0.006037408256654921,4.0537832018264135,0.018112224769964762,0.023193435754513974,0.0003145072586536839,5.0395923944453675e-05,False,0.005975637914419994,True,True
volatility,vol_nonnested,XGBoost,B,False,rolling_9m_3m,3,32,0.41824742509224766,0.011136044441771206,0.4590071052832409,0.01008485197692581,0.7258808014825412,0.04075968019099323,0.007579106307506907,5.377900577884998,0.02273731892252072,0.029116055722424938,7.2662542591879596e-06,7.535940903965908e-08,False,0.000181656356479699,True,True
volatility,vol_nonnested,XGBoost,B,False,rolling_9m_3m,5,32,0.47697170269931366,0.01436597643181588,0.5363615225261171,0.011830624844224704,0.734532385325543,0.059389819826803414,0.007744776566715398,7.668370974321208,0.023234329700146193,0.029752498107971807,1.1968383282197419e-08,1.741944651357389e-14,False,4.308617981591071e-07,True,True
volatility,vol_nonnested,ElasticNet,candidate_6,False,expanding,1,27,0.2805467361533925,0.007580617037450203,0.28903633890575464,0.007858616795783764,0.9344805201002332,0.008489602752362145,0.0025710505060756272,3.3019976590504303,0.007713151518226881,0.009877002216728516,0.0027945915499996807,0.0009599887134071391,False,0.03353509859999617,True,True
volatility,vol_nonnested,ElasticNet,candidate_6,False,expanding,3,27,0.4633173210377564,0.012260787197938303,0.49220317841158545,0.01088820237263938,0.9354248407107666,0.02888585737382907,0.004383201901495436,6.590127040229189,0.013149605704486308,0.01683860149582204,5.468274115073861e-07,4.394503859149421e-11,False,1.8592131991251127e-05,True,True
volatility,vol_nonnested,ElasticNet,candidate_6,False,expanding,5,27,0.5397849724716925,0.013676888861361152,0.5770382010537713,0.0113938625812052,0.9281927478769212,0.037253228582078815,0.005092748458827977,7.31495554576283,0.01527824537648393,0.019564410616679292,9.08426378368746e-08,2.5746661204139007e-13,False,3.179492324290611e-06,True,True
volatility,vol_nonnested,ElasticNet,candidate_6,False,rolling_9m_3m,1,32,0.26355722197462006,0.007100645505541117,0.2862473497511271,0.006102332176083753,0.8761015134406129,0.022690127776507023,0.0036283134367123054,6.253629454093428,0.010884940310136915,0.013938605940531907,5.97484960370783e-07,4.010218565792075e-10,False,1.971700369223584e-05,True,True
volatility,vol_nonnested,ElasticNet,candidate_6,False,rolling_9m_3m,3,32,0.44624625238651905,0.012037460018400012,0.4838542429683015,0.009568998981828095,0.8476002793114312,0.0376079905817825,0.006959621389487388,5.403740875701936,0.020878864168462165,0.026736229307482977,6.747278066084932e-06,6.526520995793876e-08,False,0.00017542922971820822,True,True
volatility,vol_nonnested,ElasticNet,candidate_6,False,rolling_9m_3m,5,32,0.515379415838755,0.013280369678738505,0.5675967933710266,0.010460466338846293,0.7459537312531545,0.05221737753227166,0.008912165069788322,5.859112474171431,0.02673649520936497,0.03423716256920565,1.8332313028491742e-06,4.653474547944859e-09,False,5.499693908547522e-05,True,True
volatility,vol_nonnested,OLS,candidate_6,False,expanding,1,27,0.2802029743061814,0.007458940558908652,0.2819379181620498,0.0061669889058446154,0.9169813235108433,0.0017349438558684452,0.002611351598127678,0.6643853922667436,0.007834054794383035,0.010031823747691852,0.512293441467656,0.506443679821452,False,0.7979450675947621,False,False
volatility,vol_nonnested,OLS,candidate_6,False,expanding,3,27,0.4699325984751714,0.011107349243277411,0.47675647548027505,0.009098890395514765,0.9044359207063722,0.006823877005103696,0.004481373025728435,1.5227201498126777,0.013444119077185306,0.017215737771199256,0.13989991232036264,0.1278287345819447,False,0.543533762402988,False,False
volatility,vol_nonnested,OLS,candidate_6,False,expanding,5,27,0.546130223412873,0.012094005687899988,0.5577925516590004,0.009668810938010215,0.8950768106704284,0.011662328246127418,0.005235590060555872,2.2275098147942485,0.015706770181667617,0.02011315394691474,0.03478098936851787,0.025913220591469662,False,0.17390494684258934,False,False
volatility,vol_nonnested,OLS,candidate_6,False,rolling_9m_3m,1,32,0.2747482243196394,0.005955700933558898,0.28086841518143524,0.005541797035823095,0.9508428839874318,0.006120190861795805,0.00196890713462317,3.1084202775095084,0.00590672140386951,0.007563795455301574,0.004010095184549154,0.001880903835971235,False,0.04411104703004069,True,True
volatility,vol_nonnested,OLS,candidate_6,False,rolling_9m_3m,3,32,0.4543293593089645,0.011107320303099577,0.4679748275902851,0.008813111368744733,0.9309390989769002,0.01364546828132058,0.003867854274009042,3.527916853800444,0.011603562822027126,0.014858831107398884,0.001329601799066223,0.0004188436977098958,False,0.019944026985993346,True,True
volatility,vol_nonnested,OLS,candidate_6,False,rolling_9m_3m,5,32,0.5222784993027716,0.013435599227501016,0.5422591873735325,0.009819281398462061,0.9179147525585446,0.019980688070760907,0.0051887148714866915,3.8507970789761203,0.015566144614460074,0.01993307722525883,0.0005520536515846303,0.00011773402022533282,False,0.009936965728523345,True,True
volatility,vol_nonnested,XGBoost,candidate_6,False,expanding,1,27,0.26514119419083715,0.008008471841650473,0.28419205948474807,0.005722986059089668,0.8277428757555557,0.01905086529391092,0.003210096701998621,5.934670217893985,0.009630290105995863,0.012331975652220287,2.914189989762041e-06,2.944367192232254e-09,False,8.159731971333714e-05,True,True
volatility,vol_nonnested,XGBoost,candidate_6,False,expanding,3,27,0.44565556663340405,0.011780878543040676,0.48154452997817365,0.008563405209037108,0.8069274218870722,0.03588896334476958,0.006084608695454489,5.898319044177886,0.018253826086363466,0.023374761962440354,3.2013769877822523e-06,3.6722339862914458e-09,False,8.643717867012081e-05,True,True
volatility,vol_nonnested,XGBoost,candidate_6,False,expanding,5,27,0.515706702928248,0.013191761723420504,0.5638502026531739,0.009407879071895386,0.781124313825277,0.04814349972492567,0.008021618425943462,6.001719000896415,0.024064855277830387,0.030816019672724144,2.4510872957157046e-06,1.952393758843963e-09,False,7.108153157575544e-05,True,True
volatility,vol_nonnested,XGBoost,candidate_6,False,rolling_9m_3m,1,32,0.24697829779589947,0.006264979915132069,0.2691205639852203,0.007343385511554463,0.5667029531036671,0.0221422661893208,0.006400198028338313,3.45962204470564,0.019200594085014937,0.02458713664473596,0.0015965195805435687,0.0005409340783020117,False,0.02235127412760996,True,True
volatility,vol_nonnested,XGBoost,candidate_6,False,rolling_9m_3m,3,32,0.41824742509224766,0.011136044441771206,0.45570691866655255,0.010636787155443857,0.5869528033643139,0.03745949357430485,0.009835233590341793,3.80870400588046,0.029505700771025378,0.037783242197806606,0.0006198210460587456,0.00013969706361569736,False,0.010536957782998674,True,True
volatility,vol_nonnested,XGBoost,candidate_6,False,rolling_9m_3m,5,32,0.47697170269931366,0.01436597643181588,0.5289775749105845,0.014649239404497966,0.4215166350189835,0.05200587221127084,0.012213702414879159,4.257994050020039,0.036641107244637476,0.04692041853754056,0.00017747194192815202,2.062694377151556e-05,False,0.0035494388385630404,True,True
volatility,vol_ols,OLS,C,True,expanding,1,27,0.2802029743061814,0.007458940558908652,0.29621169185369034,0.007770211944423736,0.9457403545356874,0.01600871754750893,0.002094123617379233,7.644590517317988,0.0062823708521377,0.008044829754250584,4.1027594175354175e-08,2.0961131133062834e-14,False,9.43634666033146e-07,True,True
volatility,vol_ols,OLS,C,True,expanding,3,27,0.4699325984751714,0.011107349243277411,0.5001534060629409,0.010797761220708336,0.954038950571986,0.030220807587769634,0.0028583388451679874,10.572856902133143,0.008575016535503962,0.010980655200343623,6.563908330975285e-11,3.981766319028598e-26,False,2.2973679158413496e-09,True,True
volatility,vol_ols,OLS,C,True,expanding,5,27,0.546130223412873,0.012094005687899988,0.5855582594406089,0.012024492057493062,0.9438026473133191,0.03942803602773591,0.0036298473762137566,10.862174615413926,0.01088954212864127,0.013944498755091699,3.686568239114872e-11,1.745424710781218e-27,False,1.327164566081354e-09,True,True
volatility,vol_ols,OLS,C,True,rolling_9m_3m,1,32,0.2747482243196394,0.005955700933558898,0.2819039714135676,0.006942645389935886,0.9381560249399419,0.007155747093928214,0.001696263919699717,4.218534044628485,0.00508879175909915,0.0065164034916620536,0.00019830352184360643,2.4589584675301166e-05,False,0.001388124652905245,True,True
volatility,vol_ols,OLS,C,True,rolling_9m_3m,3,32,0.4543293593089645,0.011107320303099577,0.47299832651090407,0.01116016367471077,0.9442150870081841,0.01866896720193956,0.0023961276480453644,7.791307452743065,0.007188382944136093,0.009205014851082199,8.607999763406446e-09,6.6319318573614284e-15,False,2.238079938485676e-07,True,True
volatility,vol_ols,OLS,C,True,rolling_9m_3m,5,32,0.5222784993027716,0.013435599227501016,0.5455323987452778,0.013607225474240373,0.904132379571058,0.02325389944250613,0.0033358713947973157,6.970862089819567,0.010007614184391948,0.012815154382721862,8.024434963659519e-08,3.150046527891293e-12,False,1.7653756920050943e-06,True,True
volatility,vol_ols,OLS,D,True,expanding,1,27,0.2802029743061814,0.007458940558908652,0.292114681233244,0.007762609431252934,0.9589994461033797,0.011911706927062575,0.0022388118623210347,5.320548424606522,0.006716435586963105,0.008600667188267406,1.4449633543719809e-05,1.0345490635884745e-07,False,0.0001589459689809179,True,True
volatility,vol_ols,OLS,D,True,expanding,3,27,0.4699325984751714,0.011107349243277411,0.4958476639310113,0.01115233117804305,0.9491736773762481,0.025915065455839992,0.0032286005163383318,8.026717868840326,0.009685801549014996,0.01240306029828981,1.661620867793767e-08,1.0011496079940858e-15,False,3.987890082705041e-07,True,True
volatility,vol_ols,OLS,D,True,expanding,5,27,0.546130223412873,0.012094005687899988,0.5809613486780326,0.012054972556965861,0.9376558959425951,0.034831125265159586,0.0038599053231773914,9.023828915183689,0.011579715969532174,0.01482829424909939,1.720556313959301e-09,1.816275480098752e-19,False,5.333724573273833e-08,True,True
volatility,vol_ols,OLS,D,True,rolling_9m_3m,1,32,0.2747482243196394,0.005955700933558898,0.2756359193466815,0.007022863213020949,0.9363847629460822,0.0008876950270421376,0.001764763226390713,0.5030108366761744,0.005294289679172139,0.006779551882731207,0.6185119502482168,0.6149566532147771,False,0.6185119502482168,False,False
volatility,vol_ols,OLS,D,True,rolling_9m_3m,3,32,0.4543293593089645,0.011107320303099577,0.46664445008445443,0.0111929999933472,0.9328732038516575,0.012315090775489907,0.0031699805136345613,3.884910560970598,0.009509941540903684,0.012177864451190904,0.0005024887336187006,0.00010236756660395535,False,0.003014932401712203,True,True
volatility,vol_ols,OLS,D,True,rolling_9m_3m,5,32,0.5222784993027716,0.013435599227501016,0.5412926973830462,0.013288073358808293,0.9151273183068108,0.01901419808027446,0.003911169165295221,4.861512575061232,0.011733507495885663,0.015025230513493772,3.193170008257391e-05,1.1649217881261297e-06,False,0.0003193170008257391,True,True
volatility,vol_ols,OLS,repr_bkm,True,expanding,1,27,0.2802029743061814,0.007458940558908652,0.28231087120416504,0.007384739547189951,0.9984328583835992,0.002107896897983663,0.00031431522923015213,6.706314877413051,0.0009429456876904564,0.0012074800586458904,4.083967657463309e-07,1.996007813318692e-11,False,7.3511417834339564e-06,True,True
volatility,vol_ols,OLS,repr_bkm,True,expanding,3,27,0.4699325984751714,0.011107349243277411,0.47434898017953414,0.01110106857263553,0.9975653949534677,0.004416381704362776,0.0007945360050399302,5.55844124916759,0.0023836080151197906,0.0030523063877995918,7.747877967446573e-06,2.7219454760605953e-08,False,0.00010584750130902975,True,True
volatility,vol_ols,OLS,repr_bkm,True,expanding,5,27,0.546130223412873,0.012094005687899988,0.551181514631881,0.012062629155454946,0.9972632885739495,0.005051291219008002,0.0009023809892615216,5.597736742151239,0.0027071429677845648,0.0034666059691195934,6.992249616176455e-06,2.1716818568991808e-08,False,0.00010488374424264682,True,True
volatility,vol_ols,OLS,repr_bkm,True,rolling_9m_3m,1,32,0.2747482243196394,0.005955700933558898,0.27611894637278983,0.006014489454086285,0.9961329557641784,0.0013707220531504211,0.0004930070472856394,2.7803295321988557,0.0014790211418569182,0.0018939463411535983,0.009150114090524155,0.005430376207266793,False,0.03660045636209662,False,True
volatility,vol_ols,OLS,repr_bkm,True,rolling_9m_3m,3,32,0.4543293593089645,0.011107320303099577,0.45746699586862244,0.011356211788042211,0.99723970010381,0.003137636559657932,0.0006001152865940085,5.228389660703001,0.0018003458597820256,0.002305415627571238,1.1157337294459525e-05,1.7099283300091716e-07,False,0.00013388804753351432,True,True
volatility,vol_ols,OLS,repr_bkm,True,rolling_9m_3m,5,32,0.5222784993027716,0.013435599227501016,0.5260619524485814,0.013707336179013525,0.9966392241718476,0.003783453145809676,0.0008149016265062394,4.642834205682749,0.002444704879518718,0.0031305433916594735,5.962938749959669e-05,3.4366211397198056e-06,False,0.0005366644874963702,True,True
volatility,vol_ols,OLS,repr_grid,True,expanding,1,27,0.2802029743061814,0.007458940558908652,0.2920231677171235,0.007776453181794057,0.9622885204928473,0.011820193410942061,0.0021229517188987145,5.567810754110702,0.0063688551566961436,0.008155576401171418,7.560535807787839e-06,2.5795976218389916e-08,False,0.00010584750130902975,True,True
volatility,vol_ols,OLS,repr_grid,True,expanding,3,27,0.4699325984751714,0.011107349243277411,0.49528457258921654,0.011112123421353634,0.9513520331826762,0.025351974114045255,0.0031359578624620453,8.084284045239492,0.009407873587386137,0.012047162312024122,1.4525056473987091e-08,6.253044126411187e-16,False,3.631264118496773e-07,True,True
volatility,vol_ols,OLS,repr_grid,True,expanding,5,27,0.546130223412873,0.012094005687899988,0.5808470253487246,0.011818067246932212,0.9391422371621033,0.03471680193585152,0.00386059418097012,8.992605880975454,0.011581782542910361,0.014830940579822849,1.8434953467298346e-09,2.414367423919599e-19,False,5.530486040189504e-08,True,True
volatility,vol_ols,OLS,repr_grid,True,rolling_9m_3m,1,32,0.2747482243196394,0.005955700933558898,0.27679491896108366,0.007015621707705382,0.9261445260651306,0.002046694641444252,0.0019102681548356156,1.0714174532320444,0.005730804464506847,0.007338526705434652,0.2922525981805236,0.2839817686528324,False,0.5845051963610473,False,False
volatility,vol_ols,OLS,repr_grid,True,rolling_9m_3m,3,32,0.4543293593089645,0.011107320303099577,0.46735596714189465,0.01148062937080896,0.936960878347531,0.013026607832930184,0.002954216452747113,4.409496745174781,0.00886264935824134,0.011348980653443764,0.00011570848680892056,1.0361111563856177e-05,False,0.0009256678944713645,True,True
volatility,vol_ols,OLS,repr_grid,True,rolling_9m_3m,5,32,0.5222784993027716,0.013435599227501016,0.5430308821288345,0.013568240909905164,0.9299335142548637,0.020752382826062874,0.0034135777665364364,6.079364304953023,0.01024073329960931,0.013113672830378778,9.792289903204823e-07,1.2065994128412763e-09,False,1.5667663845127717e-05,True,True
volatility,vol_ols,OLS,repr_grid_raw,True,expanding,1,27,0.2802029743061814,0.007458940558908652,0.2938986589512294,0.008133047803284384,0.968917423266162,0.013695684645048011,0.0016092769200142655,8.510458625683022,0.004827830760042796,0.006182232386625622,5.439874825223223e-09,1.732467189892579e-17,False,1.5231649510625025e-07,True,True
volatility,vol_ols,OLS,repr_grid_raw,True,expanding,3,27,0.4699325984751714,0.011107349243277411,0.4986493495015209,0.010884167088649449,0.950034173359019,0.028716751026349487,0.0030415028193603827,9.441632223240392,0.009124508458081148,0.01168430181282673,6.917175885675576e-10,3.670169740408322e-21,False,2.28266804227294e-08,True,True
volatility,vol_ols,OLS,repr_grid_raw,True,expanding,5,27,0.546130223412873,0.012094005687899988,0.5836745739857617,0.011679536901808424,0.9410640068455657,0.037544350572888636,0.003619366980770377,10.373181490675305,0.010858100942311131,0.01390423704542017,9.83208707858301e-11,3.284052825287959e-25,False,3.3429096067182235e-09,True,True
volatility,vol_ols,OLS,repr_grid_raw,True,rolling_9m_3m,1,32,0.2747482243196394,0.005955700933558898,0.2796471896625006,0.0072081661513156365,0.9407310432120404,0.004898965342861163,0.0018512917483044938,2.6462416565880997,0.005553875244913482,0.0071119616898248665,0.012671448289197298,0.008139164856465698,False,0.03801434486759189,False,True
volatility,vol_ols,OLS,repr_grid_raw,True,rolling_9m_3m,3,32,0.4543293593089645,0.011107320303099577,0.47121774556585583,0.011269643897807779,0.9411356004298385,0.01688838625689135,0.002694871316708316,6.266861854286935,0.008084613950124948,0.010352674872013265,5.755357332558316e-07,3.68396700482786e-10,False,9.784107465349138e-06,True,True
volatility,vol_ols,OLS,repr_grid_raw,True,rolling_9m_3m,5,32,0.5222784993027716,0.013435599227501016,0.5469225410683878,0.013468274061549023,0.9335518784479346,0.024644041765616083,0.0030767703077323677,8.009711255884799,0.009230310923197104,0.011819786145011333,4.814876356755636e-09,1.1497807274531014e-15,False,1.3963141434591344e-07,True,True
volatility,vol_ols,OLS,repr_svi,True,expanding,1,27,0.2802029743061814,0.007458940558908652,0.28967643051541453,0.007835042139010314,0.9755127220960002,0.00947345620923312,0.0012940991010787078,7.320502889876391,0.0038822973032361235,0.004971438585051585,8.962529376484056e-08,2.4704339252022877e-13,False,1.8821311690616518e-06,True,True
volatility,vol_ols,OLS,repr_svi,True,expanding,3,27,0.4699325984751714,0.011107349243277411,0.48882430792115994,0.011567490358570251,0.9715542582621249,0.018891709445988638,0.0022404849068338667,8.431973537677337,0.0067214547205016,0.008607094391592615,6.506595585790691e-09,3.398838512471662e-17,False,1.7567808081634864e-07,True,True
volatility,vol_ols,OLS,repr_svi,True,expanding,5,27,0.546130223412873,0.012094005687899988,0.5703996191060643,0.012745882015480593,0.9696432713808948,0.024269395693191382,0.002584101597297234,9.391811730071005,0.007752304791891701,0.009927139565886738,7.701922759836161e-10,5.897692600541977e-21,False,2.4646152831475715e-08,True,True
volatility,vol_ols,OLS,repr_svi,True,rolling_9m_3m,1,32,0.2747482243196394,0.005955700933558898,0.2786821735479148,0.006488828143555107,0.9786399461623974,0.0039339492282753985,0.0010275472840618636,3.8284848680876418,0.003082641852185591,0.0039474474649522345,0.0005870208093052351,0.0001289345566404791,False,0.003014932401712203,True,True
volatility,vol_ols,OLS,repr_svi,True,rolling_9m_3m,3,32,0.4543293593089645,0.011107320303099577,0.46561192243446425,0.010997475946810727,0.9805971125859142,0.011282563125499762,0.0017425100761023378,6.474891181540081,0.005227530228307013,0.0066940637080694955,3.201013555191046e-07,9.488029491110079e-11,False,6.081925754862988e-06,True,True
volatility,vol_ols,OLS,repr_svi,True,rolling_9m_3m,5,32,0.5222784993027716,0.013435599227501016,0.5379417334239014,0.013307539561591584,0.9725583218439893,0.015663234121129653,0.0022922407179588452,6.833154126621212,0.006876722153876536,0.008805920614571121,1.1755419371796746e-07,8.306762371920469e-12,False,2.351083874359349e-06,True,True
volatility,vol_primary,ElasticNet,C,True,expanding,1,27,0.2805467361533925,0.007580617037450203,0.2977831400623302,0.007828167785199076,0.9611473202878791,0.017236403908937648,0.0017592910774805479,9.797357657052192,0.005277873232441644,0.006758529959284644,3.2414406410823457e-10,1.1556926182454863e-22,False,9.724321923247038e-09,True,True
volatility,vol_primary,ElasticNet,C,True,expanding,3,27,0.4633173210377564,0.012260787197938303,0.5027852130841262,0.010873363308909636,0.9554965042215179,0.03946789204636971,0.0038448919066554842,10.265019928922067,0.011534675719966452,0.014770618389400355,1.226284232368442e-10,1.0130005706301774e-24,False,4.046737966815859e-09,True,True
volatility,vol_primary,ElasticNet,C,True,expanding,5,27,0.5397849724716925,0.013676888861361152,0.5886138699999941,0.01185883723323693,0.9553745597412803,0.04882889752830158,0.0036095694881820655,13.527623637159541,0.010828708464546196,0.013866598789857139,2.8170313634551733e-13,1.0744094585679944e-41,False,1.4930266226312417e-11,True,True
volatility,vol_primary,ElasticNet,C,True,rolling_9m_3m,1,32,0.26355722197462006,0.007100645505541117,0.2911322057284016,0.006330227008931313,0.9077607922253007,0.02757498375378146,0.00206964329773822,13.323544102462675,0.0062089298932146595,0.007950785638513015,2.2638975616473934e-14,1.6889548130189765e-40,False,1.3356995613719621e-12,True,True
volatility,vol_primary,ElasticNet,C,True,rolling_9m_3m,3,32,0.44624625238651905,0.012037460018400012,0.49004033052903734,0.009780326019977954,0.9362341402812021,0.04379407814251829,0.003942236791721701,11.108941561927844,0.011826710375165105,0.01514458056685045,2.453976152284641e-12,1.1349679232794147e-28,False,1.0306699839595493e-10,True,True
volatility,vol_primary,ElasticNet,C,True,rolling_9m_3m,5,32,0.515379415838755,0.013280369678738505,0.5754860887704919,0.011077119442694374,0.8909739679506697,0.06010667293173694,0.004977057656481862,12.076748368276812,0.014931172969445586,0.01911997037385737,2.952299711876065e-13,1.4015327158962222e-33,False,1.513948888965531e-11,True,True
volatility,vol_primary,XGBoost,C,True,expanding,1,27,0.26514119419083715,0.008008471841650473,0.29380805723478853,0.007454599321871581,0.9022970262858399,0.02866686304395138,0.002977564789339352,9.627620244096132,0.008932694368018055,0.011438676119065115,4.644435390988792e-10,6.112873099819187e-22,False,1.3468862633867498e-08,True,True
volatility,vol_primary,XGBoost,C,True,expanding,3,27,0.44565556663340405,0.011780878543040676,0.49398780080116567,0.010964597236557036,0.9129360464129522,0.04833223416776156,0.003863801744232904,12.508983992230469,0.011591405232698712,0.014843262822961186,1.6601006452234344e-12,6.66715242776453e-36,False,7.138432774460768e-11,True,True
volatility,vol_primary,XGBoost,C,True,expanding,5,27,0.515706702928248,0.013191761723420504,0.5807592435583009,0.012070872810570052,0.8885046208379903,0.06505254063005274,0.005166301908667674,12.59170326862082,0.015498905726003022,0.01984697511138601,1.4318011789031267e-12,2.3455681034617697e-36,False,6.299925187173758e-11,True,True
volatility,vol_primary,XGBoost,C,True,rolling_9m_3m,1,32,0.24697829779589947,0.006264979915132069,0.27636803553467826,0.00583368187270232,0.7733071722129665,0.029389737738778787,0.0037071233766908574,7.927909258044001,0.011121370130072573,0.014241363879370118,5.981238412400996e-09,2.228660564926008e-15,False,1.614934371348269e-07,True,True
volatility,vol_primary,XGBoost,C,True,rolling_9m_3m,3,32,0.41824742509224766,0.011136044441771206,0.4721521550304041,0.00989598368291272,0.9249548887899572,0.053904729938156405,0.0035219764189395038,15.30525009999572,0.01056592925681851,0.013530099395141092,5.338878543566394e-16,7.053035193800352e-53,False,3.363493482446829e-14,True,True
volatility,vol_primary,XGBoost,C,True,rolling_9m_3m,5,32,0.47697170269931366,0.01436597643181588,0.550989042820131,0.012258431107738433,0.9157807652528893,0.07401734012081726,0.003339905363025366,22.161508209253746,0.010019716089076099,0.0128306513607223,1.431288398429175e-20,8.079887594411989e-109,False,1.030527646869006e-18,True,True
volatility,vol_primary,ElasticNet,D,True,expanding,1,27,0.2805467361533925,0.007580617037450203,0.29323139299074236,0.007955669814179516,0.9566394635136523,0.012684656837349883,0.0021789516643214873,5.821449390112933,0.006536854992964462,0.008370706980586467,3.9067209576314435e-06,5.8339472012035544e-09,False,6.25075353221031e-05,True,True
volatility,vol_primary,ElasticNet,D,True,expanding,3,27,0.4633173210377564,0.012260787197938303,0.49868393696457114,0.010950756899412505,0.9606336446557039,0.035366615926814796,0.0029615504508407184,11.941925864128027,0.008884651352522154,0.01137715509624714,4.667051059183601e-12,7.154713545811008e-33,False,1.8201499130816044e-10,True,True
volatility,vol_primary,ElasticNet,D,True,expanding,5,27,0.5397849724716925,0.013676888861361152,0.5843440255136132,0.011696402178614663,0.9497047125561819,0.044559053041920794,0.0036561144046281593,12.187543416451875,0.010968343213884478,0.01404540672919133,2.9700892540578713e-12,3.6217506025193257e-34,False,1.2177365941637272e-10,True,True
volatility,vol_primary,ElasticNet,D,True,rolling_9m_3m,1,32,0.26355722197462006,0.007100645505541117,0.2874296676421063,0.006332271444128479,0.9239277632389097,0.02387244566748624,0.0020228216238329737,11.801557481005755,0.006068464871498921,0.007770914501847194,5.329779293208783e-13,3.8315338542825527e-32,False,2.6115918536723038e-11,True,True
volatility,vol_primary,ElasticNet,D,True,rolling_9m_3m,3,32,0.44624625238651905,0.012037460018400012,0.48863432056091416,0.009839466570350565,0.9327385350622226,0.04238806817439511,0.0034608068299035425,12.248030663871674,0.010382420489710628,0.013295109003051614,2.0531695851111564e-13,1.7212497803557474e-34,False,1.129243271811136e-11,True,True
volatility,vol_primary,ElasticNet,D,True,rolling_9m_3m,5,32,0.515379415838755,0.013280369678738505,0.5729692574906402,0.010889375124629562,0.870981730045691,0.05758984165188519,0.0050453469304601,11.414446309767127,0.015136040791380298,0.019382311898797445,1.2423206684238718e-12,3.541520504556353e-30,False,5.5904430079074234e-11,True,True
volatility,vol_primary,XGBoost,D,True,expanding,1,27,0.26514119419083715,0.008008471841650473,0.2890044861908886,0.007376889023854486,0.7896190607180753,0.023863292000051446,0.0038329102666613147,6.225893730832824,0.011498730799983944,0.014724589466785728,1.3783699914953397e-06,4.788185494837571e-10,False,2.7567399829906795e-05,True,True
volatility,vol_primary,XGBoost,D,True,expanding,3,27,0.44565556663340405,0.011780878543040676,0.4913576940268662,0.00990440543855234,0.8976406092454643,0.0457021273934621,0.004132194918571016,11.06001248587438,0.012396584755713046,0.015874327740444515,2.4991774488481403e-11,1.9607022881599038e-28,False,8.747121070968491e-10,True,True
volatility,vol_primary,XGBoost,D,True,expanding,5,27,0.515706702928248,0.013191761723420504,0.5766130306188139,0.01079259630704369,0.8827408994973642,0.0609063276905657,0.005237770343266225,11.628292899261613,0.015713311029798675,0.02012152976727002,8.391457608146769e-12,2.9595699380553604e-31,False,3.188753891095772e-10,True,True
volatility,vol_primary,XGBoost,D,True,rolling_9m_3m,1,32,0.24697829779589947,0.006264979915132069,0.2769797350333078,0.006112038128840583,0.8327832280065779,0.03000143723740832,0.0014999480156388403,20.001651340316922,0.004499844046916521,0.005762232146133727,2.809481699155396e-19,5.327887191472578e-89,False,1.9666371894087772e-17,True,True
volatility,vol_primary,XGBoost,D,True,rolling_9m_3m,3,32,0.41824742509224766,0.011136044441771206,0.47146187520984173,0.010104378969019761,0.8629352850012433,0.05321445011759404,0.0024853662782751496,21.41110973571469,0.007456098834825449,0.009547835867827903,3.907555980168964e-20,1.0527581046610486e-101,False,2.7743647459199643e-18,True,True
volatility,vol_primary,XGBoost,D,True,rolling_9m_3m,5,32,0.47697170269931366,0.01436597643181588,0.5517226977951205,0.0116897758725156,0.8078774916423578,0.07475099509580688,0.004473115791831568,16.711169255289775,0.013419347375494703,0.017184016606130472,4.660727399461187e-17,1.0868339236787386e-62,False,3.0760800836443832e-15,True,True
volatility,vol_primary,ElasticNet,repr_bkm,True,expanding,1,27,0.2805467361533925,0.007580617037450203,0.2825334784341283,0.007290758250368067,0.9958265734125052,0.001986742280735828,0.0006085574870628495,3.2646747808899192,0.0018256724611885485,0.0023378473641504165,0.0030676236348008215,0.0010958982661875812,False,0.030676236348008215,True,True
volatility,vol_primary,ElasticNet,repr_bkm,True,expanding,3,27,0.4633173210377564,0.012260787197938303,0.46697382677899085,0.012322815136683785,0.9935110588044509,0.0036565057412344514,0.0014819188386312812,2.4674129553624176,0.004445756515893844,0.005692970876917643,0.02051177167763056,0.013609330520120146,False,0.18460594509867506,False,False
volatility,vol_primary,ElasticNet,repr_bkm,True,expanding,5,27,0.5397849724716925,0.013676888861361152,0.5430956994178637,0.013984139632652616,0.9890449189214076,0.0033107269461713044,0.002149526124813355,1.5402124719274009,0.006448578374440066,0.008257665203202688,0.1355921917549872,0.12350857078588989,False,0.9491453422849105,False,False
volatility,vol_primary,ElasticNet,repr_bkm,True,rolling_9m_3m,1,32,0.26355722197462006,0.007100645505541117,0.26515768020154584,0.006712010716898839,0.9797015773605524,0.0016004582269257299,0.0013803458095525969,1.159461792726039,0.004141037428657791,0.005302765771650651,0.2551210278634895,0.24626800171303298,False,1.0,False,False
volatility,vol_primary,ElasticNet,repr_bkm,True,rolling_9m_3m,3,32,0.44624625238651905,0.012037460018400012,0.44626835186321473,0.012258279299231558,0.9778704713917364,2.2099476695713535e-05,0.0021902230421920778,0.010090057619700386,0.006570669126576233,0.008414007345145752,0.9920140914474109,0.9919494354115358,False,1.0,False,False
volatility,vol_primary,ElasticNet,repr_bkm,True,rolling_9m_3m,5,32,0.515379415838755,0.013280369678738505,0.5221528481248396,0.012673403187931196,0.9207754321726461,0.006773432286084636,0.0036710884599571083,1.8450746583654305,0.011013265379871325,0.014102931378095717,0.074599179473852,0.06502667900793499,False,0.596793435790816,False,False
volatility,vol_primary,XGBoost,repr_bkm,True,expanding,1,27,0.26514119419083715,0.008008471841650473,0.2661639841179649,0.007822701006355246,0.9756949971960295,0.0010227899271277885,0.002337081176682799,0.437635601763527,0.007011243530048397,0.008978180672928212,0.6652644908712066,0.6616504589554059,False,1.0,False,False
volatility,vol_primary,XGBoost,repr_bkm,True,expanding,3,27,0.44565556663340405,0.011780878543040676,0.4487425557828113,0.012573420602484826,0.9499984380298393,0.0030869891494072488,0.004021428757976778,0.7676349216143629,0.012064286273930334,0.015448806105944343,0.44961975497198325,0.44270410929407156,False,1.0,False,False
volatility,vol_primary,XGBoost,repr_bkm,True,expanding,5,27,0.515706702928248,0.013191761723420504,0.5203209313614785,0.01473696058632479,0.9414378028974574,0.004614228433230279,0.0046659085897370264,0.9889238814878581,0.01399772576921108,0.017924653512244013,0.33181489840938394,0.32270038516268573,False,1.0,False,False
volatility,vol_primary,XGBoost,repr_bkm,True,rolling_9m_3m,1,32,0.24697829779589947,0.006264979915132069,0.24903143502493488,0.0069575296298582875,0.8703255860163702,0.0020531372290354217,0.0027308106178676934,0.7518416749963345,0.00819243185360308,0.0104907400544669,0.45781693180769034,0.4521462765099675,False,1.0,False,False
volatility,vol_primary,XGBoost,repr_bkm,True,rolling_9m_3m,3,32,0.41824742509224766,0.011136044441771206,0.42477305411949473,0.011816815516330641,0.9830883506836319,0.006525629027247022,0.0015914296583108645,4.100482225631821,0.004774288974932594,0.006113669967104705,0.0002760700626627782,4.122901035819091e-05,False,0.003312840751953338,True,True
volatility,vol_primary,XGBoost,repr_bkm,True,rolling_9m_3m,5,32,0.47697170269931366,0.01436597643181588,0.4928724358121582,0.01400571480387243,0.9700405050235251,0.015900733112844564,0.0025136169647954777,6.325837761099906,0.007540850894386433,0.009656364305027407,4.87185276118975e-07,2.5186233539015866e-10,False,1.0230890798498476e-05,True,True
volatility,vol_primary,ElasticNet,repr_grid,True,expanding,1,27,0.2805467361533925,0.007580617037450203,0.29305183949400904,0.00794320568516518,0.9583186924409526,0.012505103340616582,0.002150747538711091,5.814305545182998,0.006452242616133273,0.00826235741276721,3.97978491872809e-06,6.088611538692239e-09,False,6.25075353221031e-05,True,True
volatility,vol_primary,ElasticNet,repr_grid,True,expanding,3,27,0.4633173210377564,0.012260787197938303,0.49816402659951137,0.010894808322928358,0.9603001495500151,0.034846705561754905,0.0030401121259691797,11.462309322109581,0.009120336377907538,0.011678959295565696,1.1497760444262753e-11,2.0400170331949686e-30,False,4.1391937599345913e-10,True,True
volatility,vol_primary,ElasticNet,repr_grid,True,expanding,5,27,0.5397849724716925,0.013676888861361152,0.5836875068361704,0.011538977989285748,0.9516486796732191,0.043902534364477934,0.0036505442921373975,12.026298231481793,0.010951632876412192,0.01402400846677343,3.993012395361371e-12,2.584928602366156e-33,False,1.5972049581445483e-10,True,True
volatility,vol_primary,ElasticNet,repr_grid,True,rolling_9m_3m,1,32,0.26355722197462006,0.007100645505541117,0.2885758828775099,0.006308625050987761,0.9299243493677495,0.02501866090288981,0.0020023982080312553,12.494348428072152,0.006007194624093766,0.007692455474041224,1.2250707880553236e-13,8.015025363334773e-36,False,6.982903491915345e-12,True,True
volatility,vol_primary,ElasticNet,repr_grid,True,rolling_9m_3m,3,32,0.44624625238651905,0.012037460018400012,0.4884224064411573,0.00990173035202041,0.9335594215982413,0.04217615405463829,0.0034326359832443304,12.286812309989191,0.010297907949732992,0.013186887280357858,1.8919740255798307e-13,1.066283430137027e-34,False,1.0595054543247052e-11,True,True
volatility,vol_primary,ElasticNet,repr_grid,True,rolling_9m_3m,5,32,0.515379415838755,0.013280369678738505,0.5727614820663561,0.010904209885849859,0.8745482619430125,0.057382066227601086,0.004972974066121626,11.538782520205821,0.014918922198364878,0.019104282766420275,9.44784988036559e-13,8.410720327780084e-31,False,4.440489443771828e-11,True,True
volatility,vol_primary,XGBoost,repr_grid,True,expanding,1,27,0.26514119419083715,0.008008471841650473,0.2887129780717683,0.007447758311387001,0.7944321808309528,0.02357178388093117,0.0039646586278643745,5.945476292779457,0.011893975883593123,0.015230716768671836,2.8339562435823276e-06,2.7565414530411387e-09,False,4.817725614089957e-05,True,True
volatility,vol_primary,XGBoost,repr_grid,True,expanding,3,27,0.44565556663340405,0.011780878543040676,0.4910805813364557,0.010085604727042055,0.8525781461056904,0.04542501470305164,0.004719591110192492,9.624777579767699,0.014158773330577475,0.01813088142269744,4.672641290169061e-10,6.284273195797457e-22,False,1.3468862633867498e-08,True,True
volatility,vol_primary,XGBoost,repr_grid,True,expanding,5,27,0.515706702928248,0.013191761723420504,0.5763933130591353,0.010848189845499963,0.885623819298948,0.06068661013088719,0.005229616106433242,11.604410131794037,0.015688848319299724,0.020090204277908853,8.77878676585249e-12,3.913770178268022e-31,False,3.248151103365421e-10,True,True
volatility,vol_primary,XGBoost,repr_grid,True,rolling_9m_3m,1,32,0.24697829779589947,0.006264979915132069,0.2777603166854587,0.006076121487596953,0.8154822249791218,0.03078201888955922,0.0016100940149289165,19.11814999878638,0.004830282044786749,0.006185371355799591,1.02943812861638e-18,1.7832113380941073e-81,False,7.103123087453022e-17,True,True
volatility,vol_primary,XGBoost,repr_grid,True,rolling_9m_3m,3,32,0.41824742509224766,0.011136044441771206,0.47047828120147517,0.009980505820489852,0.87293922699115,0.05223085610922748,0.002891130911109206,18.065891070006472,0.008673392733327618,0.01110662989715613,5.1745688067728784e-18,5.915901207486974e-73,False,3.4669611005378286e-16,True,True
volatility,vol_primary,XGBoost,repr_grid,True,rolling_9m_3m,5,32,0.47697170269931366,0.01436597643181588,0.550530243949434,0.01156016664466231,0.8102694647280257,0.07355854125012029,0.004631743146514634,15.881394741302259,0.013895229439543903,0.01779340282010644,1.9254953639568686e-16,8.526124665885218e-57,False,1.2323170329323959e-14,True,True
volatility,vol_primary,ElasticNet,repr_grid_raw,True,expanding,1,27,0.2805467361533925,0.007580617037450203,0.29320314114560864,0.008190646128258263,0.9630010201375971,0.01265640499221612,0.0018262599761747365,6.9302318165708705,0.005478779928524209,0.007015799102497233,2.337087022079839e-07,4.201515537618035e-12,False,5.141591448575646e-06,True,True
volatility,vol_primary,ElasticNet,repr_grid_raw,True,expanding,3,27,0.4633173210377564,0.012260787197938303,0.49924848125302396,0.010808899152760433,0.9613339928581174,0.035931160215267564,0.0033219971915164717,10.816132026549127,0.009965991574549415,0.012761854948799264,4.0383309411583906e-11,2.8870608832406524e-27,False,1.3730325199938528e-09,True,True
volatility,vol_primary,ElasticNet,repr_grid_raw,True,expanding,5,27,0.5397849724716925,0.013676888861361152,0.5849438916290056,0.01156481943195478,0.9563018140605443,0.0451589191573131,0.003511721846779719,12.859480655828206,0.010535165540339158,0.013490705212990856,8.912182546565433e-13,7.60861456622668e-38,False,4.277847622351408e-11,True,True
volatility,vol_primary,ElasticNet,repr_grid_raw,True,rolling_9m_3m,1,32,0.26355722197462006,0.007100645505541117,0.28852572676141996,0.006816451481639074,0.9275252569286202,0.024968504786799857,0.0019296696941185634,12.939263575989878,0.00578900908235569,0.007413060070708024,4.904758983498506e-14,2.7020714577512535e-38,False,2.8447602104291334e-12,True,True
volatility,vol_primary,ElasticNet,repr_grid_raw,True,rolling_9m_3m,3,32,0.44624625238651905,0.012037460018400012,0.48940211946684936,0.010101764047563234,0.9392611647463713,0.043155867080330354,0.0031300971953597753,13.787388821122532,0.009390291586079326,0.01202464784884114,9.092045031197668e-15,3.035496245445236e-43,False,5.455227018718601e-13,True,True
volatility,vol_primary,ElasticNet,repr_grid_raw,True,rolling_9m_3m,5,32,0.515379415838755,0.013280369678738505,0.5742940415170921,0.011016993566397428,0.8825415111150482,0.05891462567833704,0.00482231628090064,12.217080391776761,0.014466948842701919,0.018525512619712265,2.1918856857702596e-13,2.5197230190053133e-34,False,1.1836182703159402e-11,True,True
volatility,vol_primary,XGBoost,repr_grid_raw,True,expanding,1,27,0.26514119419083715,0.008008471841650473,0.289226532251529,0.008019497765109558,0.814681227067796,0.024085338060691863,0.00390995349213055,6.16000627863419,0.01172986047639165,0.015020560357651286,1.6316492432322914e-06,7.274206016903539e-10,False,3.100133562141354e-05,True,True
volatility,vol_primary,XGBoost,repr_grid_raw,True,expanding,3,27,0.44565556663340405,0.011780878543040676,0.49357812964719483,0.010346244629473896,0.9014884102877679,0.047922563013790845,0.0037739908393701702,12.698113231718521,0.01132197251811051,0.014498243343834111,1.1848979076418648e-12,6.0572465455309996e-37,False,5.450530375152578e-11,True,True
volatility,vol_primary,XGBoost,repr_grid_raw,True,expanding,5,27,0.515706702928248,0.013191761723420504,0.5785647875622638,0.011332087933228423,0.8921471300854696,0.06285808463401568,0.004716934400240678,13.32604596553397,0.014150803200722034,0.01812067534933511,3.969212181314465e-13,1.6332752735116807e-40,False,1.9846060906572324e-11,True,True
volatility,vol_primary,XGBoost,repr_grid_raw,True,rolling_9m_3m,1,32,0.24697829779589947,0.006264979915132069,0.2795320003529861,0.006173524129541919,0.814304751902849,0.03255370255708662,0.0019886638970465927,16.36963521358879,0.005965991691139778,0.00763969345333405,8.298701946237065e-17,3.150968819973286e-60,False,5.394156265054092e-15,True,True
volatility,vol_primary,XGBoost,repr_grid_raw,True,rolling_9m_3m,3,32,0.41824742509224766,0.011136044441771206,0.47270404900716034,0.010031224383634258,0.866183170404349,0.05445662391491264,0.0028839183931392755,18.882858836943075,0.008651755179417827,0.01107892213497532,1.4673538896722275e-18,1.578085390104403e-79,False,9.978006449771147e-17,True,True
volatility,vol_primary,XGBoost,repr_grid_raw,True,rolling_9m_3m,5,32,0.47697170269931366,0.01436597643181588,0.5524145807844333,0.011664087670154234,0.785040250353434,0.07544287808511968,0.005174642613811991,14.579340780704344,0.015523927841435973,0.01987901694137139,2.0147067722924224e-15,3.8016997667079764e-48,False,1.249118198821302e-13,True,True
volatility,vol_primary,ElasticNet,repr_svi,True,expanding,1,27,0.2805467361533925,0.007580617037450203,0.2896842324604915,0.007791288609914786,0.9604538003328458,0.009137496307099058,0.0018019210060608547,5.070974963033683,0.005405763018182564,0.006922297998104447,2.7868260886916967e-05,3.9578284395065203e-07,False,0.00036228739152992055,True,True
volatility,vol_primary,ElasticNet,repr_svi,True,expanding,3,27,0.4633173210377564,0.012260787197938303,0.49039013538877185,0.011379974589744947,0.9484265506467632,0.02707281435101547,0.003561205136405183,7.602149641495745,0.010683615409215549,0.013680801269123079,4.54133407372738e-08,2.912516650329771e-14,False,1.1807468591691188e-06,True,True
volatility,vol_primary,ElasticNet,repr_svi,True,expanding,5,27,0.5397849724716925,0.013676888861361152,0.5725987534150713,0.012545484104232393,0.9437646649444469,0.03281378094337871,0.004339913111072863,7.560930392743939,0.013019739333218587,0.016672302359358994,5.0132327194654805e-08,4.001963759360401e-14,False,1.2533081798663701e-06,True,True
volatility,vol_primary,ElasticNet,repr_svi,True,rolling_9m_3m,1,32,0.26355722197462006,0.007100645505541117,0.28062108532223834,0.006458457827646604,0.9051680199013009,0.017063863347618235,0.003088868756348418,5.524308312726986,0.009266606269045255,0.011866263802108043,4.775684816157475e-06,3.3078615408687085e-08,False,6.685958742620465e-05,True,True
volatility,vol_primary,ElasticNet,repr_svi,True,rolling_9m_3m,3,32,0.44624625238651905,0.012037460018400012,0.4745003040640788,0.010403975429118575,0.9201015875203544,0.02825405167755977,0.003962459181568291,7.130433496699687,0.011887377544704874,0.0152222673290787,5.167901106923055e-08,1.0005330898062891e-12,False,1.2533081798663701e-06,True,True
volatility,vol_primary,ElasticNet,repr_svi,True,rolling_9m_3m,5,32,0.515379415838755,0.013280369678738505,0.5569148722930239,0.011891984429590037,0.9048993309186242,0.041535456454268836,0.0045664613311633484,9.09576440970043,0.013699383993490046,0.017542614812086754,2.9303818248726553e-10,9.392341566852113e-20,False,9.084183657105232e-09,True,True
volatility,vol_primary,XGBoost,repr_svi,True,expanding,1,27,0.26514119419083715,0.008008471841650473,0.28124589309065945,0.007471497169449001,0.7594149375067422,0.016104698899822283,0.0046451219039217555,3.4670131877971824,0.013935365711765266,0.01784479893864046,0.0018442992563937192,0.0005262760689369764,False,0.02028729182033091,True,True
volatility,vol_primary,XGBoost,repr_svi,True,expanding,3,27,0.44565556663340405,0.011780878543040676,0.48058610787477474,0.010982983787103428,0.8242310321812871,0.034930541241370704,0.005844580561487493,5.97656938318951,0.01753374168446248,0.02245266478633786,2.6153536318183346e-06,2.278855210347438e-09,False,4.7076365372730024e-05,True,True
volatility,vol_primary,XGBoost,repr_svi,True,expanding,5,27,0.515706702928248,0.013191761723420504,0.5629570242935441,0.012125811809711161,0.8446933855458871,0.04725032136529587,0.00661402530705711,7.143958356929806,0.019842075921171327,0.025408580058979207,1.379486261037149e-07,9.068088361956899e-13,False,3.172818400385443e-06,True,True
volatility,vol_primary,XGBoost,repr_svi,True,rolling_9m_3m,1,32,0.24697829779589947,0.006264979915132069,0.2692622308175069,0.006309952788045287,0.818139307675111,0.022283933021607413,0.0023682752399225055,9.409351010373518,0.007104825719767517,0.009098016448631285,1.3437867089151285e-10,4.992096739124544e-21,False,4.300117468528411e-09,True,True
volatility,vol_primary,XGBoost,repr_svi,True,rolling_9m_3m,3,32,0.41824742509224766,0.011136044441771206,0.4601569676449196,0.010155882330015803,0.8748658319102213,0.0419095425526719,0.0034683880311640893,12.083291193519045,0.010405164093492267,0.01332423310679012,2.9114401710875594e-13,1.2943317434583076e-33,False,1.513948888965531e-11,True,True
volatility,vol_primary,XGBoost,repr_svi,True,rolling_9m_3m,5,32,0.47697170269931366,0.01436597643181588,0.5366687143103687,0.011872276600527844,0.8152462224918912,0.059697011611054965,0.004296766443683218,13.893473707144825,0.012890299331049654,0.01650654920575703,7.40304628096932e-15,6.938687002239622e-44,False,4.5158582313912853e-13,True,True
