model,oos_r2,rmse,mae,ic,ic_ir,accuracy,precision,recall,f1,long_only_accuracy,n_long_predictions,sharpe_ratio,max_drawdown,total_return,win_rate,win_loss_ratio,n_trades,final_equity,n_periods,window,train_start,train_end,test_start,test_end,n_train,n_test,feature_set
window_0,-0.2177696994963665,0.03291499910444302,0.02419203707310551,0.0995822770603295,0.9839109083608255,0.5168146354587032,0.5154329418191751,0.9884756416972237,0.6775583482944345,0.5154329418191751,3661,-0.5559703541216744,-0.2316667869296293,-5.6737398823384915,0.5555555555555556,0.7336321110203935,113,9432.626011766151,63,0,2016-01-04,2018-01-02,2018-01-03,2018-04-04,29736,3717,A
window_1,-0.6131857908465883,0.030407624474133643,0.023977338961575553,0.10322533237443858,0.7772584791678113,0.4839924670433145,0.6929824561403509,0.11560975609756098,0.19816053511705686,0.6929824561403509,342,1.9884469477347153,-0.12442726989976388,13.204257125379716,0.5161290322580645,1.5257053224013184,208,11320.425712537972,63,1,2016-01-04,2018-04-04,2018-04-05,2018-07-03,33453,3717,A
window_2,-0.034344238268312344,0.024655479852242444,0.01662045953345074,0.02270560483481157,0.4893065173666041,0.5550174872208771,0.5805277525022748,0.8759725400457666,0.6982852973367384,0.5805277525022748,3297,3.3669218586421925,-0.07643561825736671,15.188907251038852,0.6190476190476191,1.10488214652351,229,11518.890725103885,63,2,2016-01-04,2018-07-03,2018-07-05,2018-10-02,37170,3717,A
window_3,-0.10561337851625852,0.04365082430030812,0.03143477760141947,0.08489712585351873,0.9599624597776524,0.4638149044928706,0.4731246308328411,0.8845941468801767,0.6165095247258033,0.4731246308328411,3386,-1.8874447963684795,-0.35273500157168824,-22.083653131442603,0.4603174603174603,0.8819367117552226,301,7791.634686855739,63,3,2016-01-04,2018-10-02,2018-10-03,2019-01-03,40887,3717,A
window_4,-0.6429783818301911,0.03226518477191839,0.02494364781520154,0.049766249995233935,0.16480158639734943,0.39763249932741457,0.7269938650306749,0.09928780896522832,0.17471433837080722,0.7269938650306749,326,3.564107798050589,-0.011470690040046597,14.558439220009301,0.5294117647058824,6.420050100967052,386,11455.84392200093,63,4,2016-01-04,2019-01-03,2019-01-04,2019-04-04,44604,3717,A
window_5,-0.10672447482484593,0.026404283729186878,0.019525620174410535,-0.051463574820908256,-0.2831011584367141,0.4589722894807641,0.5097063215530114,0.4995121951219512,0.5045577728504558,0.5097063215530114,2009,0.9146716320033019,-0.1291736314789631,4.709901854058596,0.46511627906976744,1.4733893321101705,441,10470.990185405859,63,5,2016-01-04,2019-04-04,2019-04-05,2019-07-05,48321,3717,A
window_6,-0.00947832023809747,0.027209428169885204,0.01969749825101996,0.052605880671679525,0.5234466058881136,0.4882970137207425,0.498371335504886,0.8086680761099366,0.6166868198307134,0.498371335504886,3070,-0.9297683546806864,-0.19079738886957295,-8.74391861113809,0.5079365079365079,0.8147549931382728,667,9125.608138886191,63,6,2016-01-04,2019-07-05,2019-07-08,2019-10-03,52038,3717,A
window_7,-0.07294256781939246,0.023029459929007918,0.01588039989614428,0.09945993458696638,0.7083044265129868,0.5571697605595911,0.6330739299610895,0.6982832618025752,0.6640816326530612,0.6330739299610895,2570,2.5782670553142495,-0.20382997484994417,18.395387449963874,0.7142857142857143,0.6786907221429423,792,11839.538744996387,63,7,2016-01-04,2019-10-03,2019-10-04,2020-01-03,55755,3717,A
window_8,-0.04858364148467609,0.07485389861971033,0.04879575601825432,-0.003065655023025459,0.14076941934556214,0.47538337368845845,0.47805734347571677,0.9077777777777778,0.6262935990801073,0.47805734347571677,3418,0.23213440542748284,-0.6841873036816992,-7.9961303372844466,0.5396825396825397,0.8930614489173023,395,9200.386966271555,63,8,2016-01-04,2020-01-03,2020-01-06,2020-04-03,59472,3717,A
window_9,-0.08499924002285408,0.04692746281189161,0.03413795089113385,0.030262037021736396,0.3794239327963013,0.591337099811676,0.5980186130291204,0.9171270718232044,0.7239687443212793,0.5980186130291204,3331,4.623032821753252,-0.20094859550863123,76.65164269485992,0.6825396825396826,1.0059661371379442,487,17665.16426948599,63,9,2016-01-04,2020-04-03,2020-04-06,2020-07-06,63189,3717,A
window_10,-0.007001155485476973,0.03386330415866296,0.023334922460080253,0.05509030223652223,0.47737328685349634,0.5706214689265536,0.5851500789889416,0.8674473067915691,0.6988679245283019,0.5851500789889416,3165,4.759488574148656,-0.16786214329721333,34.34832314315657,0.6507936507936508,1.1432730005420777,631,13434.832314315656,63,10,2016-01-04,2020-07-06,2020-07-07,2020-10-02,66906,3717,A
window_11,-5.434931462611203e-05,0.03622979779573928,0.025426236814923224,0.02123894653205048,0.13105869454191466,0.5345708905030939,0.555628272251309,0.8202898550724638,0.6625048770971518,0.555628272251309,3056,3.900247463486844,-0.22283751923859724,36.182483762206274,0.5967741935483871,1.373582386913859,592,13618.248376220627,63,11,2016-01-04,2020-10-02,2020-10-05,2021-01-04,70623,3717,A
window_12,-0.029760291865435384,0.03204244497621975,0.02392432143270639,-0.027702823207987143,-0.24133169869546653,0.5493677697067527,0.5654149000605694,0.88609397247271,0.6903309299315955,0.5654149000605694,3302,5.405127557853289,-0.08988472214392426,38.453992327236634,0.6349206349206349,1.3599081059666804,321,13845.399232723663,63,12,2016-01-04,2021-01-04,2021-01-05,2021-04-06,74340,3717,A
window_13,-0.013256251874074865,0.023946766212510386,0.01752482625657132,-0.010656278077896871,0.05262730981295265,0.5437466451959205,0.5597579425113465,0.883054892601432,0.6851851851851852,0.5597579425113465,3305,4.302685599194553,-0.060383441719486314,19.917652007796804,0.7142857142857143,0.7866529735871718,327,11991.76520077968,63,13,2016-01-04,2021-04-06,2021-04-07,2021-07-13,78057,3726,A
window_14,-0.014054919243811081,0.024548413218438897,0.01821126424387693,-0.06515420312329194,-0.486109156651335,0.4933862433862434,0.506030855539972,0.9213483146067416,0.6532681513670107,0.506030855539972,3565,2.07367557092542,-0.10041345518912663,10.684195778113882,0.6190476190476191,0.8613068739519002,97,11068.419577811388,63,14,2016-01-04,2021-07-13,2021-07-14,2021-10-11,81783,3780,A
window_15,-0.014320819918379524,0.030942788977177914,0.022336987073760053,-0.07911904582951736,-0.5908424771357718,0.526984126984127,0.5499288762446657,0.9036933146330061,0.6837637071100107,0.5499288762446657,3515,4.633689119336185,-0.11153488677825385,27.50123401189082,0.5714285714285714,1.5678860715514384,195,12750.123401189081,63,15,2016-01-04,2021-10-11,2021-10-12,2022-01-10,85563,3780,A
window_16,-0.008212583572908327,0.03884367707253416,0.02891797698210998,0.11620525613274521,1.1326558510651512,0.4785522788203753,0.4815418023887079,0.9806522940851299,0.6459129801565628,0.4815418023887079,3684,-1.4482735099320283,-0.23720899045579652,-12.89952378584045,0.4126984126984127,1.1350759167206579,93,8710.047621415955,63,16,2016-01-04,2022-01-10,2022-01-11,2022-04-11,89343,3730,A
window_17,-0.014640249971980213,0.04356122320877846,0.0315057728473694,0.14751584576182383,1.6140679804958127,0.45588235294117646,0.4591605218377765,0.9267315397824842,0.6140716859472786,0.4591605218377765,3526,-3.2537476641710055,-0.377114857422131,-32.41279357013917,0.4838709677419355,0.6180580300529429,264,6758.720642986083,63,17,2016-01-04,2022-04-11,2022-04-12,2022-07-13,93073,3740,A
window_18,0.016985635025084656,0.03788076058256805,0.028612377411364354,0.15966104792109959,1.335760759806708,0.571957671957672,0.5271539403838301,0.7372929754426042,0.6147619047619047,0.5271539403838301,2449,-1.4077318047602425,-0.42684850707011274,-18.688012700785883,0.46551724137931033,0.8922176429013735,735,8131.1987299214115,63,18,2016-01-04,2022-07-13,2022-07-14,2022-10-11,96813,3780,A
window_19,-0.01795817982497283,0.03734699113981923,0.026905827838817408,0.08918468625035735,0.37083381295088963,0.5105820105820106,0.645996387718242,0.45952890792291223,0.5370370370370371,0.645996387718242,1661,1.4148161246290842,-0.3907571695458322,16.925189134887965,0.5384615384615384,1.1320135948111958,963,11692.518913488797,63,19,2016-01-04,2022-10-11,2022-10-12,2023-01-11,100593,3780,A
window_20,-0.012156609489276216,0.031199731248619855,0.022259830381308375,0.06284108327123487,0.34583599069673804,0.521957671957672,0.5389408099688473,0.7662401574803149,0.6327982117455802,0.5389408099688473,2889,2.7445655115038172,-0.17080771605149614,21.56864838251691,0.5901639344262295,1.1324088279720297,601,12156.864838251691,63,20,2016-01-04,2023-01-11,2023-01-12,2023-04-13,104373,3780,A
window_21,0.007584427837215246,0.02865813054572251,0.02005705931842772,0.1536194489085659,1.1242253548053607,0.5547619047619048,0.5497919556171983,0.970617042115573,0.7019656454754737,0.5497919556171983,3605,3.5695866716245734,-0.08037036290799819,20.99736928048732,0.6349206349206349,0.9749921643784267,145,12099.736928048733,63,21,2016-01-04,2023-04-13,2023-04-14,2023-07-14,108153,3780,A
window_22,0.018634983946187567,0.02616903822911198,0.01918580766912097,0.06962438065690765,0.6751247880738451,0.5214285714285715,0.49040139616055844,0.9672977624784854,0.650839606253619,0.49040139616055844,3438,-1.8414894212789026,-0.21476623678232232,-10.884606324338819,0.5238095238095238,0.6541639150183878,225,8911.539367566118,63,22,2016-01-04,2023-07-14,2023-07-17,2023-10-12,111933,3780,A
window_23,0.0025595835634124597,0.02856951246896135,0.020409232327021475,0.04427240916317401,0.2677749653815142,0.6124338624338624,0.6172307692307692,0.9007633587786259,0.732517801716268,0.6172307692307692,3250,4.609444323031884,-0.12819515100571388,29.922817394786925,0.6166666666666667,1.398991684797348,247,12992.281739478693,63,23,2016-01-04,2023-10-12,2023-10-13,2024-01-12,115713,3780,A
window_24,-0.004016964702747705,0.02651163400921962,0.018895457422092435,-0.014943671410572972,-0.03527141186592597,0.5383597883597884,0.5467647058823529,0.9011148812409113,0.680578436756361,0.5467647058823529,3400,1.035245613895414,-0.16575197029564698,4.829859959506844,0.5714285714285714,0.9011882923057678,334,10482.985995950685,63,24,2016-01-04,2024-01-12,2024-01-16,2024-04-15,119493,3780,A
window_25,0.004112917304325392,0.02928462866189581,0.020060728299508775,0.0666997523316346,0.3841799369439642,0.5886243386243386,0.5956678700361011,0.9036969420356001,0.7180417044424298,0.5956678700361011,3324,4.281072601635244,-0.04436907197680803,38.83761947509878,0.746031746031746,0.8875864975446791,235,13883.761947509878,63,25,2016-01-04,2024-04-15,2024-04-16,2024-07-16,123273,3780,A
window_26,-0.007220874737965399,0.029840846981188947,0.0213516468386042,-0.018435417107516512,-0.07875825402108773,0.5648148148148148,0.5836807623585467,0.8880833710919801,0.7044025157232704,0.5836807623585467,3358,2.6550969870177044,-0.12250424448017296,16.549717194476663,0.6507936507936508,0.8342971278597393,388,11654.971719447667,63,26,2016-01-04,2024-07-16,2024-07-17,2024-10-14,127053,3780,A
window_0,-0.008047759920495778,0.02994689639985287,0.022011900516383215,0.07428451956597511,0.6835844317081861,0.5146623621199893,0.5142546836817812,0.9921424829753798,0.6773962804005722,0.5142546836817812,3683,-0.6316834596349803,-0.2291985117653365,-6.196514924991348,0.5396825396825397,0.7724786224521902,49,9380.348507500865,63,0,2016-01-04,2018-01-02,2018-01-03,2018-04-04,29736,3717,B
window_1,0.01573714230595258,0.023751762806883042,0.017627390583199565,0.06288310987181096,0.4747998531424161,0.5647027172450901,0.5640949554896142,0.9273170731707318,0.7014760147601476,0.5640949554896142,3370,4.5253781700441085,-0.07360436055486007,21.439807843180848,0.6031746031746031,1.3304052125327166,229,12143.980784318084,63,1,2016-01-04,2018-04-04,2018-04-05,2018-07-03,33453,3717,B
window_2,-0.022939665402519127,0.024519178711610853,0.016495837277491328,0.010880072474183822,0.10848325126439824,0.559322033898305,0.5806546741374226,0.9011441647597254,0.7062410329985653,0.5806546741374226,3391,6.007435941364237,-0.035814175525840784,49.62736424924661,0.6349206349206349,2.549959713675913,191,14962.73642492466,63,2,2016-01-04,2018-07-03,2018-07-05,2018-10-02,37170,3717,B
window_3,-0.08221288678658101,0.04318641534343426,0.03177696908756735,-0.05219290014453253,0.05567720613279967,0.4638149044928706,0.47323529411764703,0.8884594146880177,0.6175398196123585,0.47323529411764703,3400,-2.0687709092371693,-0.3649174019532181,-23.196307154356877,0.4603174603174603,0.8644380856374211,231,7680.369284564313,63,3,2016-01-04,2018-10-02,2018-10-03,2019-01-03,40887,3717,B
window_4,0.021045819975676006,0.024905737964511628,0.016922412628741782,0.15889094911180804,0.9930368067610069,0.6470271724509012,0.6553019358566888,0.9501466275659824,0.7756497948016415,0.6553019358566888,3461,9.580245604993614,-0.05068163883245897,50.70371724051972,0.7619047619047619,1.353688447524146,223,15070.371724051973,63,4,2016-01-04,2019-01-03,2019-01-04,2019-04-04,44604,3717,B
window_5,0.006738295222517898,0.02501419202626753,0.01816092652321962,0.13740283254912905,1.0377810619715337,0.568738229755179,0.5632965165675446,0.9702439024390244,0.712775488263752,0.5632965165675446,3531,2.2207525706323366,-0.1735867084658849,11.802285755188091,0.5873015873015873,1.0059445835519707,205,11180.22857551881,63,5,2016-01-04,2019-04-04,2019-04-05,2019-07-05,48321,3717,B
window_6,-0.029550081869592626,0.027478603362498962,0.019803457937944954,-0.05613107658576609,-0.25819987636386327,0.5267688996502555,0.5190489830993984,0.9577167019027484,0.6732305405907486,0.5190489830993984,3491,-1.0014023621729764,-0.17630556625694083,-7.037655122179198,0.5396825396825397,0.7243279984910579,153,9296.23448778208,63,6,2016-01-04,2019-07-05,2019-07-08,2019-10-03,52038,3717,B
window_7,0.01101233812013036,0.0221101124928777,0.015145286080697361,0.052415754144568324,0.3071796905458703,0.6109765940274415,0.6299235743680188,0.9197424892703863,0.7477320307048151,0.6299235743680188,3402,9.822569799955016,-0.05965228212086449,40.15749567614575,0.7619047619047619,1.3757081841681766,177,14015.749567614575,63,7,2016-01-04,2019-10-03,2019-10-04,2020-01-03,55755,3717,B
window_8,-0.020966669696192763,0.07386159261954668,0.048319653068108794,-0.04822051087892497,-0.13529943736472266,0.5044390637610977,0.4939200926462073,0.9477777777777778,0.6494099733536354,0.4939200926462073,3454,-1.6624355679032137,-0.6867228965167365,-37.411841549657574,0.5238095238095238,0.6644469720442252,257,6258.815845034243,63,8,2016-01-04,2020-01-03,2020-01-06,2020-04-03,59472,3717,B
window_9,-0.02492372306730184,0.045609796021152484,0.0328004528673894,-0.01580339745247921,0.17351450541980712,0.5590529997309658,0.578544061302682,0.9037753222836096,0.7054806828391734,0.578544061302682,3393,5.061734725037911,-0.15931042534623707,70.69895659401426,0.7142857142857143,0.8830787271938223,315,17069.895659401427,63,9,2016-01-04,2020-04-03,2020-04-06,2020-07-06,63189,3717,B
window_10,-0.011791332967482582,0.03394375033740753,0.023169486655176243,0.08035301180634384,0.8907227529046141,0.5781544256120528,0.5785101080033231,0.9784543325526932,0.7271145144448312,0.5785101080033231,3611,4.243658374846324,-0.17989316016895074,29.452584685238968,0.6666666666666666,0.973774695139337,99,12945.258468523896,63,10,2016-01-04,2020-07-06,2020-07-07,2020-10-02,66906,3717,B
window_11,0.0021739136387703972,0.036189412722835525,0.025394904816927247,0.030342835158967733,0.2439548649648762,0.5469464622006995,0.5549544419134397,0.9415458937198068,0.6983160157649588,0.5549544419134397,3512,5.284083652417913,-0.20178008123305524,50.37061208844496,0.6349206349206349,1.442785719560367,145,15037.061208844496,63,11,2016-01-04,2020-10-02,2020-10-05,2021-01-04,70623,3717,B
window_12,0.012210509095950783,0.03138266185190171,0.023338099161837586,0.17379671141425695,1.3586544369850593,0.5633575464083939,0.5676355505869201,0.9639297579496915,0.7145118733509235,0.5676355505869201,3578,4.898781699582818,-0.09513677793955311,31.65430320143665,0.6349206349206349,1.235126962955107,105,13165.430320143665,63,12,2016-01-04,2021-01-04,2021-01-05,2021-04-06,74340,3717,B
window_13,-0.004873264015708756,0.023847500906171933,0.017421470585128655,-0.010485577086252548,0.1961163232963513,0.5611916264090178,0.5661680092059839,0.9393794749403341,0.7065158858373721,0.5661680092059839,3476,4.155641319119726,-0.06037814698654762,18.463336064258407,0.6984126984126984,0.8318533160194165,149,11846.33360642584,63,13,2016-01-04,2021-04-06,2021-04-07,2021-07-13,78057,3726,B
window_14,-0.012004174482170393,0.024523578267777634,0.018200375098813046,-0.07288169238724357,-0.6666704344871155,0.4857142857142857,0.5019863791146425,0.9034729315628192,0.6453848960233491,0.5019863791146425,3524,1.8780266197200925,-0.09949887383782338,9.216621949651715,0.6190476190476191,0.8311132569473749,155,10921.66219496517,63,14,2016-01-04,2021-07-13,2021-07-14,2021-10-11,81783,3780,B
window_15,-0.0172579278362488,0.030987556181592164,0.022423166106918763,-0.058322968859803745,-0.3218540886475875,0.5097883597883598,0.543046357615894,0.8433847592332866,0.6606848562534334,0.543046357615894,3322,5.0077928785676,-0.10919419073617675,31.996670937584113,0.5873015873015873,1.6132138024007876,319,13199.667093758411,63,15,2016-01-04,2021-10-11,2021-10-12,2022-01-10,85563,3780,B
window_16,-0.009667313795804766,0.038871690362281414,0.028865154562279026,0.013830400376819017,0.5211635322920566,0.4815013404825737,0.4819832804842894,0.9242675511332228,0.6335733232284957,0.4819832804842894,3469,-1.2199047348506489,-0.21736311305421308,-10.90092400824555,0.4126984126984127,1.1775988522379937,281,8909.907599175445,63,16,2016-01-04,2022-01-10,2022-01-11,2022-04-11,89343,3730,B
window_17,-0.010273789504146036,0.043467390227603944,0.03149410019052285,-0.0388490836997284,0.16537884433455405,0.4481283422459893,0.44947401976410584,0.8070978820835718,0.5773955773955773,0.44947401976410584,3137,-3.4271571169162725,-0.41631636524040544,-34.79879314341928,0.5079365079365079,0.551348381526369,526,6520.120685658072,63,17,2016-01-04,2022-04-11,2022-04-12,2022-07-13,93073,3740,B
window_18,0.008720016008361253,0.038039686286719894,0.02906051264123555,0.05661036466804742,0.42342092655982316,0.4849206349206349,0.4693366708385482,0.8566533409480297,0.6064281382656155,0.4693366708385482,3196,-1.3991594350959766,-0.42563941437821046,-16.447117786462385,0.47619047619047616,0.8858216738363678,428,8355.288221353761,63,18,2016-01-04,2022-07-13,2022-07-14,2022-10-11,96813,3780,B
window_19,-0.006566140784382224,0.0371374268225046,0.02635611811325499,-0.021857297511690042,-0.1970512381906496,0.5888888888888889,0.6148191708321082,0.8955032119914347,0.7290794979079498,0.6148191708321082,3401,5.814613730913599,-0.15658740130275386,58.95602192675806,0.6825396825396826,1.1370899943792339,343,15895.602192675806,63,19,2016-01-04,2022-10-11,2022-10-12,2023-01-11,100593,3780,B
window_20,0.009505114016810978,0.03086406423271827,0.022018975373677436,0.0900468901846099,0.4917922801366468,0.532010582010582,0.5366397325160212,0.9478346456692913,0.6852873154243018,0.5366397325160212,3589,2.3279492052974686,-0.16937882667339416,14.71886428215312,0.6349206349206349,0.8290036244999206,151,11471.886428215312,63,20,2016-01-04,2023-01-11,2023-01-12,2023-04-13,104373,3780,B
window_21,0.021226907053459754,0.028460470961124713,0.020000178010965868,0.14318523233451785,0.813195115405466,0.542063492063492,0.5422210154765137,0.9779627815866797,0.6976419213973799,0.5422210154765137,3683,4.4201562408498125,-0.07123642574628791,25.029692984420592,0.6190476190476191,1.167949279252044,105,12502.96929844206,63,21,2016-01-04,2023-04-13,2023-04-14,2023-07-14,108153,3780,B
window_22,0.006696500864075139,0.026327732595456774,0.019336789404653804,0.08411336532396908,0.6537550978749219,0.49603174603174605,0.47711864406779664,0.9690189328743546,0.6394094264622374,0.47711864406779664,3540,-2.098634966067545,-0.2067765630812939,-10.064362045456432,0.49206349206349204,0.7399944106257564,191,8993.563795454356,63,22,2016-01-04,2023-07-14,2023-07-17,2023-10-12,111933,3780,B
window_23,-0.005321085022751415,0.0286821527273155,0.020488240142498518,-0.035175304969200766,-0.16414321976396706,0.5603174603174603,0.582337510929758,0.8971710821733273,0.7062566277836692,0.582337510929758,3431,5.441209392596547,-0.12206756837932377,35.51246521004834,0.6349206349206349,1.4314593075091433,251,13551.246521004834,63,23,2016-01-04,2023-10-12,2023-10-13,2024-01-12,115713,3780,B
window_24,-0.008469467538660513,0.026570354403399932,0.01893530271531657,-0.0966059357047857,-0.51205099010882,0.5248677248677248,0.5385059128929911,0.9049927290353854,0.6752260397830018,0.5385059128929911,3467,3.5364092317730322,-0.12448048165040285,14.883159866262696,0.6349206349206349,0.9856425553632086,249,11488.31598662627,63,24,2016-01-04,2024-01-12,2024-01-16,2024-04-15,119493,3780,B
window_25,0.01283068657025166,0.02915617142955344,0.020053697009406807,0.08619649798962795,0.47641339081368594,0.5976190476190476,0.594259988745076,0.9639434048379736,0.7352480417754569,0.594259988745076,3554,9.877795174855189,-0.03562410020084312,38.31728408816153,0.7142857142857143,1.9548193074451685,201,13831.728408816152,63,25,2016-01-04,2024-04-15,2024-04-16,2024-07-16,123273,3780,B
window_26,-0.020449439046423823,0.030036168521713456,0.02148969734314209,-0.059678228343844925,-0.18150364030652638,0.5558201058201058,0.5755148741418764,0.9116447666515632,0.7055935472558302,0.5755148741418764,3496,3.3595283305238532,-0.11980462427547299,19.945712376917225,0.6349206349206349,0.9924988152936102,259,11994.571237691722,63,26,2016-01-04,2024-07-16,2024-07-17,2024-10-14,127053,3780,B
window_0,-0.17570509269315981,0.03234152284718133,0.02359455121911927,0.12521412394214224,1.1426503414446705,0.517621737960721,0.515881708652793,0.9869041382922996,0.6775759755439669,0.515881708652793,3652,-0.481364925085383,-0.23196505226947073,-5.12102113816243,0.5555555555555556,0.7423957696214509,129,9487.897886183757,63,0,2016-01-04,2018-01-02,2018-01-03,2018-04-04,29736,3717,C
window_1,-0.6589624760771047,0.03083603859911529,0.024185534105947887,0.04890043700934479,0.5663698806660639,0.4796879203658865,0.7,0.09902439024390244,0.1735042735042735,0.7,290,2.1398957088342745,-0.12471202979438206,15.612333124931244,0.56,1.3635187997682312,250,11561.233312493125,63,1,2016-01-04,2018-04-04,2018-04-05,2018-07-03,33453,3717,C
window_2,-0.042303247374259056,0.024750156815679145,0.016625283793125705,-0.012344106899199177,0.35551051865007777,0.5531342480495023,0.5762070971495056,0.9066361556064073,0.7046060821625467,0.5762070971495056,3438,5.108451468814769,-0.03584092399657657,17.42471615312853,0.5873015873015873,1.5136540502755427,147,11742.471615312852,63,2,2016-01-04,2018-07-03,2018-07-05,2018-10-02,37170,3717,C
window_3,-0.07729013010378782,0.043088080472110366,0.03134503737308886,0.08215856504053826,0.8684648368906424,0.46354587032553135,0.4726784114661093,0.8741027056874655,0.6135658914728682,0.4726784114661093,3349,-1.9761509239846804,-0.35187828025256235,-22.28504581100911,0.4603174603174603,0.8733228200310238,363,7771.49541889909,63,3,2016-01-04,2018-10-02,2018-10-03,2019-01-03,40887,3717,C
window_4,-0.6024084686822617,0.03186433415168565,0.024183866641438286,0.018706038883658807,0.11032412098075235,0.384180790960452,0.5945945945945946,0.12903225806451613,0.21204819277108433,0.5945945945945946,518,3.079388032415152,-0.039280191584913506,14.429073408814318,0.5,3.596463580535706,500,11442.907340881431,63,4,2016-01-04,2019-01-03,2019-01-04,2019-04-04,44604,3717,C
window_5,-0.0812261354220547,0.026098340990702528,0.019234047392171057,-0.050424789533562706,-0.24961814545783756,0.4745762711864407,0.5236239649293717,0.524390243902439,0.5240068242749207,0.5236239649293717,2053,2.5048032864794374,-0.10571551400611746,15.931291042630757,0.5,1.7728924411356888,561,11593.129104263076,63,5,2016-01-04,2019-04-04,2019-04-05,2019-07-05,48321,3717,C
window_6,-0.023838955806546824,0.027402282641284928,0.019769080122454073,0.007354929706405898,0.22425793119151916,0.4963680387409201,0.5030883261272391,0.8609936575052854,0.6350877192982456,0.5030883261272391,3238,0.33408870253230105,-0.18812026246904864,1.4161484083893061,0.5079365079365079,1.0380947731249415,497,10141.61484083893,63,6,2016-01-04,2019-07-05,2019-07-08,2019-10-03,52038,3717,C
window_7,-0.07017436171325753,0.022999732585816567,0.01594718385671245,0.1020076110430443,0.6430815525264965,0.4587032553134248,0.6857476635514018,0.251931330472103,0.3684871311989956,0.6857476635514018,856,5.659030270429359,-0.21602795492680416,70.09307513109222,0.7301587301587301,1.0873257712164726,734,17009.307513109223,63,7,2016-01-04,2019-10-03,2019-10-04,2020-01-03,55755,3717,C
window_8,-0.01626690884614712,0.07369139498379326,0.0481555993276012,0.025064701613509082,0.4542697408373159,0.4850686037126715,0.48392554991539766,0.9533333333333334,0.6419753086419753,0.48392554991539766,3546,-1.5870641693002132,-0.6848100409862201,-36.373580052353674,0.5555555555555556,0.5956416901793337,287,6362.641994764633,63,8,2016-01-04,2020-01-03,2020-01-06,2020-04-03,59472,3717,C
window_9,-0.06051499210125599,0.04639495559495511,0.033612764830644265,0.043584118860486125,0.45246191146167614,0.5961797148237826,0.5949617888480045,0.9677716390423573,0.736897458369851,0.5949617888480045,3533,4.636963572634891,-0.18286981766685173,66.70611423301733,0.6825396825396826,0.9772297424287102,289,16670.611423301732,63,9,2016-01-04,2020-04-03,2020-04-06,2020-07-06,63189,3717,C
window_10,-0.01534867931260342,0.0340033692147485,0.023408082352063785,0.0596139662710082,0.5269725283015624,0.5466774280333603,0.5817587209302325,0.7498829039812647,0.6552076938817271,0.5817587209302325,2752,4.1597661446995735,-0.1746439603350832,30.41651775476881,0.6507936507936508,1.0502345426721504,965,13041.651775476881,63,10,2016-01-04,2020-07-06,2020-07-07,2020-10-02,66906,3717,C
window_11,0.011533435218341048,0.03601928607363233,0.0252339092595892,0.04547326101054536,0.19164409349051162,0.5348399246704332,0.5555917835017933,0.8231884057971014,0.663422230874051,0.5555917835017933,3067,4.4968522685437895,-0.22465042733879673,46.376647098609865,0.6290322580645161,1.3369847264731392,672,14637.664709860986,63,11,2016-01-04,2020-10-02,2020-10-05,2021-01-04,70623,3717,C
window_12,-0.021554852342186015,0.031914527729472654,0.023858819969874205,-0.0065848056307480085,-0.1354703057753634,0.5606672047350013,0.5671007927519819,0.950640721404841,0.7104096471005498,0.5671007927519819,3532,5.466929149040582,-0.07923580121187358,35.648543549994,0.6666666666666666,1.1777453225281753,167,13564.854354999401,63,12,2016-01-04,2021-01-04,2021-01-05,2021-04-06,74340,3717,C
window_13,-0.005503259326417931,0.023854975211769016,0.01744052264972264,-0.007539711109815051,0.04291018724887523,0.5587761674718197,0.5663821018545776,0.9183770883054893,0.7006554989075018,0.5663821018545776,3397,4.365929306601319,-0.06038344171948621,19.842752714756926,0.7142857142857143,0.7948369850902036,227,11984.275271475693,63,13,2016-01-04,2021-04-06,2021-04-07,2021-07-13,78057,3726,C
window_14,-0.007194062177831029,0.024465227881653253,0.01814069311191276,-0.034585207491058256,-0.41925234878670026,0.4981481481481482,0.5083265083265083,0.95097037793667,0.6625155666251556,0.5083265083265083,3663,1.4836803469771416,-0.10041345518912655,6.8807700926041715,0.6190476190476191,0.7791671475809575,105,10688.077009260418,63,14,2016-01-04,2021-07-13,2021-07-14,2021-10-11,81783,3780,C
window_15,-0.009999549273263186,0.030876806459921816,0.02228731291462819,-0.07254642260171015,-0.6298145619486479,0.555026455026455,0.5617734522844012,0.9714820009350164,0.7118876327509421,0.5617734522844012,3699,4.643242773279947,-0.11153488677825389,26.471820790468904,0.5714285714285714,1.569652925799759,129,12647.18207904689,63,15,2016-01-04,2021-10-11,2021-10-12,2022-01-10,85563,3780,C
window_16,-0.0009996940547771782,0.03870448120300051,0.02881083756813465,0.11678498551363337,1.151327079588927,0.4833780160857909,0.4840195016251354,0.9878385848535103,0.649700054535539,0.4840195016251354,3692,-1.3927478510492455,-0.23302987758570815,-12.47781980655256,0.4126984126984127,1.1453668059159843,77,8752.218019344744,63,16,2016-01-04,2022-01-10,2022-01-11,2022-04-11,89343,3730,C
window_17,-0.015620108624852636,0.04358225211104321,0.03157193488908696,0.10719332888090843,1.2010727198160107,0.4553475935828877,0.4593609865470852,0.9381797366914711,0.6167450611476952,0.4593609865470852,3568,-2.754403390675212,-0.3772243150887309,-29.11980978376767,0.49206349206349204,0.6556300961422029,182,7088.019021623233,63,17,2016-01-04,2022-04-11,2022-04-12,2022-07-13,93073,3740,C
window_18,0.014201959346584414,0.037934357564514846,0.028703904480102342,0.1021481226561356,0.8741620462957526,0.5343915343915344,0.49810046433094135,0.67390062821245,0.5728155339805825,0.49810046433094135,2369,1.5449645299109422,-0.3169596387851879,19.104335819123143,0.48214285714285715,1.4483979704148822,887,11910.433581912313,63,18,2016-01-04,2022-07-13,2022-07-14,2022-10-11,96813,3780,C
window_19,-0.006842887253010632,0.03714253177535885,0.026709322675102534,0.15344517432480045,0.7183921363846297,0.5462962962962963,0.6693989071038251,0.5246252676659529,0.5882352941176471,0.6693989071038251,1830,3.262394756013096,-0.292163388020254,40.574468716469966,0.62,1.1800623868066615,923,14057.446871646996,63,19,2016-01-04,2022-10-11,2022-10-12,2023-01-11,100593,3780,C
window_20,-0.0047819693154624865,0.031085861798956133,0.02220216556789376,0.066478993717563,0.44745622736344437,0.5084656084656085,0.5276190476190477,0.8179133858267716,0.6414511771516789,0.5276190476190477,3150,2.5302629148295686,-0.16606336287377182,16.645524807149602,0.5806451612903226,1.089490273468063,479,11664.55248071496,63,20,2016-01-04,2023-01-11,2023-01-12,2023-04-13,104373,3780,C
window_21,0.015898272117687018,0.028537838029296526,0.020005015740681094,0.23842972003970733,1.6857971383482846,0.5558201058201058,0.5514893617021277,0.9520078354554359,0.6984012933357284,0.5514893617021277,3525,2.9624183276099902,-0.10998602187396607,18.62998405058338,0.6190476190476191,0.9579874713225597,283,11862.998405058339,63,21,2016-01-04,2023-04-13,2023-04-14,2023-07-14,108153,3780,C
window_22,0.015994510427382425,0.02620421995778434,0.019233855054360465,0.05100957538377473,0.5287721978414393,0.5156084656084656,0.48717948717948717,0.9592656339644291,0.6461835748792271,0.48717948717948717,3432,-1.5468054744327977,-0.2078704043095152,-9.816780342548647,0.5079365079365079,0.7338977829719636,243,9018.321965745135,63,22,2016-01-04,2023-07-14,2023-07-17,2023-10-12,111933,3780,C
window_23,0.0016520880188263254,0.02858250613271504,0.020414820280334416,0.03808706087986164,0.19267984759992884,0.6063492063492063,0.6127555691180958,0.9016614279299506,0.7296511627906976,0.6127555691180958,3277,4.927207856714174,-0.11242796051986145,31.836618522043892,0.65,1.2766501214553876,245,13183.66185220439,63,23,2016-01-04,2023-10-12,2023-10-13,2024-01-12,115713,3780,C
window_24,-0.0014262301980094705,0.026477407012769672,0.01886420740196061,0.008824715066018975,0.0347880224577979,0.5391534391534392,0.5485334139703659,0.8793019873969947,0.6756052141527001,0.5485334139703659,3307,2.6710004610932794,-0.14365486684213216,16.67584035179481,0.5873015873015873,1.1810870344227227,434,11667.584035179481,63,24,2016-01-04,2024-01-12,2024-01-16,2024-04-15,119493,3780,C
window_25,0.0033633770064016577,0.029295646919455225,0.020087468067460163,0.05726406593035234,0.41337483139973374,0.5830687830687831,0.592816178690009,0.8963943404837974,0.7136627906976745,0.592816178690009,3313,2.7093209588012033,-0.06940657291191321,24.362474936276477,0.7301587301587301,0.6963952487382019,293,12436.247493627649,63,25,2016-01-04,2024-04-15,2024-04-16,2024-07-16,123273,3780,C
window_26,-0.010176324160606098,0.029884595336450673,0.02135821600913782,-0.022821506053472867,-0.11263330938634619,0.5608465608465608,0.5803702615339407,0.8948799275033983,0.7040998217468806,0.5803702615339407,3403,1.211141576923148,-0.16946450008027764,8.016216977610124,0.6507936507936508,0.6639019028491135,323,10801.621697761013,63,26,2016-01-04,2024-07-16,2024-07-17,2024-10-14,127053,3780,C
window_0,-0.01640335085125355,0.03007075344529103,0.022070547222300955,-0.0005724874312257214,0.01272239213094729,0.5092816787732042,0.5118615685180017,0.9607124148768988,0.6678805535324108,0.5118615685180017,3583,-0.6545404700977004,-0.2298277140278475,-6.35748653231758,0.5396825396825397,0.7699142275049571,189,9364.251346768242,63,0,2016-01-04,2018-01-02,2018-01-03,2018-04-04,29736,3717,candidate_6
window_1,-0.000151219526149049,0.02394270053621135,0.01773652094415889,0.05520308174127294,0.3401008674538489,0.5488297013720742,0.5515335728101686,0.9736585365853658,0.7041806315046746,0.5515335728101686,3619,4.577931070226426,-0.07020905063744796,21.29130356991378,0.6031746031746031,1.3266467605386856,97,12129.130356991378,63,1,2016-01-04,2018-04-04,2018-04-05,2018-07-03,33453,3717,candidate_6
window_2,0.004787310170177639,0.024184597395975418,0.01636147142925213,0.03941717684089336,0.10809545683593966,0.5878396556362658,0.5894275540947685,0.9848970251716247,0.7374914324880055,0.5894275540947685,3651,7.618664434563483,-0.03427355421773387,26.807139535605472,0.6349206349206349,1.83402353433162,77,12680.713953560547,63,2,2016-01-04,2018-07-03,2018-07-05,2018-10-02,37170,3717,candidate_6
window_3,-0.006763256800383033,0.04165378635607069,0.031099482357772594,0.06551968014006702,1.3288967963708278,0.4864137745493678,0.4866120218579235,0.9834345665378245,0.6510692743556936,0.4866120218579235,3660,-2.2567631177650003,-0.3735147652041194,-24.322413867662227,0.4603174603174603,0.8391338869767591,71,7567.758613233777,63,3,2016-01-04,2018-10-02,2018-10-03,2019-01-03,40887,3717,candidate_6
window_4,-0.01579805410568258,0.025370084881133372,0.01718732860025511,0.03702831483925259,0.2260318282317966,0.6311541565778854,0.6463976945244957,0.9396732299958106,0.7659211200273177,0.6463976945244957,3470,8.850279379167924,-0.04904983585777434,44.10391922628829,0.7301587301587301,1.374861524090279,257,14410.391922628829,63,4,2016-01-04,2019-01-03,2019-01-04,2019-04-04,44604,3717,candidate_6
window_5,-0.0035978671331060585,0.02514400755620525,0.018350185128198335,-0.011697512059587242,-0.03750969059336519,0.5520581113801453,0.5526675786593708,0.9853658536585366,0.708150744960561,0.5526675786593708,3655,2.595727636455689,-0.1662013588095914,13.87991683234009,0.5714285714285714,1.1416540282894796,75,11387.99168323401,63,5,2016-01-04,2019-04-04,2019-04-05,2019-07-05,48321,3717,candidate_6
window_6,-0.0060462885861938265,0.027163135384977645,0.019614210014188272,-0.013934318006860366,0.10003941704645743,0.5079365079365079,0.5086089095381252,0.983615221987315,0.6705098180508017,0.5086089095381252,3659,-0.5254873959772356,-0.1633353626158561,-3.8835446407550767,0.5396825396825397,0.7833575127648756,57,9611.645535924492,63,6,2016-01-04,2019-07-05,2019-07-08,2019-10-03,52038,3717,candidate_6
window_7,-0.007503947224306806,0.022316130559587748,0.015183749661925377,0.016913956814358855,0.22744541148794337,0.6195856873822976,0.6265193370165746,0.9733905579399141,0.7623529411764706,0.6265193370165746,3620,12.074974375249273,-0.036382645135160784,44.76466950567859,0.7619047619047619,2.022556928731646,39,14476.46695056786,63,7,2016-01-04,2019-10-03,2019-10-04,2020-01-03,55755,3717,candidate_6
window_8,-0.010924633609826317,0.07349745063424142,0.048180824169838585,0.008522032860232114,0.15763991911478686,0.48748991121872476,0.4854045037531276,0.97,0.6470261256253474,0.4854045037531276,3597,-1.5952714788180162,-0.6829055540755055,-36.49875889212482,0.5079365079365079,0.7190346898900833,192,6350.1241107875185,63,8,2016-01-04,2020-01-03,2020-01-06,2020-04-03,59472,3717,candidate_6
window_9,-0.05573744777474143,0.046290334653136,0.03297172300355464,-0.0003118323780944137,0.2802900407349592,0.5641646489104116,0.5798611111111112,0.9226519337016574,0.7121535181236673,0.5798611111111112,3456,4.550097966119909,-0.15936946406892946,55.33649333266537,0.6984126984126984,0.8691680170339215,327,15533.649333266538,63,9,2016-01-04,2020-04-03,2020-04-06,2020-07-06,63189,3717,candidate_6
window_10,0.005727101991535699,0.033648611489834404,0.023158344991991396,0.0371223942362399,0.10231800029408497,0.5821899381221415,0.5820180383314544,0.9672131147540983,0.7267288404011966,0.5820180383314544,3548,4.7334564338832195,-0.17302828936785983,33.08227076657684,0.6825396825396826,0.9897412531100965,127,13308.227076657684,63,10,2016-01-04,2020-07-06,2020-07-07,2020-10-02,66906,3717,candidate_6
window_11,0.0012487965323428885,0.03620618502858242,0.025342188638966787,0.04621465006820147,0.30473738229810304,0.551789077212806,0.5558628318584071,0.9710144927536232,0.7069996482588815,0.5558628318584071,3616,5.345733969149909,-0.19227019855874827,48.431560594747445,0.6349206349206349,1.4307676976884318,144,14843.156059474744,63,11,2016-01-04,2020-10-02,2020-10-05,2021-01-04,70623,3717,candidate_6
window_12,0.0022672825240798167,0.03154021747272321,0.0234554204594692,0.06665085325993103,0.42000006658756195,0.5684691955878397,0.5686970773012838,0.9881347887992407,0.7219140083217753,0.5686970773012838,3661,5.25842567440618,-0.0819893243624241,33.68530515777688,0.6349206349206349,1.3145684872269896,75,13368.530515777687,63,12,2016-01-04,2021-01-04,2021-01-05,2021-04-06,74340,3717,candidate_6
window_13,-0.007182364510771588,0.023874884796351855,0.01743425271625107,-0.02990372152432856,-0.22446042196676327,0.5636070853462157,0.5638790520294198,0.9880668257756563,0.7180020811654526,0.5638790520294198,3671,3.8311846880012568,-0.06019030706107813,16.04509894953816,0.6825396825396826,0.8535744336095494,29,11604.509894953817,63,13,2016-01-04,2021-04-06,2021-04-07,2021-07-13,78057,3726,candidate_6
window_14,0.011393356257392684,0.024238427966479355,0.017957120690802807,0.044642670197021735,0.16920878403559672,0.5174603174603175,0.5179624664879356,0.9867211440245148,0.679324894514768,0.5179624664879356,3730,1.7054410278038825,-0.09910944277627681,8.010033333639232,0.6190476190476191,0.8046233111868571,41,10801.003333363924,63,14,2016-01-04,2021-07-13,2021-07-14,2021-10-11,81783,3780,candidate_6
window_15,0.0017052745668800773,0.030697370352808798,0.02210888251971154,0.07203727758132038,0.43743778034519104,0.5674603174603174,0.5680345572354212,0.9836372136512389,0.7201779907581721,0.5680345572354212,3704,4.782581938267213,-0.10571484893842734,27.2374139676268,0.5873015873015873,1.5047635053603412,45,12723.74139676268,63,15,2016-01-04,2021-10-11,2021-10-12,2022-01-10,85563,3780,candidate_6
window_16,-0.006187444850794144,0.03880464593096961,0.028795149361788515,0.03824411724491912,0.7654566539894656,0.48552278820375333,0.485038084874864,0.9856274184632393,0.6501367365542389,0.485038084874864,3676,-1.4622459761172357,-0.23530397831754418,-12.912322468944271,0.4126984126984127,1.1328309199118047,77,8708.767753105572,63,16,2016-01-04,2022-01-10,2022-01-11,2022-04-11,89343,3730,candidate_6
window_17,-0.012102475477002717,0.04350671237469773,0.03145729868397551,0.06314974686740778,0.8077084956849692,0.4727272727272727,0.4693376941946034,0.9856897538637664,0.6358936484490398,0.4693376941946034,3669,-3.0284712639270612,-0.3802763770318096,-30.859980726041304,0.5079365079365079,0.5889225172620243,121,6914.00192739587,63,17,2016-01-04,2022-04-11,2022-04-12,2022-07-13,93073,3740,candidate_6
window_18,-0.004555922443210347,0.038293566571563346,0.0292008197470928,0.02430444400067885,0.2039410789689317,0.4621693121693122,0.46217811158798283,0.9840091376356368,0.6289468881182697,0.46217811158798283,3728,-1.303972761135027,-0.409143275631617,-14.416206489487882,0.49206349206349204,0.8479663633778802,77,8558.379351051211,63,18,2016-01-04,2022-07-13,2022-07-14,2022-10-11,96813,3780,candidate_6
window_19,0.008097549323577424,0.03686592472711393,0.0262028485682585,0.145425790280654,0.6237354329589512,0.6124338624338624,0.6176948051948052,0.9777301927194861,0.7570883767202785,0.6176948051948052,3696,5.8244092189211285,-0.15331095000709455,59.5675543572465,0.6666666666666666,1.220601259454694,79,15956.75543572465,63,19,2016-01-04,2022-10-11,2022-10-12,2023-01-11,100593,3780,candidate_6
window_20,0.00773187032838496,0.03089167923344141,0.02199334420649719,0.08911872355141771,0.3041002085750108,0.5386243386243387,0.5391517128874388,0.9758858267716536,0.6945709281961471,0.5391517128874388,3678,2.252287258369632,-0.1685427516342618,14.100911389782112,0.6190476190476191,0.8748482100748395,111,11410.09113897821,63,20,2016-01-04,2023-01-11,2023-01-12,2023-04-13,104373,3780,candidate_6
window_21,0.00821203455577102,0.028649067366807293,0.020138518574464092,0.10170241260467147,0.18628589055596495,0.5365079365079365,0.539595849262698,0.9676787463271302,0.6928471248246845,0.539595849262698,3662,4.326697832098978,-0.073531521392485,24.42676269206956,0.6190476190476191,1.1517997241752376,95,12442.676269206955,63,21,2016-01-04,2023-04-13,2023-04-14,2023-07-14,108153,3780,candidate_6
window_22,0.0031579556553275046,0.02637458587322596,0.019373978534878062,0.008042839054656217,0.16654444052250156,0.46164021164021163,0.4601092896174863,0.9661503155479059,0.623357394040348,0.4601092896174863,3660,-2.0284699276163907,-0.20279583237172394,-9.550535757387557,0.49206349206349204,0.7512270180268689,87,9044.946424261245,63,22,2016-01-04,2023-07-14,2023-07-17,2023-10-12,111933,3780,candidate_6
window_23,-0.007097182547274539,0.02870747788022901,0.020481735364849086,-0.04172241791016897,-0.26666032249924615,0.5738095238095238,0.5847550908090259,0.9541984732824428,0.7251322299948815,0.5847550908090259,3634,5.278788828750405,-0.12104677330353845,33.82716899287039,0.6507936507936508,1.3012332874721928,101,13382.71689928704,63,23,2016-01-04,2023-10-12,2023-10-13,2024-01-12,115713,3780,candidate_6
window_24,-0.0004372608565237357,0.026464329758006826,0.01884246996879927,-0.011148997327861353,-0.040545821094757975,0.5391534391534392,0.5436972502041928,0.968007755695589,0.6963040446304045,0.5436972502041928,3673,3.728327365615648,-0.1249355872354776,15.618041922821435,0.6190476190476191,1.0853914404459948,107,11561.804192282143,63,24,2016-01-04,2024-01-12,2024-01-16,2024-04-15,119493,3780,candidate_6
window_25,-0.007051246445497039,0.02944831550377572,0.020212943540919837,-0.033196136845140146,-0.16348449408721652,0.5735449735449736,0.5791199781361027,0.9671382930168873,0.7244444444444444,0.5791199781361027,3659,8.338465225759364,-0.057592385042424095,33.9253149892065,0.6984126984126984,1.534068770938616,107,13392.53149892065,63,25,2016-01-04,2024-04-15,2024-04-16,2024-07-16,123273,3780,candidate_6
window_26,-0.00243718318610453,0.029769899630773314,0.02131563144877091,0.04838089616796086,0.36986547215480353,0.5738095238095238,0.5810663764961915,0.9678296329859538,0.7261601223865375,0.5810663764961915,3676,3.788302797656201,-0.12182570504979087,23.027315750223675,0.6666666666666666,0.9347510830432526,161,12302.731575022368,63,26,2016-01-04,2024-07-16,2024-07-17,2024-10-14,127053,3780,candidate_6
window_0,-0.13638101209134668,0.031796055762261174,0.023292697346971654,0.1293759613971565,1.12811441565838,0.5211191821361313,0.517763701459653,0.9848088004190676,0.6787003610108303,0.517763701459653,3631,-0.5798839623440459,-0.23344258986820934,-5.869713249833652,0.5555555555555556,0.7309139230967546,173,9413.028675016634,63,0,2016-01-04,2018-01-02,2018-01-03,2018-04-04,29736,3717,D
window_1,-0.613963568870453,0.030414953925027848,0.023694913372057456,0.06922356790896456,0.6002898792625287,0.4858757062146893,0.698005698005698,0.11951219512195121,0.20408163265306123,0.698005698005698,351,2.9381348310272077,-0.11762343761098057,22.99813309675851,0.5925925925925926,1.4520347449456974,186,12299.81330967585,63,1,2016-01-04,2018-04-04,2018-04-05,2018-07-03,33453,3717,D
window_2,-0.062167804892714784,0.024984891986817734,0.01667461099005669,0.003861458035178434,0.4834471522239937,0.5512510088781275,0.5772795216741405,0.8837528604118993,0.6983725135623869,0.5772795216741405,3345,5.073427575650048,-0.04999903250642671,20.607170817697916,0.6031746031746031,1.4845305811260117,191,12060.717081769792,63,2,2016-01-04,2018-07-03,2018-07-05,2018-10-02,37170,3717,D
window_3,-0.0642691024294646,0.04282688957787853,0.03140757004062831,0.10103602057431411,1.090065657557032,0.4705407586763519,0.4775393419170243,0.9215902816123689,0.6290991330569167,0.4775393419170243,3495,-1.9185954423852838,-0.354407903299883,-22.003202184066783,0.4603174603174603,0.8813491065859957,151,7799.679781593321,63,3,2016-01-04,2018-10-02,2018-10-03,2019-01-03,40887,3717,D
window_4,-0.6851323169362051,0.03267647764567586,0.024992678491132802,0.025576071394248383,0.11161366374398937,0.38714016680118374,0.6408268733850129,0.1038961038961039,0.1788031723143475,0.6408268733850129,387,3.5206300679906573,-0.03008806509636459,18.078031410451146,0.5,5.583355563644055,408,11807.803141045115,63,4,2016-01-04,2019-01-03,2019-01-04,2019-04-04,44604,3717,D
window_5,-0.075680833038829,0.026031329462687786,0.019228401403831585,-0.060253595358274376,-0.34515143485036226,0.46462200699488837,0.5149253731343284,0.5048780487804878,0.5098522167487685,0.5149253731343284,2010,1.3680895437450402,-0.22077269272854197,10.53797083794288,0.4727272727272727,1.4919515351453163,503,11053.797083794288,63,5,2016-01-04,2019-04-04,2019-04-05,2019-07-05,48321,3717,D
window_6,-0.011123159036942498,0.02723158659872259,0.01963366920115122,0.03894257465149785,0.48411661674185386,0.5030938929244014,0.5069594803587999,0.8662790697674418,0.639609756097561,0.5069594803587999,3233,0.1455264757821954,-0.17114866177639348,-0.07043660797512175,0.5396825396825397,0.8745207286258957,527,9992.956339202488,63,6,2016-01-04,2019-07-05,2019-07-08,2019-10-03,52038,3717,D
window_7,-0.07123854865268808,0.02301116527106771,0.015896617531465134,0.11920614588545377,0.7688229140041093,0.5200430454667743,0.6779661016949152,0.44635193133047213,0.5383022774327122,0.6779661016949152,1534,3.7735104312542234,-0.21958287349503627,33.52612647520679,0.7301587301587301,0.7356043832253233,928,13352.612647520678,63,7,2016-01-04,2019-10-03,2019-10-04,2020-01-03,55755,3717,D
window_8,-0.051467947488653465,0.07495677705311289,0.04900590209529124,-0.004726064998779852,0.20260891288986987,0.47188592951304814,0.4763425253991292,0.9116666666666666,0.6257387988560534,0.4763425253991292,3445,-1.4654452244059175,-0.6841019250094592,-34.84425617275904,0.5396825396825397,0.651570094635695,387,6515.574382724097,63,8,2016-01-04,2020-01-03,2020-01-06,2020-04-03,59472,3717,D
window_9,-0.09799945125459453,0.047207762720342446,0.03431323704253008,0.048004706045926306,0.4369682654622241,0.5999461931665322,0.5979410923648842,0.962707182320442,0.7376962427235844,0.5979410923648842,3497,4.754752693741271,-0.18278482833921947,70.98966911857684,0.6825396825396826,1.0034986024511725,327,17098.966911857686,63,9,2016-01-04,2020-04-03,2020-04-06,2020-07-06,63189,3717,D
window_10,-0.008992038392606982,0.033896762205845726,0.023379730953919358,0.052174637302673195,0.4381819191952582,0.5375302663438256,0.5785498489425982,0.7175644028103044,0.6406021325527911,0.5785498489425982,2648,4.392211968207953,-0.1711559439271316,32.56151041735449,0.6666666666666666,1.0233101753438,861,13256.15104173545,63,10,2016-01-04,2020-07-06,2020-07-07,2020-10-02,66906,3717,D
window_11,0.0143162827333988,0.03596854746851494,0.02526229971168559,0.04815287766288097,0.262977905396846,0.5359160613397902,0.5561340709404491,0.8256038647342995,0.664592650204161,0.5561340709404491,3073,4.084500059013235,-0.2747960672743122,44.38824503956924,0.6349206349206349,1.1559981447875074,612,14438.824503956925,63,11,2016-01-04,2020-10-02,2020-10-05,2021-01-04,70623,3717,D
window_12,-0.03758871632051819,0.032164010610988565,0.024060751717960176,-0.009108487818818133,-0.15295410534398865,0.5515200430454668,0.5646298472385429,0.9121974371143806,0.6975140627835239,0.5646298472385429,3404,5.018816709910461,-0.08990675870163559,34.603639516288396,0.6190476190476191,1.3851167767120587,277,13460.36395162884,63,12,2016-01-04,2021-01-04,2021-01-05,2021-04-06,74340,3717,D
window_13,-0.006511484862359973,0.02386693199504537,0.01745355464804772,-0.014874893576765635,0.006818986245740307,0.5507246376811594,0.5633463737586518,0.8935560859188544,0.6910299003322259,0.5633463737586518,3323,4.462485841958304,-0.062011989071721396,22.185229974280496,0.7142857142857143,0.8261133825620486,321,12218.52299742805,63,13,2016-01-04,2021-04-06,2021-04-07,2021-07-13,78057,3726,D
window_14,-0.009723845761342442,0.024495933442443593,0.018166901645168147,-0.07188892922322766,-0.6544389060188778,0.4843915343915344,0.5012538311507384,0.9187946884576098,0.6486389039120245,0.5012538311507384,3589,1.6472815149372306,-0.10041345518912666,7.93727402733575,0.6190476190476191,0.8024164727988058,147,10793.727402733575,63,14,2016-01-04,2021-07-13,2021-07-14,2021-10-11,81783,3780,D
window_15,-0.012597860945489536,0.030916497583967056,0.022318093361152872,-0.07462079798929924,-0.6204513024220444,0.5650793650793651,0.5657021502521901,0.9962599345488546,0.7216390111750762,0.5657021502521901,3767,4.662077204656902,-0.111534886778254,26.616922558984978,0.5714285714285714,1.573167420313334,19,12661.692255898497,63,15,2016-01-04,2021-10-11,2021-10-12,2022-01-10,85563,3780,D
window_16,-0.003482268970664837,0.03875244688790745,0.02878356487691476,0.11196685251059375,1.2321563667272253,0.486058981233244,0.48544474393530995,0.9955776672194583,0.6526544663888385,0.48544474393530995,3710,-1.3625639670516956,-0.23157431956560845,-12.238045781419826,0.4126984126984127,1.1503996081667671,41,8776.195421858018,63,16,2016-01-04,2022-01-10,2022-01-11,2022-04-11,89343,3730,D
window_17,-0.019016709902342388,0.04365506869409076,0.03165110002582641,0.08823757828912729,1.2258105225979576,0.45481283422459895,0.45933147632311977,0.9439038351459645,0.617950159265505,0.45933147632311977,3590,-2.8344270840020847,-0.3789101983175568,-29.59801647167194,0.5079365079365079,0.6085526183781415,180,7040.198352832806,63,17,2016-01-04,2022-04-11,2022-04-12,2022-07-13,93073,3740,D
window_18,0.020727353672852722,0.03780859770854475,0.028591352450901893,0.1675551705778666,1.252405551489596,0.5798941798941799,0.5331166192604633,0.7492861222158766,0.6229819563152896,0.5331166192604633,2461,1.1160049540798351,-0.3243163277066892,11.172386036295535,0.5,1.227431035708639,809,11117.238603629554,63,18,2016-01-04,2022-07-13,2022-07-14,2022-10-11,96813,3780,D
window_19,-0.007840224239464177,0.037160923151138205,0.02672876178806074,0.14619011661767778,0.6800608660784269,0.5314814814814814,0.6532608695652173,0.5147751605995717,0.5758083832335329,0.6532608695652173,1840,-1.5557586543262776,-0.6484274395996429,-32.339490851781306,0.5333333333333333,0.6570913191569331,865,6766.05091482187,63,19,2016-01-04,2022-10-11,2022-10-12,2023-01-11,100593,3780,D
window_20,-0.0027483519192772476,0.03105438792184513,0.02216884350688732,0.08982095446300707,0.600451994078135,0.5145502645502645,0.5328661995328662,0.7859251968503937,0.6351163253131835,0.5328661995328662,2997,3.3485615064940335,-0.17588414487179602,27.98759951948744,0.5806451612903226,1.2889982379694802,565,12798.759951948743,63,20,2016-01-04,2023-01-11,2023-01-12,2023-04-13,104373,3780,D
window_21,0.01534121507309294,0.028545913899005685,0.02000202147121819,0.23706570435576027,1.5761128100803954,0.557936507936508,0.5517145246724282,0.9691478942213516,0.7031444306271096,0.5517145246724282,3587,3.217375143949047,-0.09702536318005393,19.16703969190776,0.6190476190476191,0.9875519697833568,167,11916.703969190776,63,21,2016-01-04,2023-04-13,2023-04-14,2023-07-14,108153,3780,D
window_22,0.01817259666246218,0.026175202503023035,0.019201711228019034,0.07681376611974843,0.6671683836611424,0.5198412698412699,0.4893679858239811,0.9506597819850832,0.6461298498732696,0.4893679858239811,3386,-1.0815570176270632,-0.20119670962836889,-7.411496154908759,0.5238095238095238,0.7473841118373504,231,9258.850384509124,63,22,2016-01-04,2023-07-14,2023-07-17,2023-10-12,111933,3780,D
window_23,0.004826230531065345,0.0285370324184853,0.020378487296840195,0.06372950451970345,0.3402017290119728,0.6100529100529101,0.6158105198400492,0.8989672204759767,0.7309236947791165,0.6158105198400492,3251,5.276061178728859,-0.09156141075169548,34.80352672931439,0.65,1.3531659568156449,231,13480.35267293144,63,23,2016-01-04,2023-10-12,2023-10-13,2024-01-12,115713,3780,D
window_24,-0.0012349716853821135,0.026474878483386425,0.01885876222087777,0.007879622149607338,0.028009363843538714,0.53994708994709,0.5477594339622641,0.900630150266602,0.6812098991750687,0.5477594339622641,3392,3.82639755243398,-0.13974383610543079,18.767084783876477,0.6229508196721312,1.128562544339788,336,11876.708478387647,63,24,2016-01-04,2024-01-12,2024-01-16,2024-04-15,119493,3780,D
window_25,0.0025828808401134884,0.029307115826346233,0.020095130739309245,0.060141154013068486,0.41907411057045096,0.5756613756613757,0.5890743550834597,0.8858968507530808,0.7076193948231863,0.5890743550834597,3295,4.0852715757249625,-0.06779724568855704,32.87331068771992,0.6984126984126984,0.9896835936333804,321,13287.331068771993,63,25,2016-01-04,2024-04-15,2024-04-16,2024-07-16,123273,3780,D
window_26,-0.007595495199544056,0.029846395889516642,0.02136287074439927,-0.01825448060255928,-0.07154375936332436,0.5597883597883598,0.5807314897413024,0.8849116447666515,0.7012567324955117,0.5807314897413024,3363,2.6664952448956614,-0.12717416089171718,16.960818903466723,0.6190476190476191,0.9476422029477514,403,11696.081890346672,63,26,2016-01-04,2024-07-16,2024-07-17,2024-10-14,127053,3780,D
