feature_set,scheme,horizon,N,n_draws,se_mean,se_median,se_p05,se_p95,se_pred_sqrtN,ic_mean,ic_sd_across_draws,se_full_ref,n_full,mean_ic_full,t_full,recon_max_abs_err
A,expanding,1,20,40,0.007272108769224734,0.007124281791443409,0.004571155109154145,0.010036955843256763,0.009691081236019304,0.010794335870388147,0.005905231746894862,0.005595148360354276,60,0.015068288815416785,2.693099064572916,
A,expanding,1,30,40,0.006519209372846557,0.006236795984236418,0.0045300552826167545,0.00859235530224097,0.007912734694702604,0.01393154414632394,0.004723246605514434,0.005595148360354276,60,0.015068288815416785,2.693099064572916,
A,expanding,1,40,40,0.006158836802467487,0.005989062277562916,0.004521432306471396,0.008043845986259445,0.006852629259018958,0.013972464832904496,0.0031179763313029553,0.005595148360354276,60,0.015068288815416785,2.693099064572916,
A,expanding,1,50,40,0.00578904886390789,0.005873784326788794,0.004878462184325344,0.006980524162469726,0.0061291779391081614,0.014068576500768589,0.002131982159042309,0.005595148360354276,60,0.015068288815416785,2.693099064572916,
A,expanding,1,60,1,0.005595148360354276,0.005595148360354276,0.005595148360354276,0.005595148360354276,0.005595148360354276,0.015068288815416785,,0.005595148360354276,60,0.015068288815416785,2.693099064572916,
A,expanding,3,20,40,0.0100198953066621,0.009639867623411316,0.006553603665767794,0.013824425667224185,0.012791032124572,0.0033257882231776505,0.007660569369174936,0.007384905840334795,60,0.007624847008322503,1.0324907552208995,
A,expanding,3,30,40,0.008613163095301338,0.008199809541439732,0.006314615458936899,0.011748607446931165,0.010443833996249745,0.005768932758975406,0.004731258935423233,0.007384905840334795,60,0.007624847008322503,1.0324907552208995,
A,expanding,3,40,40,0.007999973573701228,0.007764526194347908,0.005970066558691284,0.01036915212382849,0.009044625553659832,0.005309408028464452,0.002927577288408334,0.007384905840334795,60,0.007624847008322503,1.0324907552208995,
A,expanding,3,50,40,0.007569118219603906,0.0072994917615683995,0.006391914684550339,0.009402643982468161,0.008089759027606022,0.006488311223106327,0.002286636584876406,0.007384905840334795,60,0.007624847008322503,1.0324907552208995,
A,expanding,3,60,1,0.007384905840334795,0.007384905840334795,0.007384905840334795,0.007384905840334795,0.007384905840334795,0.007624847008322503,,0.007384905840334795,60,0.007624847008322503,1.0324907552208995,
A,expanding,5,20,40,0.011226702083411018,0.01074241886441854,0.008612269977892516,0.014429757085787065,0.013527201057462215,-0.0017666374873842798,0.0076871144308676325,0.007809933171908001,60,0.0012577589048763363,0.16104605214810824,
A,expanding,5,30,40,0.009345530838463002,0.00940486025351461,0.007275083164743725,0.011537173460434232,0.01104491341293982,0.002827934736638963,0.00605380002816903,0.007809933171908001,60,0.0012577589048763363,0.16104605214810824,
A,expanding,5,40,40,0.008324954928953104,0.008160993983856155,0.0068530685431452696,0.010109632114305685,0.00956517559820537,0.0027852356803187714,0.0034322361065208707,0.007809933171908001,60,0.0012577589048763363,0.16104605214810824,
A,expanding,5,50,40,0.008373515861807596,0.008368986861690046,0.007041595766556925,0.009566100355459746,0.008555353141723768,0.00021438878330729368,0.0030233393231970827,0.007809933171908001,60,0.0012577589048763363,0.16104605214810824,
A,expanding,5,60,1,0.007809933171908001,0.007809933171908001,0.007809933171908001,0.007809933171908001,0.007809933171908001,0.0012577589048763363,,0.007809933171908001,60,0.0012577589048763363,0.16104605214810824,
A,rolling_9m_3m,1,20,40,0.0063502909937738165,0.006378463323171931,0.005149223043283673,0.007712795661932547,0.007703421249788357,0.0016619236310733629,0.006815331206015595,0.004447572332246391,60,0.0006156597078154106,0.1384260135246528,
A,rolling_9m_3m,1,30,40,0.005671730642730398,0.005787229742394366,0.004635372502220787,0.006737777783851681,0.006289817111898184,0.0030586161391438324,0.003825055171390277,0.004447572332246391,60,0.0006156597078154106,0.1384260135246528,
A,rolling_9m_3m,1,40,40,0.005073484642869332,0.005089509741729755,0.004270410958197102,0.006122130868556286,0.005447141404061896,0.001223721411211907,0.003266985989750408,0.004447572332246391,60,0.0006156597078154106,0.1384260135246528,
A,rolling_9m_3m,1,50,40,0.004605155128536424,0.004592599661469129,0.004251593882618313,0.004941525813470764,0.004872071385014419,0.0005983246166014445,0.002108961804920691,0.004447572332246391,60,0.0006156597078154106,0.1384260135246528,
A,rolling_9m_3m,1,60,1,0.004447572332246391,0.004447572332246391,0.004447572332246391,0.004447572332246391,0.004447572332246391,0.0006156597078154106,,0.004447572332246391,60,0.0006156597078154106,0.1384260135246528,
A,rolling_9m_3m,3,20,40,0.008548819110023998,0.008264165520938591,0.006049842012745748,0.011971834032888307,0.008643957630434811,0.0030372105589331435,0.005733064143644089,0.004990591264795258,60,0.002912590266883835,0.583616271568841,
A,rolling_9m_3m,3,30,40,0.006488650981283808,0.006301617981997687,0.0049561139821165685,0.008447966305914602,0.007057761850934152,0.004389769487054549,0.004205638114283465,0.004990591264795258,60,0.002912590266883835,0.583616271568841,
A,rolling_9m_3m,3,40,40,0.0057554251079908825,0.005638657544115522,0.004180249266479803,0.007916139302481768,0.006112201056769655,0.003828819581157708,0.0031566324626949066,0.004990591264795258,60,0.002912590266883835,0.583616271568841,
A,rolling_9m_3m,3,50,40,0.005543395205311943,0.00535189000528327,0.004310382134632968,0.007224610412081587,0.0054669188220332005,0.0026410003531370727,0.001902919107856529,0.004990591264795258,60,0.002912590266883835,0.583616271568841,
A,rolling_9m_3m,3,60,1,0.004990591264795258,0.004990591264795258,0.004990591264795258,0.004990591264795258,0.004990591264795258,0.002912590266883835,,0.004990591264795258,60,0.002912590266883835,0.583616271568841,
A,rolling_9m_3m,5,20,40,0.012118571292963122,0.012595306393129783,0.008840671707165479,0.01493692905528663,0.01575223814685497,0.004010272530331899,0.007516492630355477,0.00909455893442581,60,0.001424779086832034,0.1566628021331293,
A,rolling_9m_3m,5,30,40,0.010089466029000928,0.010027091861341868,0.008135563329171857,0.012735004926789377,0.012861648588866386,0.003665224000282491,0.0035767315411911497,0.00909455893442581,60,0.001424779086832034,0.1566628021331293,
A,rolling_9m_3m,5,40,40,0.009640504931615558,0.009882390399346571,0.0075430821328440105,0.011148888449900893,0.011138514412506566,0.0029263213399952108,0.0030137194539474163,0.00909455893442581,60,0.001424779086832034,0.1566628021331293,
A,rolling_9m_3m,5,50,40,0.009438344409181603,0.009554147786415588,0.008469699566085908,0.010242485457599116,0.009962590157890326,0.0013048923993989423,0.0025213729531101186,0.00909455893442581,60,0.001424779086832034,0.1566628021331293,
A,rolling_9m_3m,5,60,1,0.00909455893442581,0.00909455893442581,0.00909455893442581,0.00909455893442581,0.00909455893442581,0.001424779086832034,,0.00909455893442581,60,0.001424779086832034,0.1566628021331293,
D,expanding,1,20,40,0.008370399761877426,0.008199000648138331,0.006077284443247914,0.011227474804083534,0.012678875936946091,0.004310773723898856,0.004341143947509471,0.007320152435217695,60,0.0048365506689265324,0.6607172066059165,
D,expanding,1,30,40,0.007676483816004842,0.007698957424719417,0.00528946338097044,0.009840349547807029,0.010352258852523305,0.005176077046501368,0.0037679343743105007,0.007320152435217695,60,0.0048365506689265324,0.6607172066059165,
D,expanding,1,40,40,0.007812353042718445,0.00794822402259119,0.005950976701884122,0.009676329284952807,0.008965319152837523,0.004095603413670157,0.0033491734085525885,0.007320152435217695,60,0.0048365506689265324,0.6607172066059165,
D,expanding,1,50,40,0.007155034828021764,0.007211870249214897,0.005922815044544467,0.008455300584818195,0.00801882522629021,0.004421431686431854,0.0020178733929336044,0.007320152435217695,60,0.0048365506689265324,0.6607172066059165,
D,expanding,1,60,1,0.007320152435217695,0.007320152435217695,0.007320152435217695,0.007320152435217695,0.007320152435217695,0.0048365506689265324,,0.007320152435217695,60,0.0048365506689265324,0.6607172066059165,
D,expanding,3,20,40,0.010642830872630706,0.010794994349678304,0.008221727404438174,0.013153215989751174,0.0129161301482662,0.011027887549469113,0.0074621491085633705,0.007457131217989732,60,0.011236468641203527,1.5068084914606903,
D,expanding,3,30,40,0.008811727023943835,0.008648171444592805,0.006961934192839802,0.010891420774541222,0.010545976104876877,0.012919923744782435,0.005572840894249899,0.007457131217989732,60,0.011236468641203527,1.5068084914606903,
D,expanding,3,40,40,0.008287375760459308,0.008230678290173194,0.007268110687689393,0.009369036544523122,0.009133083214527037,0.011625888506830157,0.00398123202231488,0.007457131217989732,60,0.011236468641203527,1.5068084914606903,
D,expanding,3,50,40,0.007677034596173185,0.007647804327608847,0.0067782746418730095,0.008596366214041693,0.0081688779647379,0.010741406163366166,0.0025307275434458295,0.007457131217989732,60,0.011236468641203527,1.5068084914606903,
D,expanding,3,60,1,0.007457131217989732,0.007457131217989732,0.007457131217989732,0.007457131217989732,0.007457131217989732,0.011236468641203527,,0.007457131217989732,60,0.011236468641203527,1.5068084914606903,
D,expanding,5,20,40,0.011442331856394022,0.011515273647862652,0.008535437130050822,0.01500000698639467,0.01307229570473292,0.010310631871108606,0.008746383050829854,0.007547293444053941,60,0.009588902836143477,1.270508813155794,
D,expanding,5,30,40,0.009542748659186692,0.009228629611999755,0.007302783552628441,0.011938054982635954,0.01067348474779063,0.010034562284393474,0.006999971943856785,0.007547293444053941,60,0.009588902836143477,1.270508813155794,
D,expanding,5,40,40,0.008687448276480773,0.008511612997441503,0.007395784331844128,0.010437908273517026,0.009243508938492427,0.0075293002350354825,0.004939746842736565,0.007547293444053941,60,0.009588902836143477,1.270508813155794,
D,expanding,5,50,40,0.007720216576495781,0.007614496484245366,0.006541288877320237,0.009212895839549082,0.008267645734838396,0.010112374038647256,0.003294446719117406,0.007547293444053941,60,0.009588902836143477,1.270508813155794,
D,expanding,5,60,1,0.007547293444053941,0.007547293444053941,0.007547293444053941,0.007547293444053941,0.007547293444053941,0.009588902836143477,,0.007547293444053941,60,0.009588902836143477,1.270508813155794,
D,rolling_9m_3m,1,20,40,0.006096850418992685,0.0059456606105010475,0.003908830776499773,0.008716648013655818,0.006450833557048399,0.003693045341029412,0.003964508213687047,0.0037243904906593644,60,0.003921974479726598,1.053051362246458,
D,rolling_9m_3m,1,30,40,0.004819384098445361,0.004762445598406313,0.00328334324829969,0.006336500434448836,0.0052670835434638595,0.004547851455020459,0.0032643865408280136,0.0037243904906593644,60,0.003921974479726598,1.053051362246458,
D,rolling_9m_3m,1,40,40,0.0040015233329618845,0.004103837062541241,0.0027342644911858556,0.005311332188150462,0.00456142815249466,0.004786369588601591,0.001780172208273275,0.0037243904906593644,60,0.003921974479726598,1.053051362246458,
D,rolling_9m_3m,1,50,40,0.00407964349564793,0.0040323604221159225,0.00340335017670327,0.005025562011041054,0.004079865369383735,0.003558314595870496,0.001729719807403989,0.0037243904906593644,60,0.003921974479726598,1.053051362246458,
D,rolling_9m_3m,1,60,1,0.0037243904906593644,0.0037243904906593644,0.0037243904906593644,0.0037243904906593644,0.0037243904906593644,0.003921974479726598,,0.0037243904906593644,60,0.003921974479726598,1.053051362246458,
D,rolling_9m_3m,3,20,40,0.008594921278648346,0.008391773875362309,0.0061094674732874105,0.01101839455079456,0.008464121690313044,0.005534163824772813,0.0053758301815727,0.004886762936355987,60,0.0033591233924800037,0.6873923364461118,
D,rolling_9m_3m,3,30,40,0.006796699212702996,0.006629995960323731,0.004864336390420392,0.008657244991953158,0.006910926420696807,0.004259931593546533,0.003683599865546909,0.004886762936355987,60,0.0033591233924800037,0.6873923364461118,
D,rolling_9m_3m,3,40,40,0.005784958393160938,0.005790725441020644,0.004815236674289426,0.006883145906313423,0.005985037844008497,0.0036166714753998195,0.002901185661047143,0.004886762936355987,60,0.0033591233924800037,0.6873923364461118,
D,rolling_9m_3m,3,50,40,0.005559447290682776,0.005616691393549171,0.0044666702901650125,0.006713534883704897,0.0053531805868447125,0.0027234385746872326,0.002229452342210845,0.004886762936355987,60,0.0033591233924800037,0.6873923364461118,
D,rolling_9m_3m,3,60,1,0.004886762936355987,0.004886762936355987,0.004886762936355987,0.004886762936355987,0.004886762936355987,0.0033591233924800037,,0.004886762936355987,60,0.0033591233924800037,0.6873923364461118,
D,rolling_9m_3m,5,20,40,0.010919867840240538,0.01101530633444671,0.008379563847476606,0.014054115922288698,0.011285791772495687,-0.0008153532317114511,0.0069102522576428675,0.0065158549178684485,60,-0.0026557469160067553,-0.40758226656089175,
D,rolling_9m_3m,5,30,40,0.00882234609983797,0.008803978700564648,0.006259252790145618,0.010783674736202736,0.00921481039530499,-0.00031561168673556564,0.004597122283063135,0.0065158549178684485,60,-0.0026557469160067553,-0.40758226656089175,
D,rolling_9m_3m,5,40,40,0.007911748086200456,0.008054687314495193,0.006205278353016795,0.009237650038378523,0.007980259893391045,-0.0012691784561588346,0.0031855722854132866,0.0065158549178684485,60,-0.0026557469160067553,-0.40758226656089175,
D,rolling_9m_3m,5,50,40,0.007161619227391576,0.007188976771266446,0.006058815856121892,0.008195808810529748,0.007137761439895041,-0.0034553385108900833,0.0029175062150142523,0.0065158549178684485,60,-0.0026557469160067553,-0.40758226656089175,
D,rolling_9m_3m,5,60,1,0.0065158549178684485,0.0065158549178684485,0.0065158549178684485,0.0065158549178684485,0.0065158549178684485,-0.0026557469160067553,,0.0065158549178684485,60,-0.0026557469160067553,-0.40758226656089175,
repr_grid,expanding,1,20,40,0.0076860280285790785,0.0075370045887773445,0.004958280669532048,0.010972672379571526,0.010714566094028254,0.013704024665377512,0.0051746971330039575,0.00618605761863725,60,0.01216573549960337,1.9666379218568297,
repr_grid,expanding,1,30,40,0.006669681392079923,0.006748480561756712,0.005071461432907187,0.008585849727745207,0.00874840658189821,0.014341940311512046,0.0030948501386771575,0.00618605761863725,60,0.01216573549960337,1.9666379218568297,
repr_grid,expanding,1,40,40,0.0066980674083804955,0.006705098428603324,0.005132740493488485,0.00808754661543729,0.007576342342558838,0.012894488276781219,0.002624270370506391,0.00618605761863725,60,0.01216573549960337,1.9666379218568297,
repr_grid,expanding,1,50,40,0.006185581938972387,0.0062226046571516695,0.005019273905255423,0.007262608020747285,0.006776486599508623,0.011877915743679093,0.0018084739425747879,0.00618605761863725,60,0.01216573549960337,1.9666379218568297,
repr_grid,expanding,1,60,1,0.00618605761863725,0.00618605761863725,0.00618605761863725,0.00618605761863725,0.00618605761863725,0.01216573549960337,,0.00618605761863725,60,0.01216573549960337,1.9666379218568297,
repr_grid,expanding,3,20,40,0.012142722176679456,0.012423416390267318,0.008403996217692299,0.015254134931797815,0.016641740782701676,0.00800022944730965,0.006840353816252942,0.009608113520676786,60,0.012418251701131089,1.2924755389709799,
repr_grid,expanding,3,30,40,0.010664785113242878,0.011041950737777582,0.007317008677661184,0.013602519647807057,0.013587924449761419,0.011580481781893474,0.0058162845735978165,0.009608113520676786,60,0.012418251701131089,1.2924755389709799,
repr_grid,expanding,3,40,40,0.010454042301622304,0.010587368417567184,0.008881923178927983,0.012161087659340208,0.011767487758197078,0.011408029633083891,0.004142704780835432,0.009608113520676786,60,0.012418251701131089,1.2924755389709799,
repr_grid,expanding,3,50,40,0.010025224506137003,0.01003220189824677,0.008645347158608452,0.01167661017432956,0.01052516102069011,0.01146707676752229,0.0028494663855158395,0.009608113520676786,60,0.012418251701131089,1.2924755389709799,
repr_grid,expanding,3,60,1,0.009608113520676786,0.009608113520676786,0.009608113520676786,0.009608113520676786,0.009608113520676786,0.012418251701131089,,0.009608113520676786,60,0.012418251701131089,1.2924755389709799,
repr_grid,expanding,5,20,40,0.013997959244337155,0.01393880316900306,0.009484702546435644,0.01796044297928866,0.018197917242968056,0.013308475325625041,0.00729273119952105,0.01050657241891814,60,0.013555569969852143,1.290199070578334,
repr_grid,expanding,5,30,40,0.011914770281168805,0.01196102365650913,0.008990639117578738,0.014771582192193718,0.01485853720888913,0.014825179652877617,0.005874703054451433,0.01050657241891814,60,0.013555569969852143,1.290199070578334,
repr_grid,expanding,5,40,40,0.011113910304146605,0.011078433556517522,0.009256051123981236,0.013331298445870672,0.012867870685974314,0.012830065182884664,0.004405902695802663,0.01050657241891814,60,0.013555569969852143,1.290199070578334,
repr_grid,expanding,5,50,40,0.01084424768893919,0.010896324730149912,0.00927147191509323,0.01203453998600469,0.011509373431806165,0.013771749169009417,0.0030594605277627996,0.01050657241891814,60,0.013555569969852143,1.290199070578334,
repr_grid,expanding,5,60,1,0.01050657241891814,0.01050657241891814,0.01050657241891814,0.01050657241891814,0.01050657241891814,0.013555569969852143,,0.01050657241891814,60,0.013555569969852143,1.290199070578334,
repr_grid,rolling_9m_3m,1,20,40,0.005087833920603091,0.005166008306991628,0.0038274660129107795,0.006305032754469174,0.003864634491628494,0.003397823977572448,0.004034515559576611,0.0022312477640612236,60,0.0028757735339404416,1.2888633796123472,
repr_grid,rolling_9m_3m,1,30,40,0.004026026710025344,0.004021865414061131,0.0032556901195756965,0.004712319685941603,0.0031554608489500263,0.004012382724510846,0.002871177375739978,0.0022312477640612236,60,0.0028757735339404416,1.2888633796123472,
repr_grid,rolling_9m_3m,1,40,40,0.003248153381352624,0.0032744527591605814,0.0023992144520983538,0.004056658808811918,0.0027327092558379336,0.003050542172126506,0.0023825574746577168,0.0022312477640612236,60,0.0028757735339404416,1.2888633796123472,
repr_grid,rolling_9m_3m,1,50,40,0.0026609508069311456,0.0026228851740312162,0.0021032957391625353,0.0031831115284901563,0.0024442094635185934,0.002788471237698406,0.0019501690736896963,0.0022312477640612236,60,0.0028757735339404416,1.2888633796123472,
repr_grid,rolling_9m_3m,1,60,1,0.0022312477640612236,0.0022312477640612236,0.0022312477640612236,0.0022312477640612236,0.0022312477640612236,0.0028757735339404416,,0.0022312477640612236,60,0.0028757735339404416,1.2888633796123472,
repr_grid,rolling_9m_3m,3,20,40,0.009430776968358532,0.009644062198692082,0.006593855713811089,0.011992001791354139,0.010172590413051776,0.011018770520710626,0.007980614288543606,0.005873147813331249,60,0.011479806478970355,1.95462584015215,
repr_grid,rolling_9m_3m,3,30,40,0.00753216732158702,0.007769873421478831,0.00546041847337628,0.009134141350660234,0.00830588529143494,0.013531555689388935,0.0041111388937516286,0.005873147813331249,60,0.011479806478970355,1.95462584015215,
repr_grid,rolling_9m_3m,3,40,40,0.006928561672395831,0.006955451358772735,0.005985211648533089,0.008038457689731398,0.0071931076633021725,0.012339609891959454,0.003603496149785051,0.005873147813331249,60,0.011479806478970355,1.95462584015215,
repr_grid,rolling_9m_3m,3,50,40,0.0064212382613279525,0.006489507295909816,0.005498913219025358,0.007153005765273724,0.006433711081847331,0.011158089678068453,0.002364154820377942,0.005873147813331249,60,0.011479806478970355,1.95462584015215,
repr_grid,rolling_9m_3m,3,60,1,0.005873147813331249,0.005873147813331249,0.005873147813331249,0.005873147813331249,0.005873147813331249,0.011479806478970355,,0.005873147813331249,60,0.011479806478970355,1.95462584015215,
repr_grid,rolling_9m_3m,5,20,40,0.011262501514519779,0.01134659152426031,0.008553580150813547,0.014170707238018517,0.013937723629412554,0.00799159792629687,0.007690339383888449,0.008046948489331946,60,0.007020349502169839,0.8724238152483396,
repr_grid,rolling_9m_3m,5,30,40,0.009406026853675375,0.009316228024305147,0.007279338783654292,0.012418879310347752,0.011380103689330928,0.007989192783191094,0.004283232443874015,0.008046948489331946,60,0.007020349502169839,0.8724238152483396,
repr_grid,rolling_9m_3m,5,40,40,0.00887012771558526,0.009084890306344826,0.006900919617589162,0.01053272246453247,0.009855458892661595,0.007368539096331191,0.00355999652432976,0.008046948489331946,60,0.007020349502169839,0.8724238152483396,
repr_grid,rolling_9m_3m,5,50,40,0.008285003134559519,0.008433759372857338,0.006929408434066838,0.009305371980501133,0.008814990413378453,0.006330302615612913,0.0025868848169177177,0.008046948489331946,60,0.007020349502169839,0.8724238152483396,
repr_grid,rolling_9m_3m,5,60,1,0.008046948489331946,0.008046948489331946,0.008046948489331946,0.008046948489331946,0.008046948489331946,0.007020349502169839,,0.008046948489331946,60,0.007020349502169839,0.8724238152483396,
