date,portfolio_return,long_leg_return,short_leg_return,gross_spread_return,spread_cost,short_fee_cost,turnover,n_long,n_short,cumulative_return
2023-04-12,0.015206826037926127,0.02495366723936361,0.00957699993159622,0.015376667307767392,0.00015000000000000004,1.9841269841269838e-05,2.0,6,6,1.0152068260379261
2023-04-13,-0.037228508180972654,-0.007754666730761528,0.02930400018036986,-0.03705866691113139,0.00015000000000000004,1.9841269841269838e-05,2.0,6,6,0.9774121904093939
2023-04-14,-0.014962341311840812,-0.007214833419614781,0.0075276666223847615,-0.014742500041999541,0.00020000000000000006,1.9841269841269838e-05,2.666666666666666,6,6,0.9627878156141345
2023-04-17,-0.009828841443812946,-0.001863666674277435,0.007820333499694243,-0.009684000173971679,0.00012500000000000003,1.9841269841269838e-05,1.6666666666666667,6,6,0.9533247268304282
2023-04-18,-0.007925674574289632,-0.016200333523253597,-0.008444500218805235,-0.0077558333044483625,0.00015000000000000004,1.9841269841269838e-05,2.0,6,6,0.9457689852819468
2023-04-19,-0.0226946741959032,-0.0310823329394528,-0.008482500013390867,-0.022599832926061936,7.500000000000001e-05,1.9841269841269838e-05,0.9999999999999999,6,6,0.924305066296383
2023-04-20,0.01309182548679426,0.009567833263038969,-0.003743833493596564,0.013311666756635532,0.00020000000000000006,1.9841269841269838e-05,2.666666666666666,6,6,0.936405906920895
2023-04-21,-0.01894900810567492,-0.009400333457354765,0.009428833378478885,-0.01882916683583365,0.00010000000000000002,1.9841269841269838e-05,1.3333333333333333,6,6,0.9186619438004491
2023-04-24,0.0014793257501878076,-0.01491033322721099,-0.016559500247240067,0.0016491670200290773,0.00015000000000000004,1.9841269841269838e-05,2.0,6,6,0.9200209440696305
2023-04-25,-0.014670674781690514,-0.014323333588739235,0.00012749992311000824,-0.014450833511849243,0.00020000000000000006,1.9841269841269838e-05,2.666666666666666,6,6,0.9065236160068412
2023-04-26,0.01588515878356697,0.02383916677596668,0.007784166722558438,0.016055000053408243,0.00015000000000000004,1.9841269841269838e-05,2.0,6,6,0.920923887588163
2023-04-27,0.0012184918581168087,0.005188833184850712,0.003875500056892633,0.0013133331279580793,7.500000000000001e-05,1.9841269841269838e-05,0.9999999999999999,6,6,0.9220460258471345
2023-04-28,0.000321325780168944,-0.0025923330492029586,-0.0030835000992131723,0.0004911670500102137,0.00015000000000000004,1.9841269841269838e-05,2.0,6,6,0.9223423030057414
2023-05-01,0.008474158656392393,-0.0029255000020687785,-0.01151949992830244,0.00859399992623366,0.00010000000000000002,1.9841269841269838e-05,1.3333333333333333,6,6,0.9301583780169144
2023-05-02,0.0024139928351864133,-0.007391332466795576,-0.00992516657182326,0.002533834105027684,0.00010000000000000002,1.9841269841269838e-05,1.3333333333333333,6,6,0.9324037736770359
2023-05-03,0.020266492074662964,0.007960833027027547,-0.01242550031747669,0.020386333344504237,0.00010000000000000002,1.9841269841269838e-05,1.3333333333333333,6,6,0.9513003273666473
2023-05-04,0.008774825053721192,0.021162333277364567,0.012217666953802109,0.008944666323562458,0.00015000000000000004,1.9841269841269838e-05,2.0,6,6,0.9596478213128373
2023-05-05,0.018575825826261962,0.016840667036982872,-0.001980000059120357,0.01882066709610323,0.00022500000000000008,1.9841269841269838e-05,2.999999999999999,6,6,0.9774740720960964
2023-05-08,-0.003607341235374573,-0.008100666644168085,-0.004588166678634782,-0.0035124999655333023,7.500000000000001e-05,1.9841269841269838e-05,0.9999999999999999,6,6,0.9739479895693147
2023-05-09,-0.0107090079694395,-0.004647833314569047,0.005941333385029186,-0.010589166699598232,0.00010000000000000002,1.9841269841269838e-05,1.3333333333333333,6,6,0.9635179727871973
2023-05-10,-0.02000217508767095,-0.018110500415787097,0.0017468334020425877,-0.019857333817829684,0.00012500000000000003,1.9841269841269838e-05,1.6666666666666667,6,6,0.94424551759539
2023-05-11,-0.006914174628400407,-0.002461666658443088,0.004282666700116048,-0.006744333358559135,0.00015000000000000004,1.9841269841269838e-05,2.0,6,6,0.9377168391946512
2023-05-12,0.019537825244964866,0.016406166522453226,-0.0032764999923529108,0.019682666514806137,0.00012500000000000003,1.9841269841269838e-05,1.6666666666666667,6,6,0.9560377869280972
2023-05-15,0.006024992209545793,0.00010733358794823224,-0.006037499891438831,0.006144833479387063,0.00010000000000000002,1.9841269841269838e-05,1.3333333333333333,6,6,0.9617979071463705
2023-05-16,0.024993491500597594,0.027151166150967278,0.002012833380528415,0.02513833277043886,0.00012500000000000003,1.9841269841269838e-05,1.6666666666666667,6,6,0.9858365949639258
2023-05-17,0.028250491540969182,0.03166999947279692,0.0033246666619864596,0.028345332810810458,7.500000000000001e-05,1.9841269841269838e-05,0.9999999999999999,6,6,1.0136869633507322
2023-05-18,-0.006641007824338206,-0.006335999933071435,0.00018516662142549964,-0.006521166554496935,0.00010000000000000002,1.9841269841269838e-05,1.3333333333333333,6,6,1.0069550602956903
2023-05-19,0.018965825411457093,0.013628166595784325,-0.00550750008551404,0.019135666681298364,0.00015000000000000004,1.9841269841269838e-05,2.0,6,6,1.0260527941664415
2023-05-22,0.004383159021815859,-0.01078483319543011,-0.015387833487087239,0.0046030002916571285,0.00020000000000000006,1.9841269841269838e-05,2.666666666666666,6,6,1.0305501467280516
2023-05-23,-0.004157341210717809,-0.002415666628318528,0.00149683331255801,-0.003912499940876538,0.00022500000000000008,1.9841269841269838e-05,2.999999999999999,6,6,1.0262657981333478
2023-05-24,0.08581699379365594,0.07483816845342517,-0.011173666610072056,0.08601183506349723,0.00017500000000000005,1.9841269841269838e-05,2.333333333333333,6,6,1.1143368437623986
2023-05-25,0.030566492437770112,0.03591050021350383,0.00522416650589245,0.030686333707611382,0.00010000000000000002,1.9841269841269838e-05,1.3333333333333333,6,6,1.1483982124703906
2023-05-26,0.013031658637287865,0.01277866653011491,-0.00044783337701422466,0.013226499907129135,0.00017500000000000005,1.9841269841269838e-05,2.333333333333333,6,6,1.1633637459549764
2023-05-30,0.008211992230791124,0.007546333440889914,-0.0008105000597424803,0.008356833500632394,0.00012500000000000003,1.9841269841269838e-05,1.6666666666666667,6,6,1.1729172799983427
2023-05-31,-0.010564508301270977,-0.0019374998907248178,0.008532167140704889,-0.010469667031429706,7.500000000000001e-05,1.9841269841269838e-05,0.9999999999999999,6,6,1.160525985657096
2023-06-01,-0.0003718413685167601,0.009010333257416882,0.009237333356092373,-0.00022700009867549116,0.00012500000000000003,1.9841269841269838e-05,1.6666666666666667,6,6,1.16009445408639
2023-06-02,-0.008578341195122192,-0.007938333379570395,0.0004701665457105264,-0.008408499925280921,0.00015000000000000004,1.9841269841269838e-05,2.0,6,6,1.150142768040668
2023-06-05,0.01137682536231679,0.012828833268334469,0.001382166636176407,0.011446666632158061,4.9999999999999996e-05,1.9841269841269838e-05,0.6666666666666666,6,6,1.1632277414543983
2023-06-06,-0.028532007538499164,-0.024082166433800012,0.004304999834857881,-0.028387166268657893,0.00012500000000000003,1.9841269841269838e-05,1.6666666666666667,6,6,1.13003851876623
2023-06-07,0.019135158836095508,0.027497666732718546,0.008217666626781767,0.01928000010593678,0.00012500000000000003,1.9841269841269838e-05,1.6666666666666667,6,6,1.151661985313728
2023-06-08,0.026854491901394748,0.0203753332219397,-0.006648999949296315,0.027024333171236016,0.00015000000000000004,1.9841269841269838e-05,2.0,6,6,1.1825892827714797
2023-06-09,-0.004245340742080633,0.01742150009764979,0.021446999569889158,-0.0040254994722393675,0.00020000000000000006,1.9841269841269838e-05,2.666666666666666,6,6,1.177568788308182
2023-06-12,0.0017101582425461711,0.009479832884001857,0.007674833371614415,0.0018049995123874413,7.500000000000001e-05,1.9841269841269838e-05,0.9999999999999999,6,6,1.1795826172776724
2023-06-13,-0.021797508234471553,-0.0037960002276425557,0.01788166673698773,-0.021677666964630284,0.00010000000000000002,1.9841269841269838e-05,1.3333333333333333,6,6,1.1538706554643228
2023-06-14,-0.012777841537510827,0.0012793332183112702,0.013912333485980827,-0.012633000267669557,0.00012500000000000003,1.9841269841269838e-05,1.6666666666666667,6,6,1.139126679074016
2023-06-15,-0.0006770082948758958,-0.006846666840525964,-0.006264499815491339,-0.0005821670250346252,7.500000000000001e-05,1.9841269841269838e-05,0.9999999999999999,6,6,1.1383554808633685
2023-06-16,0.0015486593702157558,-0.00016566602668414455,-0.0018091666667411728,0.0016435006400570282,7.500000000000001e-05,1.9841269841269838e-05,0.9999999999999999,6,6,1.140118405745444
2023-06-20,-0.019513507827529537,-0.0230794998157459,-0.0037358332580576335,-0.019343666557688266,0.00015000000000000004,1.9841269841269838e-05,2.0,6,6,1.1178706963106197
2023-06-21,-0.0020071746515644166,0.0031946667077136235,0.0050570000894367695,-0.001862333381723146,0.00012500000000000003,1.9841269841269838e-05,1.6666666666666667,6,6,1.1156269345852585
2023-06-22,0.002677325236608112,-0.0035676666690657535,-0.006364833175515135,0.0027971665064493814,0.00010000000000000002,1.9841269841269838e-05,1.3333333333333333,6,6,1.1186138307318634
2023-06-23,-0.01919850848357799,-0.021399166900664564,-0.0022954996869278457,-0.01910366721373672,7.500000000000001e-05,1.9841269841269838e-05,0.9999999999999999,6,6,1.09713811361271
2023-06-26,0.0019609921494469274,0.016320666686321296,0.0142148332670331,0.002105833419288196,0.00012500000000000003,1.9841269841269838e-05,1.6666666666666667,6,6,1.0992895928403636
2023-06-27,0.006419825450964419,0.0028194999516320722,-0.0037451667691736166,0.006564666720805689,0.00012500000000000003,1.9841269841269838e-05,1.6666666666666667,6,6,1.1063468401464605
2023-06-28,0.0011088252803902064,0.005538166694653531,0.004284500144422053,0.0012536665502314772,0.00012500000000000003,1.9841269841269838e-05,1.6666666666666667,6,6,1.1075735854916946
2023-06-29,-0.0117355078112674,0.0042455000220797965,0.015861166563505925,-0.01161566654142613,0.00010000000000000002,1.9841269841269838e-05,1.3333333333333333,6,6,1.0945756470276033
2023-06-30,0.011527658381651614,0.012871666345745325,0.0012241666942524414,0.011647499651492884,0.00010000000000000002,1.9841269841269838e-05,1.3333333333333333,6,6,1.107193541159413
2023-07-03,0.012432991831110315,0.006582166689137617,-0.005945666411813969,0.012527833100951586,7.500000000000001e-05,1.9841269841269838e-05,0.9999999999999999,6,6,1.120959269412106
2023-07-05,-0.011248341342313069,-0.014102666638791561,-0.0030241665663197637,-0.011078500072471797,0.00015000000000000004,1.9841269841269838e-05,2.0,6,6,1.1083503369189287
2023-07-06,0.011816325441931213,-0.0021674999346335726,-0.014103666646406054,0.011936166711772483,0.00010000000000000002,1.9841269841269838e-05,1.3333333333333333,6,6,1.121446965203637
2023-07-07,0.0029754922334075213,0.008067333449920017,0.004971999946671227,0.0030953335032487903,0.00010000000000000002,1.9841269841269838e-05,1.3333333333333333,6,6,1.124783821938779
2023-07-10,-0.005869007985095034,0.008502833244468395,0.01415199995972216,-0.005649166715253765,0.00020000000000000006,1.9841269841269838e-05,2.666666666666666,6,6,1.1181824567063146
2023-07-11,0.008935158789341173,0.019046166834111013,0.00991616677492857,0.009130000059182443,0.00017500000000000005,1.9841269841269838e-05,2.333333333333333,6,6,1.1281735945124411
2023-07-12,0.014658825287359605,0.02028266650935014,0.005503999952149266,0.014778666557200873,0.00010000000000000002,1.9841269841269838e-05,1.3333333333333333,6,6,1.1447112941282116
2023-07-13,-0.005111840795239598,-0.005691333053012688,-0.0007243335276143622,-0.004966999525398325,0.00012500000000000003,1.9841269841269838e-05,1.6666666666666667,6,6,1.1388597122361155
2023-07-14,0.01447549159607244,0.012386333274965484,-0.002208999590948226,0.01459533286591371,0.00010000000000000002,1.9841269841269838e-05,1.3333333333333333,6,6,1.155345266429695
2023-07-17,0.010940158705317253,0.015837833440552156,0.004677833465393633,0.011159999975158524,0.00020000000000000006,1.9841269841269838e-05,2.666666666666666,6,6,1.167984927003873
2023-07-18,0.01471732551205297,0.00942416675388813,-0.005463000028006111,0.01488716678189424,0.00015000000000000004,1.9841269841269838e-05,2.0,6,6,1.1851745413677603
2023-07-19,-0.04259984055565344,-0.04201966609495381,0.00046033319085836324,-0.04247999928581218,0.00010000000000000002,1.9841269841269838e-05,1.3333333333333333,6,6,1.134686294874874
2023-07-20,-0.01762884099701094,-0.008556333060065906,0.008877666667103766,-0.01743399972716967,0.00017500000000000005,1.9841269841269838e-05,2.333333333333333,6,6,1.1146830906010374
2023-07-21,-0.004497508161052292,0.006318999726014832,0.010621666617225856,-0.0043026668912110235,0.00017500000000000005,1.9841269841269838e-05,2.333333333333333,6,6,1.1096697943040723
2023-07-24,0.00526699201233079,0.0019141665737455091,-0.00349766670842655,0.00541183328217206,0.00012500000000000003,1.9841269841269838e-05,1.6666666666666667,6,6,1.1155144162469965
2023-07-25,0.027888158528705582,0.026487333117984232,-0.0015956666805626205,0.02808299979854685,0.00017500000000000005,1.9841269841269838e-05,2.333333333333333,6,6,1.1466240591283492
2023-07-26,0.011774825362423582,0.0027918332489207387,-0.009077833383344114,0.011869666632264853,7.500000000000001e-05,1.9841269841269838e-05,0.9999999999999999,6,6,1.160125357180939
2023-07-27,0.0014121587684814117,0.009305500231372811,0.00767350019305013,0.0016320000383226807,0.00020000000000000006,1.9841269841269838e-05,2.666666666666666,6,6,1.1617636383766197
2023-07-28,-0.005977841292138375,-0.002887000019351641,0.0029460000029454627,-0.005833000022297104,0.00012500000000000003,1.9841269841269838e-05,1.6666666666666667,6,6,1.1548187997274268
2023-07-31,-0.0038681745612092087,-0.0013694999312671525,0.0024038333601007857,-0.0037733332913679383,7.500000000000001e-05,1.9841269841269838e-05,0.9999999999999999,6,6,1.150351759023515
2023-08-01,0.019838325058107106,-0.005728666748230655,-0.025686833076179028,0.019958166327948373,0.00010000000000000002,1.9841269841269838e-05,1.3333333333333333,6,6,1.173172811150189
2023-08-02,-0.005882007653564065,-0.003868166405785207,0.001818999977937589,-0.005687166383722795,0.00017500000000000005,1.9841269841269838e-05,2.333333333333333,6,6,1.1662721996960501
2023-08-03,0.02078582595240727,0.018117167230229825,-0.0028384999920187206,0.020955667222248547,0.00015000000000000004,1.9841269841269838e-05,2.0,6,6,1.1905141306520632
2023-08-04,0.006918158769915027,0.018125666538253427,0.011087666498497128,0.007038000039756298,0.00010000000000000002,1.9841269841269838e-05,1.3333333333333333,6,6,1.1987502964257415
2023-08-07,0.0027689920021657126,-0.003183666665184622,-0.006122499937191606,0.0029388332720069834,0.00015000000000000004,1.9841269841269838e-05,2.0,6,6,1.202069626409138
2023-08-08,-0.008522174260845882,-0.013985333003802225,-0.005633000012797614,-0.008352332991004612,0.00015000000000000004,1.9841269841269838e-05,2.0,6,6,1.1918253795792093
2023-08-09,0.0020508254707994195,0.007448166759180216,0.005302500018539528,0.0021456667406406877,7.500000000000001e-05,1.9841269841269838e-05,0.9999999999999999,6,6,1.1942696054243955
2023-08-10,-0.017367341148514775,-0.005699999960294614,0.01154749991837889,-0.0172474998786735,0.00010000000000000002,1.9841269841269838e-05,1.3333333333333333,6,6,1.173528317763688
2023-08-11,0.008532325261502363,0.011764833179768175,0.0031126666484245407,0.008652166531343635,0.00010000000000000002,1.9841269841269838e-05,1.3333333333333333,6,6,1.1835412430744314
2023-08-14,0.003769658699628734,-0.005410333164036274,-0.009299833133506278,0.0038894999694700037,0.00010000000000000002,1.9841269841269838e-05,1.3333333333333333,6,6,1.1880027896177563
2023-08-15,-0.006933508271393218,-0.015465833712369204,-0.008652166710817255,-0.0068136670015519485,0.00010000000000000002,1.9841269841269838e-05,1.3333333333333333,6,6,1.1797657624495033
2023-08-16,-0.004243674191214616,-0.013350833129758634,-0.009277000208385287,-0.004073832921373347,0.00015000000000000004,1.9841269841269838e-05,2.0,6,6,1.1747592209317177
2023-08-17,-0.002808841525378179,-0.001741333602694794,0.0008976666528421144,-0.0026390002555369083,0.00015000000000000004,1.9841269841269838e-05,2.0,6,6,1.1714595084496437
2023-08-18,0.03451165836505529,0.03104333290442203,-0.0036881667304745256,0.03473149963489656,0.00020000000000000006,1.9841269841269838e-05,2.666666666666666,6,6,1.2118885187937536
2023-08-21,0.007421658432263407,-0.001640166951498637,-0.009181666653603314,0.007541499702104677,0.00010000000000000002,1.9841269841269838e-05,1.3333333333333333,6,6,1.2208827414382226
2023-08-22,0.012689325898680983,0.02358066720383552,0.010696500035313267,0.012884167168522254,0.00017500000000000005,1.9841269841269838e-05,2.333333333333333,6,6,1.2363749204284071
2023-08-23,-0.01888450765215777,-0.026023333019111305,-0.007283666636794805,-0.0187396663823165,0.00012500000000000003,1.9841269841269838e-05,1.6666666666666667,6,6,1.213026588782641
2023-08-24,0.0021743252725776522,0.007859333224284152,0.005665166681865229,0.0021941665424189223,0.0,1.9841269841269838e-05,0.0,6,6,1.2156641031509399
2023-08-25,0.00036982539277228123,0.004579666652716696,0.004039999990103145,0.0005396666626135511,0.00015000000000000004,1.9841269841269838e-05,2.0,6,6,1.2161136866053668
2023-08-28,0.020442158613417947,0.03062183301274975,0.010034833129490531,0.020586999883259217,0.00012500000000000003,1.9841269841269838e-05,1.6666666666666667,6,6,1.2409736754789022
2023-08-29,-0.002816674606629189,0.003952166686455409,0.006674000023243328,-0.0027218333367879186,7.500000000000001e-05,1.9841269841269838e-05,0.9999999999999999,6,6,1.2374782564396856
2023-08-30,-0.00019717474577002304,-0.00012300016048053908,-4.566668455178546e-05,-7.733347592875361e-05,0.00010000000000000002,1.9841269841269838e-05,1.3333333333333333,6,6,1.2372342569790762
2023-08-31,-0.012746008092750026,-0.007337000157955723,0.0052641666649530326,-0.012601166822908755,0.00012500000000000003,1.9841269841269838e-05,1.6666666666666667,6,6,1.2214644591269932
2023-09-01,0.009293992216261251,0.0016759999562054864,-0.007812833529897034,0.009488833486102521,0.00017500000000000005,1.9841269841269838e-05,2.333333333333333,6,6,1.2328167403025592
2023-09-05,-0.0012998411842496207,-0.001710333289035285,-0.0005303333746269345,-0.0011799999144083504,0.00010000000000000002,1.9841269841269838e-05,1.3333333333333333,6,6,1.2312142743308816
2023-09-06,-0.004181007943553702,0.00473099989661326,0.008717166570325691,-0.0039861666737124315,0.00017500000000000005,1.9841269841269838e-05,2.333333333333333,6,6,1.2260665576696874
2023-09-07,-0.004047341613548195,-0.0014561668091725246,0.0024713335345344,-0.0039275003437069245,0.00010000000000000002,1.9841269841269838e-05,1.3333333333333333,6,6,1.221104247469851
2023-09-08,0.01119482523754409,0.018769833084661514,0.007405166577276152,0.011364666507385362,0.00015000000000000004,1.9841269841269838e-05,2.0,6,6,1.2347742961170987
2023-09-11,-0.016138341236996395,-0.012562333136884261,0.0033811668302708613,-0.015943499967155123,0.00017500000000000005,1.9841269841269838e-05,2.333333333333333,6,6,1.214847087175689
2023-09-12,-0.0018625081748420756,0.0005399998432646189,0.0022326667482654252,-0.0016926669050008063,0.00015000000000000004,1.9841269841269838e-05,2.0,6,6,1.212584424544641
2023-09-13,-0.005726174642086502,0.0024196666975816092,0.008051000069826841,-0.005631333372245232,7.500000000000001e-05,1.9841269841269838e-05,0.9999999999999999,6,6,1.2056409543614246
2023-09-14,0.011170491878995817,-0.014009333603704967,-0.025349666752542056,0.01134033314883709,0.00015000000000000004,1.9841269841269838e-05,2.0,6,6,1.2191085568511038
2023-09-15,-0.0031363415961804244,-0.006429000233765691,-0.0034124999074265356,-0.003016500326339155,0.00010000000000000002,1.9841269841269838e-05,1.3333333333333333,6,6,1.2152850159739923
2023-09-18,0.013408325065296909,0.0054116665075222645,-0.008141499827615915,0.01355316633513818,0.00012500000000000003,1.9841269841269838e-05,1.6666666666666667,6,6,1.2315799525151563
2023-09-19,-0.014055507766023751,-0.013313666451722382,0.0005970000444600982,-0.01391066649618248,0.00012500000000000003,1.9841269841269838e-05,1.6666666666666667,6,6,1.2142694709281003
2023-09-20,0.0022683255298033577,-0.016761667017514505,-0.019199833817159135,0.0024381667996446303,0.00015000000000000004,1.9841269841269838e-05,2.0,6,6,1.2170238293690672
2023-09-21,-0.010976174372530704,-0.01374733318031455,-0.002966000077625116,-0.010781333102689434,0.00017500000000000005,1.9841269841269838e-05,2.333333333333333,6,6,1.2036655636023872
2023-09-22,0.002564992202365298,0.005797500101228555,0.003112666629021987,0.002684833472206568,0.00010000000000000002,1.9841269841269838e-05,1.3333333333333333,6,6,1.206752956387283
2023-09-25,-0.0011681745640342192,-0.013375166493157545,-0.012401833198964596,-0.0009733332941929494,0.00017500000000000005,1.9841269841269838e-05,2.333333333333333,6,6,1.2053432582785584
2023-09-26,0.005261492060238333,0.004759166680742055,-0.0005971666493375476,0.005356333330079603,7.500000000000001e-05,1.9841269841269838e-05,0.9999999999999999,6,6,1.2116851622618527
2023-09-27,0.012225658939279141,0.016130166865574815,0.003759666656454404,0.012370500209120412,0.00012500000000000003,1.9841269841269838e-05,1.6666666666666667,6,6,1.2264988117974511
2023-09-28,0.004031825228280846,-0.0005848333627606431,-0.004736499860882759,0.004151666498122116,0.00010000000000000002,1.9841269841269838e-05,1.3333333333333333,6,6,1.2314438406493127
2023-09-29,-0.015441507609501953,-0.014162333061297733,0.001134333278362949,-0.015296666339660682,0.00012500000000000003,1.9841269841269838e-05,1.6666666666666667,6,6,1.2124284912132521
2023-10-02,0.009916325833086692,-0.00015233332912127206,-0.010213500432049234,0.01006116710292796,0.00012500000000000003,1.9841269841269838e-05,1.6666666666666667,6,6,1.2244513271814406
2023-10-03,-0.0004478414112731577,0.0033203331598391133,0.003573333301271001,-0.00025300014143188766,0.00017500000000000005,1.9841269841269838e-05,2.333333333333333,6,6,1.2239029671710402
2023-10-04,-0.002115674531912904,-0.005399166528756419,-0.003478333266684785,-0.0019208332620716342,0.00017500000000000005,1.9841269841269838e-05,2.333333333333333,6,6,1.2213135868338638
2023-10-05,-0.004810174589172478,0.007216166704893111,0.01183150002422432,-0.004615333319331209,0.00017500000000000005,1.9841269841269838e-05,2.333333333333333,6,6,1.2154388552530646
2023-10-06,-0.009228507886705773,-0.0017321666236966848,0.007276499993167818,-0.009008666616864502,0.00020000000000000006,1.9841269841269838e-05,2.666666666666666,6,6,1.204222168191553
2023-10-09,0.016050492109914143,0.015367166760067144,-0.0007531666196882726,0.01612033337975542,4.9999999999999996e-05,1.9841269841269838e-05,0.6666666666666666,6,6,1.2235505266006952
2023-10-10,0.007666325326090206,0.013685999903827906,0.005924833307896429,0.007761166595931477,7.500000000000001e-05,1.9841269841269838e-05,0.9999999999999999,6,6,1.2329306629905252
2023-10-11,-0.004496341202876693,-0.008330999951188762,-0.00395450001815334,-0.004376499933035422,0.00010000000000000002,1.9841269841269838e-05,1.3333333333333333,6,6,1.2273869860502309
2023-10-12,-0.0047170075938135145,-0.005925332991561541,-0.0013531666675892968,-0.004572166323972245,0.00012500000000000003,1.9841269841269838e-05,1.6666666666666667,6,6,1.221597392316484
2023-10-13,-0.0022666746108977506,0.005745500054520864,0.007842333395577345,-0.002096833341056481,0.00015000000000000004,1.9841269841269838e-05,2.0,6,6,1.2188284285225812
2023-10-16,-0.0022138410559264096,0.003570500082181146,0.0056394998682662845,-0.0020689997860851386,0.00012500000000000003,1.9841269841269838e-05,1.6666666666666667,6,6,1.2161301361073877
2023-10-17,-0.012426341303363298,-0.017879333502302565,-0.005647833468780542,-0.012231500033522023,0.00017500000000000005,1.9841269841269838e-05,2.333333333333333,6,6,1.2010180879668118
2023-10-18,0.027313325524715232,0.018992666892396908,-0.008440499902159596,0.027433166794556506,0.00010000000000000002,1.9841269841269838e-05,1.3333333333333333,6,6,1.2338218859645205
2023-10-19,0.00922849226810984,-0.009850000108902654,-0.019223333646853764,0.00937333353795111,0.00012500000000000003,1.9841269841269838e-05,1.6666666666666667,6,6,1.2452082016993689
2023-10-20,0.010195325315119845,0.0027666663130124407,-0.007598500271948676,0.010365166584961116,0.00015000000000000004,1.9841269841269838e-05,2.0,6,6,1.2579035044007494
2023-10-23,-0.003127508090160018,0.007033666498803844,0.009966333319122594,-0.00293266682031875,0.00017500000000000005,1.9841269841269838e-05,2.333333333333333,6,6,1.2539694010140954
2023-10-24,-0.019399007964602838,-0.018589000023591023,0.0006401666711705427,-0.019229166694761567,0.00015000000000000004,1.9841269841269838e-05,2.0,6,6,1.2296436386164546
2023-10-25,-0.00021584126719879758,-0.00995383330155164,-0.009882833304194113,-7.099999735752684e-05,0.00012500000000000003,1.9841269841269838e-05,1.6666666666666667,6,6,1.2293782307752927
2023-10-26,0.007722158612866724,-0.007789500057697295,-0.015581499940405289,0.0077919998827079935,4.9999999999999996e-05,1.9841269841269838e-05,0.6666666666666666,6,6,1.2388716844685448
2023-10-27,-3.917446192649638e-05,0.01052349992096424,0.010392833113049466,0.00013066680791477304,0.00015000000000000001,1.9841269841269838e-05,2.0000000000000004,6,6,1.2388231523369098
2023-10-30,0.0012251585003114232,0.011744333246800426,0.010374333476647735,0.0013699997701526918,0.00012500000000000003,1.9841269841269838e-05,1.6666666666666667,6,6,1.2403409070523779
2023-10-31,0.006918159073029482,0.014193833572790025,0.0071058332299192735,0.0070880003428707514,0.00015000000000000004,1.9841269841269838e-05,2.0,6,6,1.2489217827521517
2023-11-01,-0.0077798407828697696,0.012589666662582506,0.020249666175611004,-0.007659999513028499,0.00010000000000000002,1.9841269841269838e-05,1.3333333333333333,6,6,1.2392053701320822
2023-11-02,0.00534249196990563,0.005632666638121008,7.033339837410834e-05,0.0055623332397468995,0.00020000000000000006,1.9841269841269838e-05,2.666666666666666,6,6,1.2458258148710768
2023-11-03,-0.00567667450047549,-0.0032856666318063312,0.0022461665988278887,-0.00553183323063422,0.00012500000000000003,1.9841269841269838e-05,1.6666666666666667,6,6,1.238753667235764
2023-11-06,0.0011618254062845303,0.003155499929562211,0.001873833253436411,0.0012816666761258,0.00010000000000000002,1.9841269841269838e-05,1.3333333333333333,6,6,1.2401928827184867
2023-11-07,-0.004705007817781537,-0.005910999922586295,-0.0014008333746460269,-0.004510166547940268,0.00017500000000000003,1.9841269841269838e-05,2.333333333333333,6,6,1.2343577655097393
2023-11-08,0.029465992574452874,0.010123500445236761,-0.019537333399057385,0.029660833844294146,0.00017500000000000005,1.9841269841269838e-05,2.333333333333333,6,6,1.2707293422624675
2023-11-09,0.005034158910590683,0.01915833353996277,0.013954333359530816,0.005204000180431953,0.00015000000000000004,1.9841269841269838e-05,2.0,6,6,1.277126395703767
2023-11-10,0.008232492282549068,0.005231166772621995,-0.0031961667797683426,0.008427333552390337,0.00017500000000000003,1.9841269841269838e-05,2.333333333333333,6,6,1.2876403289002378
2023-11-13,0.024589325200359793,0.03314849974898,0.00841433327877894,0.02473416647020106,0.00012500000000000003,1.9841269841269838e-05,1.6666666666666667,6,6,1.3193025356886638
2023-11-14,0.011557325140771913,0.010560166439972818,-0.0011669999706403662,0.011727166410613185,0.00015000000000000004,1.9841269841269838e-05,2.0,6,6,1.3345501440526626
2023-11-15,0.001537159202462209,0.00829166678401331,0.006509666311709831,0.00178200047230348,0.00022500000000000008,1.9841269841269838e-05,2.999999999999999,6,6,1.3366015600877403
2023-11-16,-0.0023368412515488535,0.0004928333801217376,0.0027098333618293213,-0.0022169999817075836,0.00010000000000000002,1.9841269841269838e-05,1.3333333333333333,6,6,1.3334781344252427
2023-11-17,0.00625599226948199,0.00765816675266251,0.0012073332133392491,0.006450833539323261,0.00017500000000000005,1.9841269841269838e-05,2.333333333333333,6,6,1.3418203633257304
2023-11-20,-0.004065341219464168,-0.002782333331803481,0.0011631666178194187,-0.003945499949622899,0.00010000000000000002,1.9841269841269838e-05,1.3333333333333333,6,6,1.336365405693586
2023-11-21,0.00592899208844654,0.007666333268086115,0.001542499909798304,0.006123833358287811,0.00017500000000000005,1.9841269841269838e-05,2.333333333333333,6,6,1.344288705611217
2023-11-22,-0.001885841187418601,-1.9999943712415718e-05,0.0017209999738649153,-0.001740999917577331,0.00012500000000000003,1.9841269841269838e-05,1.6666666666666667,6,6,1.3417535906023936
2023-11-24,0.0023511588244824596,-0.00017049997889747215,-0.0026915000732212016,0.002521000094323729,0.00015000000000000004,1.9841269841269838e-05,2.0,6,6,1.3449082663972194
2023-11-27,0.008323158604111282,0.008788166645293433,0.0003951667713408825,0.008392999873952551,4.9999999999999996e-05,1.9841269841269838e-05,0.6666666666666666,6,6,1.3561021512064237
2023-11-28,0.009874325372609455,0.0030393333096678053,-0.006979833332782921,0.010019166642450728,0.00012500000000000003,1.9841269841269838e-05,1.6666666666666667,6,6,1.3694927450859316
2023-11-29,-0.002241174722217496,0.011700333406527838,0.013871666858904062,-0.0021713334523762243,4.9999999999999996e-05,1.9841269841269838e-05,0.6666666666666666,6,6,1.3664234725633846
2023-11-30,-0.00915317454717107,0.00383566680829972,0.012869000085629521,-0.0090333332773298,0.00010000000000000002,1.9841269841269838e-05,1.3333333333333333,6,6,1.3539163600136603
2023-12-01,-0.009139341389840941,-0.00775983347557485,0.0012596666444248206,-0.009019500119999671,0.00010000000000000002,1.9841269841269838e-05,1.3333333333333333,6,6,1.3415424561862046
2023-12-04,0.0063546586506970475,-0.00044166661488513105,-0.006916166535423448,0.006474499920538317,0.00010000000000000002,1.9841269841269838e-05,1.3333333333333333,6,6,1.3500675005606857
2023-12-05,-0.004880174373900371,0.0010701668215915559,0.005830499925650656,-0.0047603331040591,0.00010000000000000002,1.9841269841269838e-05,1.3333333333333333,6,6,1.3434789357414136
2023-12-06,4.682545562289511e-05,0.0020041666963758567,0.0017874999709116917,0.000216666725464165,0.00015000000000000004,1.9841269841269838e-05,2.0,6,6,1.3435418447546996
2023-12-07,0.011174492004091688,0.0116068333251557,0.0003125000512227414,0.011294333273932958,0.00010000000000000002,1.9841269841269838e-05,1.3333333333333333,6,6,1.3585552423560736
2023-12-08,0.01155782540047556,0.007549499966747438,-0.004153166703569392,0.01170266667031683,0.00012500000000000003,1.9841269841269838e-05,1.6666666666666667,6,6,1.3742571866441258
2023-12-11,0.002279825430670901,0.0032019999343901873,0.0008023332338780167,0.002399666700512171,0.00010000000000000002,1.9841269841269838e-05,1.3333333333333333,6,6,1.3773902531265192
2023-12-12,-0.004144508154554008,0.005579999803255001,0.00960466668796774,-0.0040246668847127385,0.00010000000000000002,1.9841269841269838e-05,1.3333333333333333,6,6,1.371681647990433
2023-12-13,-0.016410175035803744,-0.005862167163286358,0.010403166602676112,-0.01626533376596247,0.00012500000000000003,1.9841269841269838e-05,1.6666666666666667,6,6,1.3491721120535103
2023-12-14,0.011679658141439191,0.016615166266395438,0.004790666855114978,0.01182449941128046,0.00012500000000000003,1.9841269841269838e-05,1.6666666666666667,6,6,1.3649299810962587
2023-12-15,0.010574992104279179,0.011750333476811647,0.001030500102691197,0.01071983337412045,0.00012500000000000003,1.9841269841269838e-05,1.6666666666666667,6,6,1.3793641048692458
2023-12-18,-1.900806489385742e-05,0.013895833321536582,0.013770000116589166,0.00012583320494741548,0.00012500000000000003,1.9841269841269838e-05,1.6666666666666667,6,6,1.3793378858268281
2023-12-19,-0.002035341077983853,-0.018495999897519745,-0.016630500089377165,-0.0018654998081425803,0.00015000000000000004,1.9841269841269838e-05,2.0,6,6,1.3765304627673853
2023-12-20,0.009097658740089729,0.01631550001911819,0.007048000009187186,0.009267500009931004,0.00015000000000000004,1.9841269841269838e-05,2.0,6,6,1.3890536671629807
2023-12-21,0.0019913253378791977,-0.0005438333416047194,-0.0026299999493251862,0.002086166607720467,7.500000000000001e-05,1.9841269841269838e-05,0.9999999999999999,6,6,1.3918197249260764
2023-12-22,0.008936825406878245,0.010568833330277508,0.0014621666535579907,0.009106666676719517,0.00015000000000000004,1.9841269841269838e-05,2.0,6,6,1.40425817480559
2023-12-26,0.0019281586363882075,0.005753833218477667,0.0036308333122481904,0.002122999906229477,0.00017500000000000005,1.9841269841269838e-05,2.333333333333333,6,6,1.4069658073330602
2023-12-27,-0.01092784150537244,-0.008675666836400824,0.0021573333991303416,-0.010833000235531166,7.500000000000001e-05,1.9841269841269838e-05,0.9999999999999999,6,6,1.3915907079870462
2023-12-28,-0.0029246747305025425,-0.006375833453300098,-0.0035459999926388264,-0.0028298334606612716,7.500000000000001e-05,1.9841269841269838e-05,0.9999999999999999,6,6,1.3875207578081945
2023-12-29,0.006973492643474751,0.003639666863212672,-0.0034036670501033464,0.007043333913316019,4.9999999999999996e-05,1.9841269841269838e-05,0.6666666666666666,6,6,1.3971966236054385
2024-01-02,0.007522491857965314,-0.005330166934678951,-0.012947500062485537,0.007617333127806585,7.500000000000001e-05,1.9841269841269838e-05,0.9999999999999999,6,6,1.407707023830487
2024-01-03,-0.0067296745452749,-0.004081833195717385,0.002528000079716245,-0.00660983327543363,0.00010000000000000002,1.9841269841269838e-05,1.3333333333333333,6,6,1.3982336137050102
2024-01-04,-0.0009706745515917504,0.00424683338496834,0.00517266666671882,-0.0009258332817504798,2.4999999999999998e-05,1.9841269841269838e-05,0.3333333333333333,6,6,1.3968763839190066
2024-01-05,0.010298992161263546,0.024529166674862303,0.014135333243757486,0.010393833431104817,7.500000000000001e-05,1.9841269841269838e-05,0.9999999999999999,6,6,1.4112628028472425
2024-01-08,0.0014494919678477178,-0.002737500083943208,-0.004281833321632196,0.001544333237688988,7.500000000000001e-05,1.9841269841269838e-05,0.9999999999999999,6,6,1.413308416944492
2024-01-09,-0.009964841298203147,-0.0008823332221557698,0.008987666806206107,-0.009870000028361877,7.500000000000001e-05,1.9841269841269838e-05,0.9999999999999999,6,6,1.3992250228642253
2024-01-10,-0.0017761745527222212,-0.006242166544931631,-0.00458583326205068,-0.0016563332828809507,0.00010000000000000002,1.9841269841269838e-05,1.3333333333333333,6,6,1.3967397549850817
2024-01-11,-0.011163007681726641,-0.009583833161741495,0.0014593332501438754,-0.01104316641188537,0.00010000000000000002,1.9841269841269838e-05,1.3333333333333333,6,6,1.3811479383708103
2024-01-12,-0.019967507772647317,-0.02465949968124429,-0.004861833178438246,-0.019797666502806045,0.00015000000000000004,1.9841269841269838e-05,2.0,6,6,1.3535698561762153
2024-01-16,0.0016454920449885462,0.00027399995209028316,-0.0015913333627395332,0.0018653333148298163,0.00020000000000000006,1.9841269841269838e-05,2.666666666666666,6,6,1.3557971446068897
2024-01-17,-0.0009456749579588336,0.00774533317113916,0.008546166859256722,-0.000800833688117562,0.00012500000000000003,1.9841269841269838e-05,1.6666666666666667,6,6,1.354515001199163
2024-01-18,0.005785826042726162,0.017133167129941285,0.011177499817373851,0.005955667312567433,0.00015000000000000004,1.9841269841269838e-05,2.0,6,6,1.3623519893683642
2024-01-19,-0.0038758412183447196,0.002563500068693732,0.006344500017197181,-0.0037809999485034487,7.500000000000001e-05,1.9841269841269838e-05,0.9999999999999999,6,6,1.3570717293740764
2024-01-22,-0.013379008008728896,-0.012423833327678343,0.0008103334112092853,-0.013234166738887628,0.00012500000000000003,1.9841269841269838e-05,1.6666666666666667,6,6,1.338915455838361
2024-01-23,0.01944565894358573,0.01857033352765332,-0.0010701666857736805,0.019640500213427003,0.00017500000000000005,1.9841269841269838e-05,2.333333333333333,6,6,1.364951549146889
2024-01-24,-0.01162934075463859,-0.015031333081424235,-0.003596833596626917,-0.011434499484797318,0.00017500000000000003,1.9841269841269838e-05,2.333333333333333,6,6,1.349078062468288
2024-01-25,0.003991658934854739,0.002784500131383538,-0.0013270000733124714,0.004111500204696009,0.00010000000000000002,1.9841269841269838e-05,1.3333333333333333,6,6,1.3544631219701562
2024-01-26,0.006508658892006449,0.011149000163034847,0.004520500001187125,0.006628500161847722,0.00010000000000000002,1.9841269841269838e-05,1.3333333333333333,6,6,1.363278860412862
2024-01-29,-0.018254841538676844,-0.014540500104582557,0.003619500164253016,-0.018160000268835574,7.500000000000001e-05,1.9841269841269838e-05,0.9999999999999999,6,6,1.3383924208429974
2024-01-30,-0.007463674423924188,-0.009679999823371569,-0.00236116666928865,-0.007318833154082919,0.00012500000000000003,1.9841269841269838e-05,1.6666666666666667,6,6,1.3284030955623776
2024-01-31,0.0033239919609360626,0.010962833184748888,0.0075439999539715545,0.0034188332307773335,7.500000000000001e-05,1.9841269841269838e-05,0.9999999999999999,6,6,1.3328186967729094
2024-02-01,0.013974325455784323,0.003412166843190789,-0.010706999882434804,0.014119166725625593,0.00012500000000000003,1.9841269841269838e-05,1.6666666666666667,6,6,1.3514439390151682
2024-02-02,-0.004622174440591139,-0.011991499923169613,-0.007514166752419744,-0.004477333170749869,0.00012500000000000003,1.9841269841269838e-05,1.6666666666666667,6,6,1.3451973293823605
2024-02-05,-0.002649674949134397,0.0022224999144479307,0.0047023335937410584,-0.0024798336792931277,0.00015000000000000004,1.9841269841269838e-05,2.0,6,6,1.3416329937170535
2024-02-06,0.007273825433195406,0.008544333279132843,0.001050666576096167,0.007493666703036676,0.00020000000000000006,1.9841269841269838e-05,2.666666666666666,6,6,1.3513917979087666
2024-02-07,0.03036732510578678,0.023064332955982533,-0.007472833419645516,0.030537166375628047,0.00015000000000000004,1.9841269841269838e-05,2.0,6,6,1.3924299519811558
2024-02-08,-0.009240674979522056,-0.010688500401253501,-0.0016926666915727155,-0.008995833709680785,0.00022500000000000008,1.9841269841269838e-05,2.999999999999999,6,6,1.3795629593631464
2024-02-09,-0.0008511747197898498,0.0044358331166828675,0.005167166566631446,-0.0007313334499485782,0.00010000000000000002,1.9841269841269838e-05,1.3333333333333333,6,6,1.3783887102477779
2024-02-12,0.0030918256303265933,-0.011409833328798412,-0.014671500228966275,0.0032616669001678637,0.00015000000000000004,1.9841269841269838e-05,2.0,6,6,1.3826504477906747
2024-02-13,0.004540992109660829,0.009649833353857199,0.004888999974355102,0.004760833379502097,0.00020000000000000006,1.9841269841269838e-05,2.666666666666666,6,6,1.3889290525645113
2024-02-14,-0.02624600811793454,-0.00519533307912449,0.02090583376896878,-0.02610116684809327,0.00012500000000000003,1.9841269841269838e-05,1.6666666666666667,6,6,1.352475209375668
2024-02-15,-0.014800507744171819,-0.017337999723774068,-0.002682333249443521,-0.014655666474330548,0.00012500000000000003,1.9841269841269838e-05,1.6666666666666667,6,6,1.332457889565503
2024-02-16,-0.007550508052175717,-0.012600666726939378,-0.005144999944604933,-0.007455666782334445,7.500000000000001e-05,1.9841269841269838e-05,0.9999999999999999,6,6,1.3223971555411536
2024-02-20,-0.0018250078201013074,-0.0015334998994755247,0.0001966666507845125,-0.0017301665502600372,7.500000000000001e-05,1.9841269841269838e-05,0.9999999999999999,6,6,1.3199837703910111
2024-02-21,-0.006936174710982641,0.0024086667350881425,0.009225000176229514,-0.006816333441141372,0.00010000000000000002,1.9841269841269838e-05,1.3333333333333333,6,6,1.3108281323439175
2024-02-22,0.0068584920430565174,0.00880799998655372,0.001854666673655932,0.0069533333128977875,7.500000000000001e-05,1.9841269841269838e-05,0.9999999999999999,6,6,1.319818436659413
2024-02-23,0.001377658899870538,-0.0010426664569725597,-0.0026651666266843672,0.0016225001697118076,0.00022500000000000008,1.9841269841269838e-05,2.999999999999999,6,6,1.3216366962748902
2024-02-26,-0.0056863410369716655,-0.0030394997835780186,0.0025519999835523772,-0.0055914997671303954,7.500000000000001e-05,1.9841269841269838e-05,0.9999999999999999,6,6,1.3141214192928947
2024-02-27,0.015680658753166744,0.01111699997757872,-0.004708500045429294,0.015825500023008015,0.00012500000000000003,1.9841269841269838e-05,1.6666666666666667,6,6,1.334727708829054
2024-02-28,-0.013726674435383803,-0.007470499801759917,0.0060863333637826145,-0.013556833165542532,0.00015000000000000004,1.9841269841269838e-05,2.0,6,6,1.3164063361100717
2024-02-29,0.008366991835767548,0.011787833102668325,0.003250999997059504,0.008536833105608821,0.00015000000000000004,1.9841269841269838e-05,2.0,6,6,1.3274206971768574
2024-03-01,-0.019072175174147363,-0.01810100053747495,0.0009013333668311436,-0.01900233390430609,4.9999999999999996e-05,1.9841269841269838e-05,0.6666666666666666,6,6,1.3021038971105114
2024-03-04,-0.004798340847967044,-0.012612333055585623,-0.007958833477459848,-0.004653499578125775,0.00012500000000000003,1.9841269841269838e-05,1.6666666666666667,6,6,1.295855958792709
2024-03-05,-0.00035884163698942696,0.007975166396742376,0.008164166763890535,-0.00018900036714815903,0.00015000000000000004,1.9841269841269838e-05,2.0,6,6,1.2953909517191533
2024-03-06,0.006276825398840158,0.008972999989055097,0.0024763333203736693,0.006496666668681428,0.00020000000000000006,1.9841269841269838e-05,2.666666666666666,6,6,1.3035218945463318
2024-03-07,-0.01431734138932375,-0.01717350011070569,-0.0030259999912232156,-0.014147500119482473,0.00015000000000000001,1.9841269841269838e-05,2.0,6,6,1.2848589265736539
2024-03-08,0.0007088257889233764,-0.004913999873679131,-0.005742666932443777,0.0008286670587646459,0.00010000000000000002,1.9841269841269838e-05,1.3333333333333333,6,6,1.2857696677159376
2024-03-11,0.014743325781601938,0.016245167033048347,0.0013569999816051375,0.01488816705144321,0.00012500000000000003,1.9841269841269838e-05,1.6666666666666667,6,6,1.3047261888071757
2024-03-12,-0.012397675064736829,-0.01631650033717354,-0.004088666542277981,-0.01222783379489556,0.00015000000000000001,1.9841269841269838e-05,2.0,6,6,1.2885506174698917
2024-03-13,-0.02343200784686007,-0.023677666516353685,-0.00044049993933488896,-0.023237166577018797,0.00017500000000000005,1.9841269841269838e-05,2.333333333333333,6,6,1.2583572892902608
2024-03-14,-0.0170650088818851,-0.019440667650390726,-0.0025455000383468964,-0.016895167612043828,0.00015000000000000004,1.9841269841269838e-05,2.0,6,6,1.2368834109719375
2024-03-15,0.0024923254152730344,0.015392499975860117,0.012755333290745813,0.0026371666851143036,0.00012500000000000003,1.9841269841269838e-05,1.6666666666666667,6,6,1.2399661269328326
2024-03-18,0.004061158669744766,0.005555000025196931,0.0013490000856108963,0.004205999939586035,0.00012500000000000003,1.9841269841269838e-05,1.6666666666666667,6,6,1.2450018261194158
2024-03-19,0.0025394923974342257,0.013216500325749319,0.010532166658473821,0.0026843336672754976,0.00012500000000000003,1.9841269841269838e-05,1.6666666666666667,6,6,1.2481634987916377
2024-03-20,-0.013775007905107774,-0.006097833320382051,0.007532333314884454,-0.013630166635266505,0.00012500000000000003,1.9841269841269838e-05,1.6666666666666667,6,6,1.2309700367289158
2024-03-21,-0.0036966745552946896,-0.0044761666407187786,-0.000874333355265359,-0.0036018332854534196,7.500000000000001e-05,1.9841269841269838e-05,0.9999999999999999,6,6,1.2264195411158099
2024-03-22,0.013909158530613011,0.007324833267678816,-0.006704166532775464,0.01402899980045428,0.00010000000000000002,1.9841269841269838e-05,1.3333333333333333,6,6,1.2434780049382312
2024-03-25,0.004008325199710041,-0.0013715000532101844,-0.005499666522761496,0.004128166469551312,0.00010000000000000002,1.9841269841269838e-05,1.3333333333333333,6,6,1.2484622691607103
2024-03-26,0.009893491689268025,0.013673333043698221,0.0036600000845889258,0.010013332959109295,0.00010000000000000002,1.9841269841269838e-05,1.3333333333333333,6,6,1.2608139202450166
2024-03-27,-0.005682007886495603,-0.002554999955464154,0.003032166661190179,-0.005587166616654333,7.500000000000001e-05,1.9841269841269838e-05,0.9999999999999999,6,6,1.253649965606781
2024-03-28,0.004329991781196394,-0.0016223336181913817,-0.0061221666692290455,0.004499833051037664,0.00015000000000000004,1.9841269841269838e-05,2.0,6,6,1.2590782596543555
2024-04-01,-0.017158841361667194,-0.024652000050991774,-0.00758799995916585,-0.017064000091825925,7.500000000000001e-05,1.9841269841269838e-05,0.9999999999999999,6,6,1.2374739355350224
2024-04-02,0.006129158885960303,-1.2333233219882214e-05,-0.006311333389021455,0.006299000155801573,0.00015000000000000004,1.9841269841269838e-05,2.0,6,6,1.245058609903151
2024-04-03,0.002427325616448023,-0.005730166497717922,-0.008252333384007215,0.002522166886289294,7.500000000000001e-05,1.9841269841269838e-05,0.9999999999999999,6,6,1.2480807725609482
2024-04-04,-0.013379674658694465,-0.00301049996051006,0.010174333428343136,-0.013184833388853196,0.00017500000000000005,1.9841269841269838e-05,2.333333333333333,6,6,1.2313818578763107
2024-04-05,0.0069856587260699095,0.007694333355175331,0.0005888333592641476,0.007105499995911184,0.00010000000000000002,1.9841269841269838e-05,1.3333333333333333,6,6,1.2399838712969087
2024-04-08,0.004319991821517228,0.004036666808436469,-0.00040316628292202906,0.004439833091358498,0.00010000000000000002,1.9841269841269838e-05,1.3333333333333333,6,6,1.2453405914797246
2024-04-09,-0.004658674793654596,-0.012781833545886911,-0.008218000022073586,-0.004563833523813326,7.500000000000001e-05,1.9841269841269838e-05,0.9999999999999999,6,6,1.2395389546566833
2024-04-10,0.008220825796307521,0.011501833718890943,0.003136166652742152,0.008365667066148792,0.00012500000000000003,1.9841269841269838e-05,1.6666666666666667,6,6,1.2497289884706528
2024-04-11,-0.004256174800563457,-0.019903833638333403,-0.015817500107611217,-0.004086333530722186,0.00015000000000000004,1.9841269841269838e-05,2.0,6,6,1.2444099234423904
2024-04-12,-0.0006083410859447976,-0.010259333280070374,-0.009745833463966845,-0.0005134998161035291,7.5e-05,1.9841269841269838e-05,1.0,6,6,1.243652897758203
2024-04-15,0.0012224918146277724,0.0024424998943383502,0.001150166809869309,0.0012923330844690412,4.9999999999999996e-05,1.9841269841269838e-05,0.6666666666666666,6,6,1.2451732532459505
2024-04-16,-0.0009486745964144416,-0.0012715000969668227,-0.0004926667703936509,-0.0007788333265731718,0.00015000000000000004,1.9841269841269838e-05,2.0,6,6,1.2439919890124613
2024-04-17,-0.02121400786961414,-0.012018499934735399,0.009050666665037474,-0.02106916659977287,0.00012500000000000003,1.9841269841269838e-05,1.6666666666666667,6,6,1.217601933167814
2024-04-18,-0.04593817510164327,-0.040881333639845245,0.0048870001919567585,-0.045768333831802004,0.00015000000000000004,1.9841269841269838e-05,2.0,6,6,1.1616675223578516
2024-04-19,-0.006009674200853184,0.0019651669620846714,0.007879999893096585,-0.0059148329310119135,7.500000000000001e-05,1.9841269841269838e-05,0.9999999999999999,6,6,1.1546862790187686
2024-04-22,0.013887825676283634,0.023014333642398316,0.00895666669627341,0.014057666946124906,0.00015000000000000004,1.9841269841269838e-05,2.0,6,6,1.1707223607725779
2024-04-23,0.011354991654055338,0.01175783291303863,0.00023299998914202063,0.011524832923896609,0.00015000000000000004,1.9841269841269838e-05,2.0,6,6,1.1840159034083666
2024-04-24,0.022724325768336183,0.022695000283420086,-0.00014916675475736446,0.02284416703817745,0.00010000000000000002,1.9841269841269838e-05,1.3333333333333333,6,6,1.2109218665123094
2024-04-25,0.014917991909583555,0.013878166568853581,-0.0011596666105712448,0.015037833179424826,0.00010000000000000002,1.9841269841269838e-05,1.3333333333333333,6,6,1.2289863891200778
2024-04-26,0.03262165972982471,0.03083083418702396,-0.0019356668126420114,0.03276650099966597,0.00012500000000000003,1.9841269841269838e-05,1.6666666666666667,6,6,1.269077964918539
2024-04-29,-0.009712341106034047,-0.02102083334466442,-0.011428333508471646,-0.009592499836192776,0.00010000000000000002,1.9841269841269838e-05,1.3333333333333333,6,6,1.2567522468330987
2024-04-30,0.015090492301462363,-0.0023708328953944147,-0.01758116646669805,0.015210333571303636,9.999999999999999e-05,1.9841269841269838e-05,1.3333333333333335,6,6,1.2757172569387791
2024-05-01,0.0075019918776786185,0.009397666435688732,0.001775833288168845,0.0076218331475198875,0.00010000000000000002,1.9841269841269838e-05,1.3333333333333333,6,6,1.2852876774385482
2024-05-02,0.0070898256498669815,0.01319233343626062,0.005932666516552369,0.007259666919708251,0.00015000000000000004,1.9841269841269838e-05,2.0,6,6,1.2944001429815102
2024-05-03,0.0138446593479379,0.024704500441051398,0.010739999823272228,0.01396450061777917,0.00010000000000000002,1.9841269841269838e-05,1.3333333333333333,6,6,1.3123206720210114
2024-05-06,-0.009649841276450556,-0.005470166773496507,0.0040848332331127795,-0.009555000006609287,7.500000000000001e-05,1.9841269841269838e-05,0.9999999999999999,6,6,1.2996569858322038
2024-05-07,-0.007701341299591437,-0.002658166748005896,0.0048983332817442715,-0.0075565000297501675,0.00012500000000000003,1.9841269841269838e-05,1.6666666666666667,6,6,1.2896478838119116
2024-05-08,-0.015126341333305315,-0.00623966675872604,0.008766833304738004,-0.015006500063464044,0.00010000000000000002,1.9841269841269838e-05,1.3333333333333333,6,6,1.2701402297215978
2024-05-09,-0.010158174607325586,-0.005871000123685613,0.004117333213798702,-0.009988333337484315,0.00015000000000000004,1.9841269841269838e-05,2.0,6,6,1.2572379234922972
2024-05-10,0.0045426586484506965,0.0008398334030061959,-0.00382266651528577,0.0046624999182919655,0.00010000000000000002,1.9841269841269838e-05,1.3333333333333333,6,6,1.2629491262186097
2024-05-13,0.0011469921285877866,0.00247650007562091,0.0012346666771918533,0.0012418333984290568,7.500000000000001e-05,1.9841269841269838e-05,0.9999999999999999,6,6,1.2643977189251894
2024-05-14,-0.0095681746573217,0.0002843333835092681,0.009757666770989694,-0.009473333387480427,7.500000000000001e-05,1.9841269841269838e-05,0.9999999999999999,6,6,1.252299740714194
2024-05-15,0.01015365934377861,0.0071190009281660105,-0.0031794996854538717,0.010298500613619883,0.00012500000000000003,1.9841269841269838e-05,1.6666666666666667,6,6,1.2650151656777082
2024-05-16,-0.0008823412247846604,0.004227500059641897,0.005015000014585287,-0.0007874999549433905,7.500000000000001e-05,1.9841269841269838e-05,0.9999999999999999,6,6,1.263898990647053
2024-05-17,-0.002610508081195728,-0.007099500042386353,-0.004608833231031895,-0.0024906668113544583,0.00010000000000000002,1.9841269841269838e-05,1.3333333333333333,6,6,1.2605995721181538
2024-05-20,-0.004052841089141096,-0.002366166639452179,0.0015418331798476475,-0.0039079998192998264,0.00012500000000000003,1.9841269841269838e-05,1.6666666666666667,6,6,1.2554905623753196
2024-05-21,0.008542992341608577,-0.0018599999990935125,-0.01057283361054336,0.008712833611449847,0.00015000000000000004,1.9841269841269838e-05,2.0,6,6,1.2662162086346538
2024-05-22,0.008400491693100726,-0.00475583368097432,-0.013326166643916318,0.008570332962941999,0.00015000000000000004,1.9841269841269838e-05,2.0,6,6,1.2768530473769586
2024-05-23,0.022372991971668626,0.022605166615297392,0.00011233337378750266,0.02249283324150989,0.00010000000000000002,1.9841269841269838e-05,1.3333333333333333,6,6,1.305420070354924
2024-05-24,0.006595992087507769,0.003204999996038774,-0.0035608333613102636,0.006765833357349038,0.00015000000000000004,1.9841269841269838e-05,2.0,6,6,1.314030610809859
2024-05-28,-0.0015685078412944833,-0.007326833263505249,-0.005953166692052036,-0.0013736665714532137,0.00017500000000000005,1.9841269841269838e-05,2.333333333333333,6,6,1.3119695434931027
2024-05-29,0.007732992329329091,0.0030388333495163047,-0.004864000249654055,0.007902833599170359,0.00015000000000000004,1.9841269841269838e-05,2.0,6,6,1.322114993909248
2024-05-30,0.010581325513703587,0.024495166663352087,0.013743999879807232,0.010751166783544855,0.00015000000000000004,1.9841269841269838e-05,2.0,6,6,1.3361047230263499
2024-05-31,0.007470158244930354,0.002772999616960684,-0.0048419998978109415,0.007614999514771625,0.00012500000000000003,1.9841269841269838e-05,1.6666666666666667,6,6,1.3460856367391556
2024-06-03,0.0012821587766917969,0.003164166701026261,0.001737166654493194,0.0014270000465330668,0.00012500000000000003,1.9841269841269838e-05,1.6666666666666667,6,6,1.3478115322524795
2024-06-04,0.02105965842655564,0.01518616627436131,-0.005993333422035599,0.02117949969639691,0.00010000000000000002,1.9841269841269838e-05,1.3333333333333333,6,6,1.3761959827450894
2024-06-05,0.007468991990198218,0.0093241665745154,0.0017353333144759138,0.007588833260039487,0.00010000000000000002,1.9841269841269838e-05,1.3333333333333333,6,6,1.3864747795171555
2024-06-06,-6.250785414114716e-05,-0.0033643332814487317,-0.0035216666971488544,0.00015733341570012271,0.00020000000000000006,1.9841269841269838e-05,2.666666666666666,6,6,1.386388113953867
2024-06-07,-0.002995174716751642,-0.001216833514869601,0.0017084999320407706,-0.0029253334469103716,4.9999999999999996e-05,1.9841269841269838e-05,0.6666666666666666,6,6,1.3822356393273474
2024-06-10,0.0025981590064523353,-0.004186333176524688,-0.006829333452818293,0.0026430002762936056,2.4999999999999998e-05,1.9841269841269838e-05,0.3333333333333333,6,6,1.3858269073027052
2024-06-11,-0.02135650776983535,-0.01097133331738102,0.010315333182613054,-0.021286666499994077,4.9999999999999996e-05,1.9841269841269838e-05,0.6666666666666666,6,6,1.356230484189248
2024-06-12,-0.01009300830417298,-0.006051166875598332,0.003922000158733378,-0.00997316703433171,0.00010000000000000002,1.9841269841269838e-05,1.3333333333333333,6,6,1.3425420386499534
2024-06-13,0.021465825890436295,0.02456233378810187,0.003001666627824306,0.021560667160277564,7.500000000000001e-05,1.9841269841269838e-05,0.9999999999999999,6,6,1.3713608123022047
2024-06-14,-0.005829841456751501,-0.004510833338523904,0.0010991668483863277,-0.005610000186910232,0.00020000000000000004,1.9841269841269838e-05,2.666666666666666,6,6,1.363365996186481
2024-06-17,0.0061508253017410865,0.006210333279644449,-3.533329193790768e-05,0.0062456665715823565,7.500000000000001e-05,1.9841269841269838e-05,0.9999999999999999,6,6,1.3717518222513583
2024-06-18,0.02166549243175827,0.01513216683573167,-0.006753166865867872,0.021885333701599542,0.00020000000000000006,1.9841269841269838e-05,2.666666666666666,6,6,1.4014715009745957
2024-06-20,0.019655658626677612,0.005760000087320805,-0.014040499809198081,0.019800499896518886,0.00012500000000000003,1.9841269841269838e-05,1.6666666666666667,6,6,1.42901834637277
2024-06-21,-0.018648508989938074,-0.015584000347492596,0.0028446673726042117,-0.018428667720096808,0.00020000000000000004,1.9841269841269838e-05,2.666666666666666,6,6,1.4023692848936509
2024-06-24,0.008359325348404383,0.004007333191111684,-0.00452183342713397,0.008529166618245654,0.00015000000000000004,1.9841269841269838e-05,2.0,6,6,1.4140921460046862
2024-06-25,0.019016158604184312,0.010777333324464658,-0.008408666549560921,0.01918599987402558,0.00015000000000000004,1.9841269841269838e-05,2.0,6,6,1.4409827465340428
2024-06-26,-0.0022585081791224345,0.0034768331679515536,0.0055905000772327185,-0.002113666909281165,0.00012500000000000003,1.9841269841269838e-05,1.6666666666666667,6,6,1.4377282752150213
2024-06-27,0.02404399183763206,0.005922999853889148,-0.01826583325358418,0.02418883310747333,0.00012500000000000003,1.9841269841269838e-05,1.6666666666666667,6,6,1.472297002129024
2024-06-28,0.005817491896742481,0.016406833116586007,0.010444499950002257,0.0059623331665837505,0.00012500000000000003,1.9841269841269838e-05,1.6666666666666667,6,6,1.4808620780085078
2024-07-01,-0.00823317455106012,0.0005111667002590061,0.008574499981477857,-0.008063333281218851,0.00015000000000000004,1.9841269841269838e-05,2.0,6,6,1.468669882034218
2024-07-02,0.006008325765216871,0.007257500314153732,0.0011293332790955901,0.006128167035058142,0.00010000000000000002,1.9841269841269838e-05,1.3333333333333333,6,6,1.4774941291270423
2024-07-03,-0.0008258412092953686,0.011230333397785822,0.011961333337239921,-0.0007309999394540991,7.500000000000001e-05,1.9841269841269838e-05,0.9999999999999999,6,6,1.476273953588717
2024-07-05,0.0008241590182577804,-0.0006606664198140298,-0.0015546667079130807,0.000894000288099051,4.9999999999999996e-05,1.9841269841269838e-05,0.6666666666666666,6,6,1.4774906380809862
2024-07-08,0.011134991780929415,0.009991166366186613,-0.0012636666845840712,0.011254833050770685,0.00010000000000000002,1.9841269841269838e-05,1.3333333333333333,6,6,1.493942484192418
2024-07-09,-0.001824841211661548,0.004966500147323434,0.006621500089143713,-0.0016549999418202788,0.00015000000000000004,1.9841269841269838e-05,2.0,6,6,1.4912162763794117
2024-07-10,-0.018004008142280554,-0.02318333329943319,-0.005299166426993907,-0.017884166872439284,0.00010000000000000002,1.9841269841269838e-05,1.3333333333333333,6,6,1.4643684063975755
2024-07-11,-0.006859341468079023,-0.0029685001306158196,0.003746000067621935,-0.006714500198237754,0.00012500000000000003,1.9841269841269838e-05,1.6666666666666667,6,6,1.454323803463028
2024-07-12,-0.01094517437049949,-0.003121666532630722,0.007653666568027498,-0.01077533310065822,0.00015000000000000004,1.9841269841269838e-05,2.0,6,6,1.438405975842957
2024-07-15,0.003302658736795956,0.008493000039986024,0.005095500033348799,0.003397500006637225,7.500000000000001e-05,1.9841269841269838e-05,0.9999999999999999,6,6,1.4431565399061341
2024-07-16,-0.0348226735796188,-0.04439983253056804,-0.009722000220790505,-0.034677832309777536,0.00012500000000000003,1.9841269841269838e-05,1.6666666666666667,6,6,1.3929019707926908
2024-07-17,0.009391325095106682,-0.004309333705653747,-0.013845500070601702,0.009536166364947956,0.000125,1.9841269841269838e-05,1.6666666666666665,6,6,1.4059831660260198
2024-07-18,-0.019044841039820116,-0.021016166390230254,-0.002166166620251412,-0.01884999976997884,0.00017500000000000005,1.9841269841269838e-05,2.333333333333333,6,6,1.3792064401243913
2024-07-19,0.02581532528071058,0.030577999850114185,0.004617833299562335,0.02596016655055185,0.00012500000000000003,1.9841269841269838e-05,1.6666666666666667,6,6,1.4148111030054533
2024-07-22,-0.004871174612147586,-0.003321166693543394,0.0014551666487629213,-0.004776333342306316,7.500000000000001e-05,1.9841269841269838e-05,0.9999999999999999,6,6,1.4079193110795085
2024-07-23,-0.029315840689716707,-0.04800266585273978,-0.018831666432864342,-0.02917099941987544,0.00012500000000000003,1.9841269841269838e-05,1.6666666666666667,6,6,1.3666449728519259
2024-07-24,0.007304992024415164,-0.00841950031220525,-0.01584433360646168,0.007424833294256432,0.00010000000000000002,1.9841269841269838e-05,1.3333333333333333,6,6,1.3766283034788165
2024-07-25,0.011730159043145203,0.021767333537961044,0.009867333224974571,0.011900000312986473,0.00015000000000000004,1.9841269841269838e-05,2.0,6,6,1.392776372421918
2024-07-26,-0.0016758414061769612,-0.0025133333013703423,-0.0010073331650346515,-0.0015060001363356907,0.00015000000000000004,1.9841269841269838e-05,2.0,6,6,1.3904423001074684
2024-07-29,-0.027756174956327154,-0.016907500413556893,0.010678833272928992,-0.027586333686485887,0.00015000000000000004,1.9841269841269838e-05,2.0,6,6,1.3518489403590075
2024-07-30,0.06497099359177999,0.06102666817605495,-0.004064166685566305,0.06509083486162125,0.00010000000000000002,1.9841269841269838e-05,1.3333333333333333,6,6,1.4396799092001271
2024-07-31,-0.023463006942908444,-0.04419666606311996,-0.020828500390052792,-0.02336816567306717,7.500000000000001e-05,1.9841269841269838e-05,0.9999999999999999,6,6,1.4059006894949986
2024-08-01,0.027435159107845733,-0.013434500127914362,-0.04101450050560137,0.027580000377687007,0.00012500000000000003,1.9841269841269838e-05,1.6666666666666667,6,6,1.4444717986011237
2024-08-02,0.005329324700990841,-0.021103833802044388,-0.0266029997728765,0.005499165970832113,0.00015000000000000004,1.9841269841269838e-05,2.0,6,6,1.4521698578372935
2024-08-05,-0.005397008243547604,3.599965324004549e-05,0.0053381666269463795,-0.005302166973706334,7.500000000000001e-05,1.9841269841269838e-05,0.9999999999999999,6,6,1.4443324851435142
2024-08-06,0.0037853251919741644,-0.009123166596206525,-0.013178333058021963,0.004055166461815437,0.00025000000000000006,1.9841269841269838e-05,3.3333333333333326,6,6,1.4497997532851146
2024-08-07,-0.044938008543805384,0.00888416635765073,0.05370233363161484,-0.04481816727396411,0.00010000000000000002,1.9841269841269838e-05,1.3333333333333333,6,6,1.3846486395851811
2024-08-08,-0.002079674573183533,0.0037370000500231977,0.0055218333533654605,-0.0017848333033422628,0.000275,1.9841269841269838e-05,3.666666666666665,6,6,1.3817690210166427
2024-08-09,0.006174992234784637,0.007135000157480438,0.0007651666528545322,0.006369833504625906,0.00017500000000000005,1.9841269841269838e-05,2.333333333333333,6,6,1.3903014339916864
2024-08-12,0.004973825327614471,0.024938833666965365,0.019770167069509625,0.00516866659745574,0.00017500000000000005,1.9841269841269838e-05,2.333333333333333,6,6,1.3972165504770928
2024-08-13,-0.00017550803783916987,0.005655333438577751,0.005686000206575651,-3.0666767997900024e-05,0.00012500000000000003,1.9841269841269838e-05,1.6666666666666667,6,6,1.3969713277418823
2024-08-14,0.0018771589150622717,0.022650333354249597,0.02062833316934605,0.002022000184903547,0.00012500000000000003,1.9841269841269838e-05,1.6666666666666667,6,6,1.3995936649238394
2024-08-15,0.0009886586214230952,0.0039304999421195435,0.0026720000508551793,0.0012584998912643641,0.00025000000000000006,1.9841269841269838e-05,3.3333333333333326,6,6,1.4009773852671557
2024-08-16,-0.0009876747053922223,0.008051000128034502,0.008893833563585455,-0.0008428334355509524,0.00012500000000000003,1.9841269841269838e-05,1.6666666666666667,6,6,1.3995936753409008
2024-08-19,0.0012749921488546083,-0.0032316666135254004,-0.004626500032221277,0.0013948334186958769,0.00010000000000000002,1.9841269841269838e-05,1.3333333333333333,6,6,1.401378146288547
2024-08-20,-0.0012913414155162628,0.0049194998961562915,0.005991000041831284,-0.0010715001456749924,0.00020000000000000006,1.9841269841269838e-05,2.666666666666666,6,6,1.3995684886494453
2024-08-21,0.004129825155930742,-0.009157666975321868,-0.013432333401093878,0.0042746664257720095,0.000125,1.9841269841269838e-05,1.666666666666667,6,6,1.4053484618013177
2024-08-22,0.004075158515600637,0.01834483326335127,0.014099833477909366,0.0042449997854419035,0.00015000000000000004,1.9841269841269838e-05,2.0,6,6,1.4110754795528138
2024-08-23,-0.026930507881600882,-0.022200166597031053,0.0045605000147285555,-0.02676066661175961,0.00015000000000000001,1.9841269841269838e-05,2.0000000000000004,6,6,1.3730745002291829
2024-08-26,0.0020996588606823478,0.0030623334848011528,0.0008678333542775361,0.0021945001305236165,7.500000000000001e-05,1.9841269841269838e-05,0.9999999999999999,6,6,1.3759574882699661
2024-08-27,-0.017354840936918282,-0.017371499678120017,-0.00013650001104300214,-0.017234999667077016,0.00010000000000000002,1.9841269841269838e-05,1.3333333333333333,6,6,1.3520779649250791
2024-08-28,-0.01291300837602762,-0.011949000336850682,0.0008441667693356676,-0.012793167106186349,0.00010000000000000002,1.9841269841269838e-05,1.3333333333333333,6,6,1.3346185708389593
2024-08-29,0.012919492057552707,0.01646033340754608,0.0033460000801521046,0.013114333327393975,0.00017500000000000005,1.9841269841269838e-05,2.333333333333333,6,6,1.3518611648647754
2024-08-30,-0.04034000830302931,-0.04614733345806599,-0.006002166424877942,-0.040145167033188045,0.00017500000000000005,1.9841269841269838e-05,2.333333333333333,6,6,1.2973270742495875
2024-09-03,0.005284992120287839,0.010685833326230446,0.005255999936101337,0.005429833390129109,0.00012500000000000003,1.9841269841269838e-05,1.6666666666666667,6,6,1.3041834376144326
2024-09-04,0.00627515859222908,0.004649333267783125,-0.0017706665942872253,0.00641999986207035,0.000125,1.9841269841269838e-05,1.6666666666666665,6,6,1.3123673955188218
2024-09-05,-0.027829507589265553,-0.035033332727228604,-0.007323666407804314,-0.02770966631942429,0.00010000000000000002,1.9841269841269838e-05,1.3333333333333333,6,6,1.275844857125326
2024-09-06,0.01161232554986777,0.02015650008494655,0.008374333265237508,0.011782166819709042,0.00015000000000000004,1.9841269841269838e-05,2.0,6,6,1.2906603829573897
2024-09-09,0.004262491969373227,0.012049166408057014,0.007641833168842519,0.004407333239214495,0.00012500000000000003,1.9841269841269838e-05,1.6666666666666667,6,6,1.2961618124749337
2024-09-10,0.045187326380669586,0.03848833435525496,-0.006818833295255898,0.04530716765051086,0.00010000000000000002,1.9841269841269838e-05,1.3333333333333333,6,6,1.354731899337399
2024-09-11,0.0020249921601236103,0.010645666780571144,0.008400833350606263,0.0022448334299648813,0.00020000000000000006,1.9841269841269838e-05,2.666666666666666,6,6,1.3574752208126266
2024-09-12,-0.00345000811447685,0.0025448332598898555,0.005775000104525436,-0.0032301668446355803,0.00020000000000000006,1.9841269841269838e-05,2.666666666666666,6,6,1.3527919202856218
2024-09-13,0.004095325385620966,0.0027106665074825287,-0.0014795001479797065,0.004190166655462235,7.500000000000001e-05,1.9841269841269838e-05,0.9999999999999999,6,6,1.3583320433782307
2024-09-16,0.005748825580328851,-0.0012216665782034401,-0.007115333428373559,0.005893666850170119,0.00012500000000000003,1.9841269841269838e-05,1.6666666666666667,6,6,1.3661408573757838
2024-09-17,-0.0009396745376357262,-0.002931000005143384,-0.0022111667373489277,-0.0007198332677944563,0.00020000000000000006,1.9841269841269838e-05,2.666666666666666,6,6,1.364857129597284
2024-09-18,-0.00034750749698824954,0.021735833414519824,0.021963499641666807,-0.00022766622714698315,0.00010000000000000002,1.9841269841269838e-05,1.3333333333333333,6,6,1.3643828315124311
2024-09-19,0.006973158886684253,0.001454666800176104,-0.005713333356349418,0.0071680001565255225,0.00017500000000000003,1.9841269841269838e-05,2.3333333333333335,6,6,1.3738968897788313
2024-09-20,0.011724825467849297,0.0132961665901045,0.0013514998524139326,0.011944666737690568,0.00020000000000000006,1.9841269841269838e-05,2.666666666666666,6,6,1.390005591022309
2024-09-23,0.006441991966276887,0.009742666656772295,0.0031558334206541376,0.006586833236118157,0.00012500000000000003,1.9841269841269838e-05,1.6666666666666667,6,6,1.3989599958727545
2024-09-24,0.012837325213862109,0.007202333140109355,-0.005879833343594024,0.013082166483703379,0.00022500000000000008,1.9841269841269838e-05,2.999999999999999,6,6,1.4169189003009561
2024-09-25,0.007831325086110107,0.007527999735126893,-0.000348166620824486,0.00787616635595138,2.4999999999999998e-05,1.9841269841269838e-05,0.3333333333333333,6,6,1.4280152528298666
2024-09-26,-0.012567008364395633,-0.005018333671614528,0.007428833422939837,-0.012447167094554365,0.00010000000000000002,1.9841269841269838e-05,1.3333333333333333,6,6,1.4100693732030691
2024-09-27,-0.008998507983364637,-0.0025216666981577873,0.006357000015365581,-0.00887866671352337,0.00010000000000000002,1.9841269841269838e-05,1.3333333333333333,6,6,1.3973808526912033
2024-09-30,-0.018370007872095494,-0.013885333513220152,0.004339833089034074,-0.018225166602254227,0.00012500000000000003,1.9841269841269838e-05,1.6666666666666667,6,6,1.3717109554269502
2024-10-01,-0.017275507659188633,-0.015091832998829583,0.002063833390517781,-0.017155666389347363,0.00010000000000000002,1.9841269841269838e-05,1.3333333333333333,6,6,1.348013952310279
2024-10-02,0.0049041591527687,0.001159833744168282,-0.003914166678441688,0.00507400042260997,0.00015000000000000004,1.9841269841269838e-05,2.0,6,6,1.3546248272725614
2024-10-03,0.02778515865287137,0.025037833373062313,-0.002767166549650331,0.027804999922712643,0.0,1.9841269841269838e-05,0.0,6,6,1.3922632930134482
2024-10-04,0.010314325531266466,0.0005266668595140796,-0.009932499941593656,0.010459166801107736,0.00012500000000000003,1.9841269841269838e-05,1.6666666666666667,6,6,1.4066235498428221
2024-10-07,0.009841325785868636,0.016445833665784445,0.00645966661007454,0.009986167055709906,0.00012500000000000003,1.9841269841269838e-05,1.6666666666666667,6,6,1.4204665904549005
2024-10-08,-0.002866007666913645,0.007446666907829543,0.010142833304901917,-0.002696166397072374,0.00015000000000000004,1.9841269841269838e-05,2.0,6,6,1.416395522316062
2024-10-09,-0.007719174516483373,-0.01004866671670849,-0.0024743334700663886,-0.007574333246642102,0.00012500000000000003,1.9841269841269838e-05,1.6666666666666667,6,6,1.4054621180949387
2024-10-10,-0.006653341068547689,-0.009585499841098983,-0.0031270000423925613,-0.006458499798706422,0.00017500000000000005,1.9841269841269838e-05,2.333333333333333,6,6,1.3961110992643297
2024-10-11,-0.008571341322481796,-0.0017866666894406076,0.0066398333631999176,-0.008426500052640526,0.00012500000000000003,1.9841269841269838e-05,1.6666666666666667,6,6,1.3841445545084299
2024-10-14,-0.016264841177907313,-0.018546166674544413,-0.002426166766478369,-0.016119999908066042,0.00012500000000000003,1.9841269841269838e-05,1.6666666666666667,6,6,1.361631663162085
2024-10-15,0.0021219921566826834,0.009517166550115993,0.0072753331235920395,0.0022418334265239537,0.00010000000000000002,1.9841269841269838e-05,1.3333333333333333,6,6,1.3645210348716057
2024-10-16,0.00700982515108476,0.0046143330303796875,-0.0025403333905463414,0.007154666420926029,0.00012500000000000003,1.9841269841269838e-05,1.6666666666666667,6,6,1.3740860887410329
2024-10-17,0.013807659372979304,0.018538333950952317,0.004585833308131744,0.013952500642820574,0.00012500000000000003,1.9841269841269838e-05,1.6666666666666667,6,6,1.3930590014035185
2024-10-18,0.014988158494401868,0.00551600000471808,-0.00969199975952506,0.01520799976424314,0.00020000000000000006,1.9841269841269838e-05,2.666666666666666,6,6,1.4139383905086076
2024-10-21,-0.007715008072697721,-0.00593866680477125,0.0016814999980852008,-0.007620166802856451,7.500000000000001e-05,1.9841269841269838e-05,0.9999999999999999,6,6,1.4030298444115363
2024-10-22,-0.020986174551338433,-0.02058933349326253,0.00022699978823463064,-0.02081633328149716,0.00015000000000000004,1.9841269841269838e-05,2.0,6,6,1.3735856151959787
2024-10-23,-0.0064933412011315495,-0.005004666629247367,0.0012938333020429125,-0.00629849993129028,0.00017500000000000005,1.9841269841269838e-05,2.333333333333333,6,6,1.364666455127545
2024-10-24,0.0061599923242940495,0.004235666943714023,-0.0021191666504212967,0.00635483359413532,0.00017500000000000005,1.9841269841269838e-05,2.333333333333333,6,6,1.3730727900163522
2024-10-25,-0.014126007675925742,-0.011532333116823185,0.002423833289261286,-0.01395616640608447,0.00015000000000000004,1.9841269841269838e-05,2.0,6,6,1.3536767532449765
2024-10-28,0.00800365876995973,0.0024858335188279543,-0.0056376665209730455,0.008123500039801,0.00010000000000000002,1.9841269841269838e-05,1.3333333333333333,6,6,1.3645111200627762
2024-10-29,-0.020229341346152598,-0.018503499954628445,0.0016060001216828823,-0.020109500076311328,0.00010000000000000002,1.9841269841269838e-05,1.3333333333333333,6,6,1.3369079588444053
2024-10-30,-0.020346174602648096,-0.027340666740201414,-0.007139333407394588,-0.020201333332806826,0.00012500000000000003,1.9841269841269838e-05,1.6666666666666667,6,6,1.3097069960860872
2024-10-31,-0.00766100780832256,-0.004289333262325575,0.003201833276155715,-0.0074911665384812896,0.00015000000000000004,1.9841269841269838e-05,2.0,6,6,1.2996733205624569
2024-11-01,-0.012493341574665633,-0.008802833423639337,0.003470666881185025,-0.012273500304824362,0.00020000000000000006,1.9841269841269838e-05,2.666666666666666,6,6,1.2834360578331903
2024-11-04,0.0026769919395417206,0.012654999930722017,0.009858166721339027,0.0027968332093829904,0.00010000000000000002,1.9841269841269838e-05,1.3333333333333333,6,6,1.2868718058149269
2024-11-05,0.004612660293448866,0.024702834498990953,0.01994533293570081,0.004757501563290141,0.00012500000000000003,1.9841269841269838e-05,1.6666666666666667,6,6,1.2928077082963683
2024-11-06,0.022032492094634364,0.023061666831684608,0.0008593334672089743,0.022202333364475635,0.00015000000000000004,1.9841269841269838e-05,2.0,6,6,1.3212914839092904
2024-11-07,-0.010400007798261793,0.013674333584882941,0.02382950011330346,-0.01015516652842052,0.00022500000000000008,1.9841269841269838e-05,2.999999999999999,6,6,1.307550042172857
2024-11-08,-0.0426161743311241,-0.03354566583099464,0.008900667230288185,-0.04244633306128283,0.00015000000000000004,1.9841269841269838e-05,2.0,6,6,1.2518272616289499
2024-11-11,-0.014589841640433148,-0.018279500150432188,-0.0038594997798403093,-0.014420000370591879,0.00015000000000000004,1.9841269841269838e-05,2.0,6,6,1.2335633001206063
2024-11-12,0.0013994922916530563,-0.00150016657426022,-0.0030195001357545452,0.0015193335614943253,0.00010000000000000002,1.9841269841269838e-05,1.3333333333333333,6,6,1.2352896624503913
2024-11-13,0.015450659219762458,-0.005922166572418064,-0.021542667062021792,0.015620500489603728,0.00015000000000000004,1.9841269841269838e-05,2.0,6,6,1.2543757020626078
2024-11-14,-0.013035507922808805,-0.023362000162402786,-0.010521333509435255,-0.012840666652967531,0.00017500000000000003,1.9841269841269838e-05,2.3333333333333335,6,6,1.2380242776601917
2024-11-15,0.0051758256979257105,0.011602166884889204,0.0062064999171222235,0.005395666967766981,0.00020000000000000006,1.9841269841269838e-05,2.666666666666666,6,6,1.2444320755311613
2024-11-18,0.01205099180597749,0.00573916657352432,-0.006506666502294441,0.01224583307581876,0.00017500000000000005,1.9841269841269838e-05,2.333333333333333,6,6,1.2594287162764828
2024-11-19,0.010540492207802357,0.007811000143798688,-0.0028743333338449397,0.010685333477643628,0.00012500000000000003,1.9841269841269838e-05,1.6666666666666667,6,6,1.2727037148466775
2024-11-20,-0.010000674743130654,-0.0018415001201598589,0.008039333353129525,-0.009880833473289384,0.00010000000000000002,1.9841269841269838e-05,1.3333333333333333,6,6,1.2599758189501218
2024-11-21,0.016711992191923927,0.017272500127243497,0.00044066666547829913,0.016831833461765196,0.00010000000000000002,1.9841269841269838e-05,1.3333333333333333,6,6,1.2810325249984291
2024-11-22,-0.00634817465744277,0.0008823332512595996,0.007110666638861099,-0.0062283333876014995,0.00010000000000000002,1.9841269841269838e-05,1.3333333333333333,6,6,1.2729003067878741
2024-11-25,0.00015499224743199857,-5.1499732459584294e-05,-0.0003763332497328519,0.0003248335172732676,0.00015000000000000004,1.9841269841269838e-05,2.0,6,6,1.27309759646718
2024-11-26,0.005824992216872201,-0.0001454998273402448,-0.006240333314053714,0.006094833486713469,0.00025000000000000006,1.9841269841269838e-05,3.333333333333332,6,6,1.28051338005792
2024-11-27,0.008269825091287639,0.012000666455908988,0.0035110000947800772,0.008489666361128911,0.00020000000000000006,1.9841269841269838e-05,2.666666666666666,6,6,1.2911030017380525
2024-11-29,0.0011141586991773535,0.001358500070637092,7.450010161846876e-05,0.0012839999690186232,0.00015000000000000004,1.9841269841269838e-05,2.0,6,6,1.292541495378973
2024-12-02,0.004001992149056316,0.0028399999318935443,-0.0014318334870040412,0.004271833418897586,0.00025000000000000006,1.9841269841269838e-05,3.333333333333332,6,6,1.2977142362958092
2024-12-03,0.006948825649452388,0.01031933354533976,0.0032256666260461015,0.007093666919293658,0.00012500000000000003,1.9841269841269838e-05,1.6666666666666667,6,6,1.306731826266641
2024-12-04,-0.01739834104501938,-0.009617500036256388,0.0076609997389217215,-0.01727849977517811,0.00010000000000000002,1.9841269841269838e-05,1.3333333333333333,6,6,1.283996860298873
2024-12-05,0.0014174920078958305,-0.0034549999206016455,-0.005017333198338746,0.0015623332777371006,0.00012500000000000003,1.9841269841269838e-05,1.6666666666666667,6,6,1.2858169155865098
2024-12-06,0.017993658843695644,0.001691500035425027,-0.016522000078111887,0.018213500113536913,0.00020000000000000006,1.9841269841269838e-05,2.666666666666666,6,6,1.3089534665010265
2024-12-09,0.011494492242202932,0.0023770000358733037,-0.009212333476170897,0.0115893335120442,7.500000000000001e-05,1.9841269841269838e-05,0.9999999999999999,6,6,1.323999221967127
2024-12-10,0.0010353256095792095,-0.001535666543835153,-0.0027408334232556326,0.0012051668794204797,0.00015000000000000004,1.9841269841269838e-05,2.0,6,6,1.3253699922686926
2024-12-11,-0.020832506594499426,-0.029917498740057148,-0.009229833415398995,-0.020687665324658155,0.00012500000000000003,1.9841269841269838e-05,1.6666666666666667,6,6,1.2977592131646034
2024-12-12,0.04171815803631223,0.03646716593842332,-0.005370833367730181,0.0418379993061535,0.00010000000000000002,1.9841269841269838e-05,1.3333333333333333,6,6,1.3518993371124846
2024-12-13,0.011802825183915122,0.01124899983794118,-0.0006736666158152129,0.011922666453756394,0.00010000000000000002,1.9841269841269838e-05,1.3333333333333333,6,6,1.3678555686546738
2024-12-16,-0.005341674627147389,-0.009193666782569682,-0.003971833425263564,-0.005221833357306118,0.00010000000000000002,1.9841269841269838e-05,1.3333333333333333,6,6,1.3605489292699888
2024-12-17,0.015749492096463362,-0.020959499912957348,-0.036853833279261984,0.015894333366304636,0.00012500000000000003,1.9841269841269838e-05,1.6666666666666667,6,6,1.3819768838783781
2024-12-18,0.008976325471207336,0.003334166792531808,-0.005786999948516799,0.009121166741048608,0.00012500000000000003,1.9841269841269838e-05,1.6666666666666667,6,6,1.3943819581817554
2024-12-19,-0.0018980081541182857,0.004699666576925665,0.006427833461202681,-0.001728166884277016,0.00015000000000000004,1.9841269841269838e-05,2.0,6,6,1.3917354098551709
2024-12-20,0.01446049199839758,0.014570166570289679,-6.0166697949171066e-05,0.01463033326823885,0.00015000000000000004,1.9841269841269838e-05,2.0,6,6,1.411860588613268
2024-12-23,0.01553965871993467,0.02361200005786183,0.007877500068085888,0.01573449998977594,0.00017500000000000005,1.9841269841269838e-05,2.333333333333333,6,6,1.4338004203204442
2024-12-24,-0.0027416744479473445,-0.0005249999230727552,0.002021833255033319,-0.0025468331781060742,0.00017500000000000005,1.9841269841269838e-05,2.333333333333333,6,6,1.4298694063445954
2024-12-26,-0.00236134159332437,-0.01225700002396479,-0.010015499700481692,-0.0022415003234830984,0.00010000000000000002,1.9841269841269838e-05,1.3333333333333333,6,6,1.4264929962423718
2024-12-27,-0.00010734110803949402,-0.012968333127597967,-0.013055833289399743,8.750016180177587e-05,0.00017500000000000005,1.9841269841269838e-05,2.333333333333333,6,6,1.4263398749035445
2024-12-30,-0.010476841075069434,-0.007855333193826178,0.0024516666114019854,-0.010306999805228163,0.00015000000000000004,1.9841269841269838e-05,2.0,6,6,1.4113963387151458
